url_length,domain_length,path_length,num_subdomains,num_dots,num_digits,num_special_chars,has_ip_address,suspicious_keyword_count,url_entropy,uses_https,encoded_char_count,redirect_marker_count,has_redirection_pattern,domain_age_days,token_count,suspicious_token_ratio,longest_token_length,unique_token_ratio,label
45,14,24,0,1,0,7,0,0,4.169987686210474,0,0,0,0,0,6,0.0,10,1.0,0
37,10,0,0,1,3,9,0,0,4.344588500764087,0,0,0,0,0,8,0.0,6,1.0,0
48,11,10,0,1,2,11,0,0,4.371115365169273,1,0,0,0,0,10,0.0,7,1.0,0
40,25,8,0,1,2,7,0,2,4.096439344671015,0,0,0,0,0,6,0.3333333333333333,9,1.0,1
80,32,5,0,1,1,15,0,3,4.4535556307645345,0,1,1,1,0,13,0.23076923076923078,9,0.9230769230769231,1
42,10,5,0,1,2,10,0,0,4.386015934528989,1,0,0,0,0,9,0.0,6,1.0,0
52,36,8,2,3,0,9,0,3,4.2287219294299225,1,0,0,0,0,8,0.375,7,1.0,1
42,14,0,0,1,3,9,0,0,4.528873077386132,1,0,0,0,0,8,0.0,10,1.0,0
54,38,8,2,3,0,9,0,4,4.21796678994697,1,0,0,0,0,8,0.5,9,1.0,1
26,10,8,0,1,0,5,0,1,3.796217602590055,1,0,0,0,0,4,0.0,7,1.0,0
95,38,8,0,1,1,15,0,3,4.470580354710772,1,1,1,1,0,13,0.23076923076923078,8,1.0,1
91,37,8,0,1,1,15,0,4,4.35615524050083,0,1,1,1,0,13,0.3076923076923077,8,0.9230769230769231,1
46,11,8,0,1,3,10,0,1,4.49564429268431,0,0,0,0,0,9,0.0,7,1.0,0
26,10,8,0,1,0,5,0,0,3.902174814211728,1,0,0,0,0,4,0.0,7,1.0,0
44,29,7,0,1,2,7,0,2,4.680689288944333,1,0,0,0,0,6,0.3333333333333333,8,1.0,1
35,10,17,0,1,0,6,0,1,3.7830140032660013,1,0,0,0,0,5,0.0,8,1.0,0
57,13,7,2,3,11,13,1,1,4.433378522844338,0,1,1,1,0,11,0.09090909090909091,8,1.0,1
41,26,8,0,1,2,7,0,2,4.363530358223853,0,0,0,0,0,6,0.3333333333333333,8,1.0,1
57,14,8,2,3,12,13,1,0,4.467926423387795,0,1,1,1,0,11,0.0,7,1.0,1
83,33,7,0,1,1,15,0,3,4.330366595841312,0,1,1,1,0,13,0.3076923076923077,8,0.8461538461538461,1
50,14,5,2,3,12,13,1,0,4.168833991324551,0,1,1,1,0,11,0.0,5,1.0,1
60,15,7,2,3,13,13,1,1,4.547360091144753,0,1,1,1,0,11,0.09090909090909091,8,1.0,1
41,26,7,0,1,2,7,0,2,4.287447053863761,1,0,0,0,0,6,0.3333333333333333,7,1.0,1
51,11,16,0,1,2,10,0,1,4.313911371086315,1,0,0,0,0,9,0.0,7,1.0,0
50,11,11,0,1,3,11,0,0,4.383465189601646,1,0,0,0,0,10,0.0,7,1.0,0
47,10,13,0,1,2,10,0,0,4.442574755794864,1,0,0,0,0,9,0.0,7,1.0,0
47,10,9,0,1,3,10,0,0,4.5381114578304595,1,0,0,0,0,9,0.0,8,1.0,0
35,10,0,0,1,3,8,0,0,4.25057194545458,1,0,0,0,0,7,0.0,6,1.0,0
90,35,7,2,3,1,16,0,4,4.074950043309211,0,1,1,1,0,14,0.35714285714285715,8,0.8571428571428571,1
55,14,14,0,1,2,11,0,0,4.544285167755427,1,0,0,0,0,10,0.0,10,1.0,0
49,11,14,0,1,3,10,0,0,4.558088670425059,0,0,0,0,0,9,0.0,8,1.0,0
46,33,5,0,1,0,8,0,2,4.189125478116704,1,0,0,0,0,7,0.2857142857142857,8,1.0,1
36,13,15,0,1,0,7,0,0,3.951194363083222,1,0,0,0,0,6,0.0,9,0.8333333333333334,0
56,11,8,2,3,9,13,1,0,4.718328827144265,0,1,1,1,0,11,0.0,8,1.0,1
21,14,0,0,1,0,4,0,0,3.916126946588283,0,0,0,0,0,3,0.0,10,1.0,0
89,36,8,0,1,1,15,0,2,4.308119536204835,0,1,1,1,0,13,0.15384615384615385,9,0.6923076923076923,1
47,10,13,0,1,3,10,0,0,4.392265649909751,0,0,0,0,0,9,0.0,7,1.0,0
92,38,7,2,3,1,16,0,3,4.4130373313227045,0,1,1,1,0,14,0.2857142857142857,9,0.8571428571428571,1
76,28,8,0,1,3,14,0,2,4.5925784941188885,1,1,1,1,0,12,0.25,8,0.9166666666666666,1
39,14,0,0,1,3,8,0,0,4.50938523151634,1,0,0,0,0,7,0.0,10,1.0,0
56,10,19,0,1,3,12,0,0,4.472907494321881,0,0,0,0,0,11,0.0,8,1.0,0
55,12,7,2,3,10,13,1,1,4.468881662993375,0,1,1,1,0,11,0.09090909090909091,8,1.0,1
55,14,8,2,3,12,13,1,0,4.364923644043811,0,1,1,1,0,11,0.0,7,1.0,1
43,11,5,0,1,3,10,0,0,4.379298475431077,0,0,0,0,0,9,0.0,7,1.0,0
61,14,8,2,3,12,13,1,1,4.474277220043181,0,1,1,1,0,11,0.09090909090909091,8,1.0,1
86,38,5,2,3,1,16,0,3,4.367710086191199,0,1,1,1,0,14,0.21428571428571427,7,0.7857142857142857,1
98,41,7,2,3,1,16,0,4,4.338332379173048,1,1,1,1,0,14,0.35714285714285715,9,0.9285714285714286,1
33,10,0,0,1,1,8,0,0,4.331976694984911,1,0,0,0,0,7,0.0,6,1.0,0
58,14,8,2,3,12,13,1,1,4.403262234859557,0,1,1,1,0,11,0.09090909090909091,8,1.0,1
43,7,8,0,1,3,10,0,0,4.3213862662293785,1,0,0,0,0,9,0.0,7,1.0,0
57,14,7,2,3,12,13,1,1,4.474554204780527,0,1,1,1,0,11,0.09090909090909091,9,1.0,1
84,36,7,2,3,1,16,0,3,4.372064200344003,1,1,1,1,0,14,0.2857142857142857,7,0.8571428571428571,1
59,14,7,2,3,12,13,1,1,4.391855531929343,0,1,1,1,0,11,0.09090909090909091,8,1.0,1
46,7,13,0,1,2,11,0,0,4.474330162437656,0,0,0,0,0,10,0.0,7,1.0,0
47,14,8,0,1,3,9,0,0,4.410451883362375,1,0,0,0,0,8,0.0,10,1.0,0
46,7,14,0,1,3,10,0,1,4.3873736406985255,1,0,0,0,0,9,0.0,7,1.0,0
36,11,17,0,1,0,6,0,1,4.0514621540398,1,0,0,0,0,5,0.0,8,1.0,0
63,14,21,0,1,3,12,0,1,4.46785795636022,1,0,0,0,0,11,0.0,10,0.9090909090909091,0
90,39,8,2,3,1,16,0,4,4.364231262208076,0,1,1,1,0,14,0.35714285714285715,8,0.8571428571428571,1
55,14,7,2,3,12,13,1,1,4.438511088004003,0,1,1,1,0,11,0.09090909090909091,8,1.0,1
52,11,16,0,1,3,10,0,0,4.36104086253062,1,0,0,0,0,9,0.0,7,1.0,0
85,37,7,2,3,1,16,0,4,4.279504305693449,0,1,1,1,0,14,0.35714285714285715,7,0.7142857142857143,1
78,34,5,0,1,1,15,0,3,4.329548456416764,0,1,1,1,0,13,0.23076923076923078,9,0.9230769230769231,1
52,36,8,2,3,0,9,0,3,4.144788699110686,1,0,0,0,0,8,0.375,8,1.0,1
50,13,13,0,1,3,10,0,0,4.376174630069642,0,0,0,0,0,9,0.0,9,1.0,0
51,7,17,0,1,3,11,0,0,4.452056107510174,0,0,0,0,0,10,0.0,8,1.0,0
47,9,10,0,1,3,10,0,0,4.493433469104719,1,0,0,0,0,9,0.0,9,1.0,0
59,15,7,2,3,13,13,1,1,4.381956252686886,0,1,1,1,0,11,0.09090909090909091,8,1.0,1
30,7,16,0,1,0,6,0,0,3.789898095464287,0,0,0,0,0,5,0.0,7,1.0,0
45,31,7,0,1,0,8,0,3,4.271989696561205,0,0,0,0,0,7,0.5714285714285714,7,0.8571428571428571,1
57,11,18,0,1,3,12,0,1,4.464922146602686,1,0,0,0,0,11,0.0,7,1.0,0
53,14,7,2,3,12,13,1,1,4.738902979727638,0,1,1,1,0,11,0.09090909090909091,6,1.0,1
46,14,24,0,1,0,7,0,0,4.178468412993378,1,0,0,0,0,6,0.0,10,1.0,0
47,10,13,0,1,2,10,0,1,4.35746837281614,1,0,0,0,0,9,0.0,7,1.0,0
31,10,13,0,1,0,6,0,0,4.026619294188054,1,0,0,0,0,5,0.0,7,1.0,0
55,11,19,0,1,3,10,0,0,4.519831022883674,1,0,0,0,0,9,0.0,9,1.0,0
45,10,8,0,1,2,10,0,0,4.438873585546248,1,0,0,0,0,9,0.0,7,1.0,0
55,14,8,2,3,12,13,1,0,4.483124823411555,0,1,1,1,0,11,0.0,7,1.0,1
57,14,15,0,1,3,11,0,0,4.630621154287883,1,0,0,0,0,10,0.0,10,1.0,0
39,23,8,0,1,2,7,0,3,4.252974975106084,1,0,0,0,0,6,0.5,7,1.0,1
42,27,8,0,1,2,7,0,2,4.415661470191764,0,0,0,0,0,6,0.3333333333333333,9,1.0,1
48,9,14,0,1,3,10,0,0,4.373734053066623,1,0,0,0,0,9,0.0,8,1.0,0
86,37,7,2,3,1,16,0,3,4.594582531222873,1,1,1,1,0,14,0.21428571428571427,8,0.9285714285714286,1
40,11,21,0,1,0,7,0,1,3.9037016960573467,1,0,0,0,0,6,0.0,7,1.0,0
43,13,5,0,1,3,9,0,0,4.3906990567258,1,0,0,0,0,8,0.0,9,1.0,0
77,28,5,0,1,3,14,0,1,4.550122434002888,1,1,1,1,0,12,0.08333333333333333,9,0.9166666666666666,1
48,10,10,0,1,3,10,0,0,4.605388542207536,1,0,0,0,0,9,0.0,9,1.0,0
88,39,5,0,1,1,15,0,3,4.413662838285337,1,1,1,1,0,13,0.23076923076923078,9,1.0,1
76,23,8,0,1,3,14,0,3,4.364811562061141,0,1,1,1,0,12,0.25,8,0.9166666666666666,1
59,13,7,2,3,11,13,1,1,4.4620309705258325,0,1,1,1,0,11,0.09090909090909091,8,1.0,1
28,10,10,0,1,0,5,0,0,3.869331261111518,1,0,0,0,0,4,0.0,9,1.0,0
89,39,8,2,3,1,16,0,3,4.460738549112038,1,1,1,1,0,14,0.21428571428571427,9,1.0,1
41,28,5,0,1,2,7,0,1,4.41231084602873,1,0,0,0,0,6,0.16666666666666666,8,1.0,1
52,37,8,0,1,0,8,0,2,4.256332334875691,0,0,0,0,0,7,0.42857142857142855,9,0.8571428571428571,1
39,14,18,0,1,0,6,0,0,4.111698692943855,0,0,0,0,0,5,0.0,10,1.0,0
91,37,8,0,1,1,15,0,3,4.362213039724876,1,1,1,1,0,13,0.3076923076923077,9,0.9230769230769231,1
60,13,7,2,3,11,13,1,1,4.534344789383314,0,1,1,1,0,11,0.09090909090909091,9,1.0,1
39,7,5,0,1,3,10,0,0,4.458103180234289,0,0,0,0,0,9,0.0,4,1.0,0
49,34,8,0,1,0,8,0,3,4.381982742198717,0,0,0,0,0,7,0.42857142857142855,8,1.0,1
80,29,8,0,1,3,14,0,3,4.52017349438722,0,1,1,1,0,12,0.25,9,0.9166666666666666,1
57,13,7,2,3,11,13,1,1,4.445288014336222,0,1,1,1,0,11,0.09090909090909091,8,1.0,1
31,10,13,0,1,0,6,0,0,3.7843684875968617,1,0,0,0,0,5,0.0,7,1.0,0
79,28,8,0,1,3,14,0,2,4.268246651743317,0,1,1,1,0,12,0.16666666666666666,9,0.8333333333333334,1
51,36,8,2,3,0,9,0,3,4.255977676137625,0,0,0,0,0,8,0.375,8,1.0,1
47,32,8,0,1,0,8,0,3,4.229808798348054,0,0,0,0,0,7,0.42857142857142855,7,1.0,1
43,10,5,0,1,3,10,0,0,4.547789463752856,1,0,0,0,0,9,0.0,6,1.0,0
29,11,10,0,1,0,6,0,0,3.7193758224153695,1,0,0,0,0,5,0.0,7,0.8,0
26,13,5,0,1,0,5,0,0,4.026986833359286,1,0,0,0,0,4,0.0,9,1.0,0
90,41,8,2,3,1,16,0,4,4.588019085325913,1,1,1,1,0,14,0.2857142857142857,9,1.0,1
43,28,8,0,1,2,7,0,2,4.47232173124503,0,0,0,0,0,6,0.3333333333333333,9,1.0,1
38,10,0,0,1,3,9,0,0,4.43858836864981,1,0,0,0,0,8,0.0,6,1.0,0
59,14,8,2,3,12,13,1,0,4.42983442730444,0,1,1,1,0,11,0.0,8,1.0,1
52,37,7,2,3,0,9,0,4,4.173514902443829,1,0,0,0,0,8,0.5,9,1.0,1
36,10,19,0,1,0,6,0,0,3.9302252658009036,0,0,0,0,0,5,0.0,9,1.0,0
28,10,10,0,1,0,6,0,0,3.994680368408909,1,0,0,0,0,5,0.0,6,1.0,0
34,10,16,0,1,0,6,0,1,3.7748395917476723,1,0,0,0,0,5,0.0,7,1.0,0
27,12,8,0,1,0,5,0,0,3.7821222241453065,0,0,0,0,0,4,0.0,8,1.0,0
58,13,18,0,1,3,11,0,0,4.592738271243879,0,0,0,0,0,10,0.0,9,1.0,0
57,14,7,2,3,12,13,1,1,4.5317405143755565,0,1,1,1,0,11,0.09090909090909091,8,1.0,1
51,10,13,0,1,3,11,0,0,4.4315584299098445,1,0,0,0,0,10,0.0,7,1.0,0
56,10,18,0,1,3,11,0,0,4.530394654123196,1,0,0,0,0,10,0.0,8,0.9,0
77,26,7,0,1,3,14,0,3,4.4406435713164845,1,1,1,1,0,12,0.25,8,1.0,1
50,9,16,0,1,3,10,0,0,4.332180011265246,1,0,0,0,0,9,0.0,7,1.0,0
88,38,8,2,3,1,16,0,4,4.454662286128406,1,1,1,1,0,14,0.2857142857142857,9,1.0,1
58,14,5,2,3,12,13,1,0,4.49692495803521,0,1,1,1,0,11,0.0,8,1.0,1
82,37,7,2,3,1,16,0,4,4.417930907952339,0,1,1,1,0,14,0.2857142857142857,8,0.9285714285714286,1
35,11,16,0,1,0,6,0,0,3.861725074756386,1,0,0,0,0,5,0.0,9,1.0,0
78,30,5,0,1,1,15,0,4,4.32746373741462,0,1,1,1,0,13,0.3076923076923077,8,0.8461538461538461,1
17,10,0,0,1,0,4,0,0,3.6168746059562227,0,0,0,0,0,3,0.0,6,1.0,0
72,24,8,0,1,3,14,0,3,4.414209981969091,0,1,1,1,0,12,0.25,8,0.9166666666666666,1
43,11,24,0,1,0,7,0,0,3.7605518964360436,1,0,0,0,0,6,0.0,9,1.0,0
37,9,0,0,1,3,9,0,0,4.3986425548181405,1,0,0,0,0,8,0.0,6,1.0,0
28,10,10,0,1,0,6,0,0,3.7264741182543757,1,0,0,0,0,5,0.0,6,0.8,0
80,34,7,0,1,1,15,0,5,4.404090367303975,0,1,1,1,0,13,0.38461538461538464,9,0.9230769230769231,1
39,10,22,0,1,0,7,0,0,3.9720873227372833,0,0,0,0,0,6,0.0,8,1.0,0
58,14,16,0,1,3,11,0,1,4.459370383424749,1,0,0,0,0,10,0.0,10,1.0,0
82,32,7,0,1,3,14,0,3,4.5090178639248775,0,1,1,1,0,12,0.25,9,0.9166666666666666,1
88,34,7,0,1,1,15,0,4,4.382335837711367,0,1,1,1,0,13,0.3076923076923077,9,0.8461538461538461,1
54,40,7,2,3,0,9,0,3,4.242873789353385,0,0,0,0,0,8,0.5,9,0.875,1
53,37,8,0,1,0,8,0,2,4.101867445744632,1,0,0,0,0,7,0.2857142857142857,9,0.8571428571428571,1
27,11,8,0,1,0,5,0,0,3.958229168669879,1,0,0,0,0,4,0.0,7,1.0,0
73,27,8,0,1,3,14,0,3,4.5453329927689765,1,1,1,1,0,12,0.25,8,1.0,1
33,11,14,0,1,0,6,0,0,3.9683403313485464,1,0,0,0,0,5,0.0,7,1.0,0
56,15,7,2,3,13,13,1,1,4.5422218826196925,0,1,1,1,0,11,0.09090909090909091,8,1.0,1
89,39,8,2,3,1,16,0,3,4.514349174249163,0,1,1,1,0,14,0.2857142857142857,9,0.8571428571428571,1
47,32,8,0,1,0,8,0,4,4.394390447146131,0,0,0,0,0,7,0.5714285714285714,7,1.0,1
35,11,16,0,1,0,6,0,1,3.9432894453927667,1,0,0,0,0,5,0.0,7,1.0,0
80,33,5,0,1,1,15,0,4,4.408227341619793,0,1,1,1,0,13,0.3076923076923077,8,0.9230769230769231,1
42,14,21,0,1,0,7,0,1,3.908062745930251,0,0,0,0,0,6,0.0,10,1.0,0
47,10,9,0,1,3,10,0,0,4.453005074851737,1,0,0,0,0,9,0.0,8,1.0,0
80,28,8,0,1,3,14,0,1,4.388540078116077,1,1,1,1,0,12,0.08333333333333333,8,0.9166666666666666,1
50,35,8,2,3,0,9,0,3,4.161076880026371,0,0,0,0,0,8,0.375,7,1.0,1
44,10,6,0,1,3,10,0,0,4.481714572986072,1,0,0,0,0,9,0.0,6,1.0,0
47,32,8,0,1,0,8,0,3,4.317589585987901,0,0,0,0,0,7,0.42857142857142855,7,1.0,1
81,37,5,2,3,1,16,0,3,4.4413417108719315,0,1,1,1,0,14,0.21428571428571427,9,0.8571428571428571,1
16,9,0,0,1,0,4,0,0,3.452819531114783,0,0,0,0,0,3,0.0,5,1.0,0
44,11,8,0,1,3,9,0,0,4.390805482076982,1,0,0,0,0,8,0.0,7,1.0,0
86,35,8,2,3,1,16,0,3,4.50755819712636,0,1,1,1,0,14,0.21428571428571427,8,0.9285714285714286,1
87,34,8,2,3,1,16,0,4,4.311132525596735,1,1,1,1,0,14,0.2857142857142857,8,1.0,1
43,10,8,0,1,3,9,0,0,4.315231324217973,1,0,0,0,0,8,0.0,7,1.0,0
57,14,8,2,3,12,13,1,0,4.483467386520037,0,1,1,1,0,11,0.0,7,1.0,1
54,12,7,2,3,10,13,1,1,4.496032208850886,0,1,1,1,0,11,0.09090909090909091,8,1.0,1
79,34,7,0,1,1,15,0,2,4.23569811373453,0,1,1,1,0,13,0.3076923076923077,9,0.7692307692307693,1
40,11,5,0,1,3,9,0,0,4.3653115322251015,0,0,0,0,0,8,0.0,7,1.0,0
51,11,13,0,1,3,11,0,0,4.421946175092725,0,0,0,0,0,10,0.0,7,1.0,0
85,36,5,0,1,1,15,0,3,4.48459218486589,0,1,1,1,0,13,0.23076923076923078,9,0.9230769230769231,1
82,25,8,0,1,3,14,0,3,4.412326145256007,0,1,1,1,0,12,0.25,8,0.9166666666666666,1
46,9,13,0,1,3,10,0,1,4.3794491194680845,0,0,0,0,0,9,0.0,7,1.0,0
67,22,7,0,1,3,14,0,3,4.172605393453158,0,1,1,1,0,12,0.25,8,0.9166666666666666,1
82,36,5,0,1,1,15,0,2,4.502890051478965,1,1,1,1,0,13,0.15384615384615385,9,1.0,1
52,37,8,2,3,0,9,0,3,4.125625960219347,0,0,0,0,0,8,0.5,7,0.875,1
56,13,8,2,3,11,13,1,0,4.415282012762777,0,1,1,1,0,11,0.0,8,1.0,1
39,10,22,0,1,0,7,0,0,3.942722014334036,0,0,0,0,0,6,0.0,8,1.0,0
80,33,5,0,1,1,15,0,4,4.248632713213298,0,1,1,1,0,13,0.3076923076923077,8,0.9230769230769231,1
46,10,8,0,1,3,10,0,0,4.449995043334096,1,0,0,0,0,9,0.0,7,1.0,0
88,38,8,2,3,1,16,0,3,4.3561568372678146,1,1,1,1,0,14,0.21428571428571427,9,0.9285714285714286,1
39,10,21,0,1,0,7,0,0,3.916579706419834,1,0,0,0,0,6,0.0,7,1.0,0
58,10,23,0,1,3,11,0,1,4.414039513026633,1,0,0,0,0,10,0.0,8,1.0,0
64,14,22,0,1,3,12,0,0,4.548937164990341,1,0,0,0,0,11,0.0,10,1.0,0
82,34,7,2,3,1,16,0,4,4.484017863924878,0,1,1,1,0,14,0.2857142857142857,7,0.8571428571428571,1
40,10,22,0,1,0,7,0,0,3.932332871750514,1,0,0,0,0,6,0.0,7,1.0,0
35,10,18,0,1,0,7,0,0,3.7370242754249494,0,0,0,0,0,6,0.0,7,1.0,0
35,14,13,0,1,0,6,0,0,4.022000516883152,1,0,0,0,0,5,0.0,10,1.0,0
56,11,18,0,1,2,12,0,0,4.39675280670598,1,0,0,0,0,11,0.0,7,1.0,0
54,13,8,2,3,11,13,1,0,4.585551863313455,0,1,1,1,0,11,0.0,7,1.0,1
58,14,8,2,3,12,13,1,0,4.359255209025448,0,1,1,1,0,11,0.0,9,1.0,1
47,32,8,0,1,0,8,0,3,4.293222627951164,0,0,0,0,0,7,0.42857142857142855,8,1.0,1
53,38,8,2,3,0,9,0,3,4.478131191213624,0,0,0,0,0,8,0.375,8,1.0,1
87,38,5,2,3,1,16,0,3,4.5806945780957555,0,1,1,1,0,14,0.21428571428571427,9,0.9285714285714286,1
86,36,5,2,3,1,16,0,4,4.466050013578471,0,1,1,1,0,14,0.2857142857142857,8,0.9285714285714286,1
53,38,8,2,3,0,9,0,3,4.420671161824627,0,0,0,0,0,8,0.375,8,1.0,1
48,12,28,0,1,0,7,0,0,3.978846168850305,1,0,0,0,0,6,0.0,9,0.8333333333333334,0
26,14,5,0,1,0,5,0,0,4.132944044980958,0,0,0,0,0,4,0.0,10,1.0,0
81,32,7,0,1,1,15,0,4,4.512439377071141,1,1,1,1,0,13,0.38461538461538464,9,0.9230769230769231,1
74,26,7,0,1,3,14,0,2,4.60737648110873,0,1,1,1,0,12,0.25,7,0.8333333333333334,1
69,23,8,0,1,3,14,0,2,4.328721608459144,0,1,1,1,0,12,0.16666666666666666,8,0.8333333333333334,1
57,11,18,0,1,3,12,0,0,4.420548023567934,1,0,0,0,0,11,0.0,7,1.0,0
31,9,14,0,1,0,6,0,0,4.042433003725894,1,0,0,0,0,5,0.0,8,1.0,0
45,33,5,0,1,0,8,0,3,4.129981707104246,0,0,0,0,0,7,0.42857142857142855,8,1.0,1
87,36,7,2,3,1,16,0,4,4.482444466233927,0,1,1,1,0,14,0.35714285714285715,8,0.8571428571428571,1
59,14,8,2,3,12,13,1,0,4.517210742942091,0,1,1,1,0,11,0.0,8,1.0,1
49,33,8,0,1,0,8,0,3,4.123004049629476,1,0,0,0,0,7,0.42857142857142855,7,1.0,1
48,33,8,0,1,0,8,0,3,4.27259336614426,0,0,0,0,0,7,0.42857142857142855,7,1.0,1
38,11,19,0,1,0,7,0,0,3.8629488165201455,1,0,0,0,0,6,0.0,7,1.0,0
79,33,7,0,1,1,15,0,5,4.483666736199476,1,1,1,1,0,13,0.38461538461538464,7,1.0,1
48,34,7,0,1,0,8,0,4,4.3553885422075345,0,0,0,0,0,7,0.5714285714285714,7,1.0,1
38,26,5,0,1,2,7,0,2,4.343597829848841,0,0,0,0,0,6,0.3333333333333333,8,1.0,1
80,30,7,0,1,1,15,0,3,4.514184553241465,1,1,1,1,0,13,0.3076923076923077,9,0.9230769230769231,1
30,9,13,0,1,0,6,0,0,3.640223928941852,1,0,0,0,0,5,0.0,7,1.0,0
32,11,13,0,1,0,6,0,0,3.9292292966721747,1,0,0,0,0,5,0.0,7,1.0,0
39,9,23,0,1,0,7,0,1,3.8214641693801754,0,0,0,0,0,6,0.0,8,1.0,0
41,26,8,0,1,2,7,0,2,4.161953223919208,0,0,0,0,0,6,0.3333333333333333,9,1.0,1
36,12,16,0,1,0,6,0,1,4.107017709595356,1,0,0,0,0,5,0.0,8,1.0,0
42,7,8,0,1,2,10,0,0,4.492926053473585,1,0,0,0,0,9,0.0,7,1.0,0
27,9,11,0,1,0,6,0,0,3.8841550945958057,0,0,0,0,0,5,0.0,5,1.0,0
62,14,8,2,3,12,13,1,0,4.444413829577612,0,1,1,1,0,11,0.0,9,1.0,1
55,40,8,2,3,0,9,0,4,4.208568923269788,0,0,0,0,0,8,0.5,9,1.0,1
48,14,6,0,1,3,10,0,0,4.573934896284056,1,0,0,0,0,9,0.0,10,1.0,0
42,11,23,0,1,0,7,0,0,4.032946376831121,1,0,0,0,0,6,0.0,9,1.0,0
17,9,0,0,1,0,4,0,0,3.6168746059562227,1,0,0,0,0,3,0.0,6,1.0,0
80,32,5,0,1,1,15,0,3,4.284490361435137,0,1,1,1,0,13,0.3076923076923077,8,0.8461538461538461,1
33,10,15,0,1,0,6,0,0,3.9683403313485464,1,0,0,0,0,5,0.0,9,1.0,0
35,13,15,0,1,0,6,0,0,4.171860873964196,0,0,0,0,0,5,0.0,9,1.0,0
91,39,8,2,3,1,16,0,3,4.489214545207799,1,1,1,1,0,14,0.2857142857142857,9,0.9285714285714286,1
91,39,7,0,1,1,15,0,4,4.44604288095027,0,1,1,1,0,13,0.3076923076923077,9,0.9230769230769231,1
59,43,8,2,3,0,9,0,4,4.110688177429904,1,0,0,0,0,8,0.5,8,1.0,1
50,9,13,0,1,3,11,0,0,4.343465189601647,1,0,0,0,0,10,0.0,7,1.0,0
33,11,14,0,1,0,6,0,0,4.066677073707229,1,0,0,0,0,5,0.0,7,1.0,0
33,10,16,0,1,0,6,0,0,3.7030407100708658,0,0,0,0,0,5,0.0,7,1.0,0
43,11,5,0,1,3,10,0,0,4.437210684632777,0,0,0,0,0,9,0.0,7,1.0,0
77,27,7,0,1,3,14,0,4,4.571221691098527,0,1,1,1,0,12,0.3333333333333333,9,0.9166666666666666,1
42,28,7,0,1,2,7,0,3,4.329717649371839,0,0,0,0,0,6,0.5,9,1.0,1
68,25,7,0,1,3,14,0,3,4.391706143303549,0,1,1,1,0,12,0.25,8,0.9166666666666666,1
84,37,5,2,3,1,16,0,3,4.313882493841966,0,1,1,1,0,14,0.2857142857142857,9,0.8571428571428571,1
42,10,24,0,1,0,7,0,1,4.014357827994779,1,0,0,0,0,6,0.0,7,0.8333333333333334,0
83,32,8,0,1,1,15,0,4,4.542355220244886,0,1,1,1,0,13,0.3076923076923077,9,0.8461538461538461,1
86,35,7,2,3,1,16,0,5,4.515854221078979,0,1,1,1,0,14,0.35714285714285715,8,0.9285714285714286,1
24,10,6,0,1,0,5,0,0,3.7201755214643453,1,0,0,0,0,4,0.0,6,1.0,0
51,9,14,0,1,3,11,0,0,4.351168910888083,1,0,0,0,0,10,0.0,7,0.9,0
40,9,23,0,1,0,7,0,0,3.8037016960573475,1,0,0,0,0,6,0.0,9,1.0,0
77,26,8,0,1,3,14,0,2,4.363651071172254,0,1,1,1,0,12,0.16666666666666666,8,0.8333333333333334,1
34,10,16,0,1,0,7,0,0,3.9590943713503304,1,0,0,0,0,6,0.0,6,1.0,0
42,13,21,0,1,0,7,0,0,3.9823345430436743,1,0,0,0,0,6,0.0,9,1.0,0
48,13,8,0,1,3,10,0,0,4.457067386399956,0,0,0,0,0,9,0.0,9,1.0,0
83,31,8,0,1,3,14,0,3,4.471979867285993,0,1,1,1,0,12,0.25,9,0.9166666666666666,1
32,10,14,0,1,0,6,0,0,3.890319531114783,1,0,0,0,0,5,0.0,7,1.0,0
56,12,16,0,1,3,11,0,0,4.432467092420267,1,0,0,0,0,10,0.0,8,1.0,0
85,40,7,2,3,1,16,0,3,4.466369064781726,0,1,1,1,0,14,0.21428571428571427,9,0.9285714285714286,1
39,11,0,0,1,3,9,0,0,4.50938523151634,1,0,0,0,0,8,0.0,7,1.0,0
50,9,13,0,1,3,11,0,0,4.3879764393853,1,0,0,0,0,10,0.0,7,1.0,0
34,10,16,0,1,0,6,0,0,3.9224734155316097,1,0,0,0,0,5,0.0,9,1.0,0
35,10,0,0,1,3,8,0,0,4.307714802597437,1,0,0,0,0,7,0.0,6,1.0,0
83,36,8,2,3,1,16,0,2,4.345738355073862,0,1,1,1,0,14,0.14285714285714285,7,0.8571428571428571,1
84,36,7,0,1,1,15,0,4,4.43752841442023,0,1,1,1,0,13,0.3076923076923077,8,0.9230769230769231,1
54,11,18,0,1,3,11,0,0,4.477226049206229,1,0,0,0,0,10,0.0,7,1.0,0
31,13,11,0,1,0,6,0,0,4.042433003725894,0,0,0,0,0,5,0.0,9,1.0,0
56,7,24,0,1,3,11,0,0,4.282639243749494,1,0,0,0,0,10,0.0,7,1.0,0
88,38,8,2,3,1,16,0,3,4.496584487079508,0,1,1,1,0,14,0.2857142857142857,9,0.8571428571428571,1
74,27,8,0,1,3,14,0,3,4.455133029462753,0,1,1,1,0,12,0.25,8,0.9166666666666666,1
81,34,7,0,1,1,15,0,3,4.515205039525342,0,1,1,1,0,13,0.3076923076923077,8,0.8461538461538461,1
49,37,5,0,1,0,8,0,2,4.377379426092949,0,0,0,0,0,7,0.2857142857142857,8,1.0,1
55,13,7,2,3,11,13,1,1,4.2725350223034395,0,1,1,1,0,11,0.09090909090909091,8,1.0,1
35,13,14,0,1,0,6,0,0,4.057575159678481,1,0,0,0,0,5,0.0,9,1.0,0
81,30,8,0,1,1,15,0,4,4.4382838004898275,0,1,1,1,0,13,0.3076923076923077,7,0.9230769230769231,1
55,9,21,0,1,3,11,0,0,4.375901078140154,1,0,0,0,0,10,0.0,7,1.0,0
38,11,0,0,1,3,9,0,0,4.45148902643068,0,0,0,0,0,8,0.0,7,1.0,0
34,10,16,0,1,0,6,0,1,3.8299661500102373,1,0,0,0,0,5,0.0,7,1.0,0
44,7,10,0,1,2,10,0,0,4.4645580388459924,1,0,0,0,0,9,0.0,9,1.0,0
34,11,16,0,1,0,6,0,0,3.8192447389337585,0,0,0,0,0,5,0.0,7,1.0,0
54,13,7,2,3,11,13,1,1,4.433626199277107,0,1,1,1,0,11,0.09090909090909091,7,0.9090909090909091,1
38,12,18,0,1,0,6,0,0,4.1287347499440905,1,0,0,0,0,5,0.0,9,1.0,0
42,27,8,0,1,2,7,0,3,4.189238255803026,0,0,0,0,0,6,0.5,8,1.0,1
80,34,5,0,1,1,15,0,3,4.462606507263207,1,1,1,1,0,13,0.23076923076923078,8,0.9230769230769231,1
89,34,8,0,1,1,15,0,3,4.3476902391853764,1,1,1,1,0,13,0.38461538461538464,8,0.8461538461538461,1
48,13,10,0,1,3,10,0,0,4.363521032323435,1,0,0,0,0,9,0.0,9,1.0,0
76,29,8,0,1,1,15,0,4,4.461841034109328,0,1,1,1,0,13,0.3076923076923077,7,0.8461538461538461,1
35,11,16,0,1,0,6,0,0,3.957295873840569,1,0,0,0,0,5,0.0,7,1.0,0
37,9,0,0,1,3,9,0,0,4.301084704157686,1,0,0,0,0,8,0.0,6,0.875,0
75,27,7,0,1,3,14,0,3,4.637450414599854,1,1,1,1,0,12,0.25,9,1.0,1
22,9,5,0,1,0,5,0,0,3.7887549139935026,1,0,0,0,0,4,0.0,6,1.0,0
56,14,7,2,3,12,13,1,1,4.544071243177282,0,1,1,1,0,11,0.09090909090909091,9,1.0,1
45,30,8,0,1,2,7,0,2,4.341310040533733,0,0,0,0,0,6,0.3333333333333333,7,1.0,1
31,10,13,0,1,0,6,0,0,3.897587036123537,1,0,0,0,0,5,0.0,7,1.0,0
49,14,9,0,1,2,10,0,0,4.537281527391306,0,0,0,0,0,9,0.0,10,1.0,0
31,13,10,0,1,0,5,0,0,4.195816471537619,1,0,0,0,0,4,0.0,9,1.0,0
86,37,7,2,3,1,16,0,2,4.579484911173578,1,1,1,1,0,14,0.21428571428571427,8,0.7857142857142857,1
52,9,16,0,1,3,11,0,0,4.42611928532397,0,0,0,0,0,10,0.0,9,1.0,0
54,10,16,0,1,3,11,0,0,4.351657177889074,1,0,0,0,0,10,0.0,7,1.0,0
79,33,5,0,1,1,15,0,4,4.398326879148213,0,1,1,1,0,13,0.3076923076923077,8,0.9230769230769231,1
77,28,8,0,1,3,14,0,3,4.3951781108602574,0,1,1,1,0,12,0.25,9,0.9166666666666666,1
58,11,20,0,1,2,12,0,0,4.420324478140431,1,0,0,0,0,11,0.0,9,1.0,0
37,10,0,0,1,3,9,0,0,4.371087149178847,0,0,0,0,0,8,0.0,6,1.0,0
51,37,7,2,3,0,9,0,3,4.241175960408928,0,0,0,0,0,8,0.5,6,0.875,1
56,14,5,2,3,12,13,1,0,4.409902493217346,0,1,1,1,0,11,0.0,8,1.0,1
57,15,5,2,3,13,13,1,0,4.247168069750044,0,1,1,1,0,11,0.0,8,1.0,1
39,7,24,0,1,0,7,0,1,3.7282469380109515,1,0,0,0,0,6,0.0,7,0.8333333333333334,0
82,35,5,2,3,1,16,0,4,4.433058140377307,0,1,1,1,0,14,0.2857142857142857,8,0.9285714285714286,1
30,10,13,0,1,0,6,0,0,3.8150610122030697,0,0,0,0,0,5,0.0,7,1.0,0
55,14,7,2,3,12,13,1,1,4.583973464316205,0,1,1,1,0,11,0.09090909090909091,8,1.0,1
51,37,7,2,3,0,9,0,3,4.375582881433896,0,0,0,0,0,8,0.375,7,1.0,1
38,9,21,0,1,0,7,0,0,3.9751767772172615,1,0,0,0,0,6,0.0,7,0.8333333333333334,0
54,14,8,2,3,12,13,1,1,4.443053603040051,0,1,1,1,0,11,0.09090909090909091,7,1.0,1
31,9,15,0,1,0,6,0,0,3.9292144551992183,0,0,0,0,0,5,0.0,9,1.0,0
46,34,5,2,3,0,9,0,3,4.354552444952288,0,0,0,0,0,8,0.375,6,1.0,1
20,13,0,0,1,0,4,0,0,3.7841837197791888,0,0,0,0,0,3,0.0,9,1.0,0
37,22,7,0,1,2,7,0,3,4.465945933079575,1,0,0,0,0,6,0.5,6,1.0,1
52,10,14,0,1,3,11,0,0,4.44305360304005,1,0,0,0,0,10,0.0,7,1.0,0
47,7,13,0,1,3,11,0,0,4.381835330852877,0,0,0,0,0,10,0.0,7,1.0,0
27,9,10,0,1,0,6,0,0,3.42620961398098,1,0,0,0,0,5,0.0,5,0.8,0
30,13,10,0,1,0,6,0,0,3.8980685120588383,0,0,0,0,0,5,0.0,9,0.8,0
50,12,10,0,1,3,10,0,0,4.576174630069643,1,0,0,0,0,9,0.0,9,1.0,0
25,10,8,0,1,0,5,0,0,3.7532696895151076,0,0,0,0,0,4,0.0,7,1.0,0
57,11,8,2,3,9,13,1,0,4.431562787024159,0,1,1,1,0,11,0.0,9,1.0,1
42,12,23,0,1,0,7,0,0,3.9853273292120743,0,0,0,0,0,6,0.0,9,1.0,0
31,10,13,0,1,0,6,0,0,3.8456631498513816,1,0,0,0,0,5,0.0,7,1.0,0
41,10,24,0,1,0,7,0,1,3.894767408251326,0,0,0,0,0,6,0.0,7,1.0,0
46,10,8,0,1,3,10,0,0,4.40651678246453,1,0,0,0,0,9,0.0,7,1.0,0
87,37,7,0,1,1,15,0,4,4.453994162920862,1,1,1,1,0,13,0.3076923076923077,9,0.9230769230769231,1
27,10,9,0,1,0,5,0,0,3.8561962982193805,1,0,0,0,0,4,0.0,8,1.0,0
40,10,5,0,1,3,9,0,0,4.3086949695628425,1,0,0,0,0,8,0.0,6,1.0,0
88,39,7,2,3,1,16,0,5,4.634065378313048,0,1,1,1,0,14,0.35714285714285715,8,0.9285714285714286,1
39,10,21,0,1,0,7,0,0,3.6356920540510336,1,0,0,0,0,6,0.0,7,0.8333333333333334,0
82,32,8,0,1,1,15,0,4,4.455003435497885,1,1,1,1,0,13,0.3076923076923077,8,0.9230769230769231,1
41,9,5,0,1,3,10,0,0,4.387443772646928,0,0,0,0,0,9,0.0,5,1.0,0
32,10,14,0,1,0,6,0,0,4.038909765557392,1,0,0,0,0,5,0.0,7,1.0,0
20,7,5,0,1,0,5,0,0,3.4464393446710155,1,0,0,0,0,4,0.0,5,1.0,0
31,14,10,0,1,0,5,0,0,4.058246713263735,0,0,0,0,0,4,0.0,10,1.0,0
50,35,7,2,3,0,9,0,4,4.038242691024846,1,0,0,0,0,8,0.5,7,1.0,1
74,22,7,0,1,3,14,0,4,4.425968231266782,1,1,1,1,0,12,0.3333333333333333,8,0.9166666666666666,1
34,10,16,0,1,0,6,0,0,3.8299661500102378,1,0,0,0,0,5,0.0,7,1.0,0
49,13,8,0,1,3,10,0,0,4.451045558224313,1,0,0,0,0,9,0.0,9,1.0,0
36,9,0,0,1,3,9,0,0,4.392147223664534,0,0,0,0,0,8,0.0,6,1.0,0
38,23,7,0,1,2,7,0,3,4.398857447483311,1,0,0,0,0,6,0.5,6,1.0,1
41,29,5,0,1,2,7,0,1,4.1898860782540055,0,0,0,0,0,6,0.16666666666666666,7,1.0,1
39,12,19,0,1,0,7,0,0,3.9997877191848734,1,0,0,0,0,6,0.0,8,1.0,0
61,12,21,0,1,3,12,0,0,4.592233395075269,1,0,0,0,0,11,0.0,9,1.0,0
38,14,16,0,1,0,6,0,0,4.122798894965599,1,0,0,0,0,5,0.0,10,1.0,0
45,12,5,0,1,3,10,0,0,4.4724241411979575,1,0,0,0,0,9,0.0,8,1.0,0
23,7,8,0,1,0,5,0,0,3.7622673906514943,1,0,0,0,0,4,0.0,7,1.0,0
74,26,5,0,1,3,14,0,2,4.422873529509504,1,1,1,1,0,12,0.16666666666666666,8,1.0,1
51,37,7,2,3,0,9,0,3,4.209614382478795,0,0,0,0,0,8,0.5,6,0.875,1
40,11,21,0,1,0,7,0,1,3.9512050593046006,1,0,0,0,0,6,0.0,7,1.0,0
35,10,18,0,1,0,7,0,0,3.990017217489902,0,0,0,0,0,6,0.0,7,1.0,0
44,12,24,0,1,0,7,0,0,3.9451318349306916,1,0,0,0,0,6,0.0,8,0.8333333333333334,0
33,12,13,0,1,0,6,0,0,3.9831956342477297,1,0,0,0,0,5,0.0,8,1.0,0
99,44,7,2,3,1,16,0,3,4.423885394177177,0,1,1,1,0,14,0.21428571428571427,9,0.7857142857142857,1
31,9,14,0,1,0,6,0,0,3.7843684875968617,1,0,0,0,0,5,0.0,7,1.0,0
75,28,8,0,1,3,14,0,2,4.511694511427718,0,1,1,1,0,12,0.25,9,0.8333333333333334,1
29,11,10,0,1,0,5,0,0,3.7285021157426255,1,0,0,0,0,4,0.0,9,1.0,0
62,9,28,0,1,3,11,0,0,4.4727693518068055,1,0,0,0,0,10,0.0,9,0.9,0
43,11,8,0,1,3,9,0,0,4.388376603932546,0,0,0,0,0,8,0.0,7,1.0,0
53,14,7,2,3,12,13,1,1,4.278433500210697,0,1,1,1,0,11,0.09090909090909091,6,1.0,1
32,9,0,0,1,2,8,0,0,4.077819531114783,0,0,0,0,0,7,0.0,5,1.0,0
83,34,5,2,3,1,16,0,3,4.428218028913571,0,1,1,1,0,14,0.21428571428571427,7,0.9285714285714286,1
50,36,7,0,1,0,8,0,4,4.281076880026371,0,0,0,0,0,7,0.5714285714285714,9,1.0,1
34,11,16,0,1,0,6,0,0,3.79997938504983,0,0,0,0,0,5,0.0,7,1.0,0
55,14,17,0,1,2,10,0,0,4.358835514296886,1,0,0,0,0,9,0.0,10,1.0,0
59,15,7,2,3,13,13,1,1,4.4538837170747785,0,1,1,1,0,11,0.09090909090909091,8,1.0,1
85,36,7,2,3,1,16,0,4,4.4749599505913285,0,1,1,1,0,14,0.2857142857142857,8,0.9285714285714286,1
56,15,8,2,3,13,13,1,0,4.570180678996116,0,1,1,1,0,11,0.0,7,1.0,1
50,38,5,2,3,0,9,0,3,4.2679764393853,0,0,0,0,0,8,0.375,7,1.0,1
85,35,7,0,1,1,15,0,3,4.5337621737387535,1,1,1,1,0,13,0.23076923076923078,9,0.9230769230769231,1
85,34,8,0,1,1,15,0,4,4.528081829136213,1,1,1,1,0,13,0.3076923076923077,9,1.0,1
51,36,8,0,1,0,8,0,3,4.397532204546911,0,0,0,0,0,7,0.42857142857142855,9,1.0,1
26,10,8,0,1,0,5,0,0,3.7381493331928657,1,0,0,0,0,4,0.0,7,1.0,0
45,9,8,0,1,3,10,0,0,4.381316019639961,1,0,0,0,0,9,0.0,7,1.0,0
43,28,8,0,1,2,7,0,2,4.36174295212495,0,0,0,0,0,6,0.3333333333333333,8,1.0,1
31,10,13,0,1,0,6,0,0,3.627763553007399,1,0,0,0,0,5,0.0,7,1.0,0
92,35,8,2,3,1,16,0,3,4.396292541970833,0,1,1,1,0,14,0.21428571428571427,9,0.9285714285714286,1
25,12,6,0,1,0,5,0,0,4.023465189601646,0,0,0,0,0,4,0.0,8,1.0,0
48,33,8,0,1,0,8,0,3,4.323934896284057,0,0,0,0,0,7,0.42857142857142855,8,1.0,1
88,37,8,2,3,1,16,0,3,4.52580905198622,1,1,1,1,0,14,0.21428571428571427,8,0.9285714285714286,1
46,33,5,0,1,0,8,0,3,4.278252988336485,1,0,0,0,0,7,0.42857142857142855,8,1.0,1
49,11,10,0,1,3,10,0,0,4.4664514256154035,1,0,0,0,0,9,0.0,9,1.0,0
57,14,8,2,3,12,13,1,1,4.48827943209259,0,1,1,1,0,11,0.09090909090909091,9,1.0,1
55,12,18,0,1,3,10,0,1,4.497192613832101,1,0,0,0,0,9,0.0,9,1.0,0
55,13,7,2,3,11,13,1,1,4.567846049745008,0,1,1,1,0,11,0.09090909090909091,6,1.0,1
52,14,7,2,3,12,13,1,1,4.261984511178707,0,1,1,1,0,11,0.09090909090909091,6,1.0,1
33,10,16,0,1,0,6,0,0,3.2906273623606594,0,0,0,0,0,5,0.0,7,0.8,0
92,38,7,2,3,1,16,0,3,4.412166607836158,1,1,1,1,0,14,0.21428571428571427,8,1.0,1
28,14,6,0,1,0,5,0,0,4.012188403968662,1,0,0,0,0,4,0.0,10,1.0,0
49,11,13,0,1,3,10,0,0,4.328596578632476,1,0,0,0,0,9,0.0,7,1.0,0
39,25,7,0,1,2,7,0,3,4.246188756990946,0,0,0,0,0,6,0.5,6,1.0,1
41,29,5,0,1,2,7,0,1,4.173909931130747,0,0,0,0,0,6,0.16666666666666666,7,1.0,1
75,24,8,0,1,3,14,0,2,4.521499819439441,0,1,1,1,0,12,0.16666666666666666,8,0.9166666666666666,1
56,10,18,0,1,3,12,0,0,4.443004422166389,1,0,0,0,0,11,0.0,7,1.0,0
59,14,8,2,3,12,13,1,0,4.67544846239216,0,1,1,1,0,11,0.0,8,1.0,1
84,38,7,2,3,1,16,0,4,4.480874304017205,0,1,1,1,0,14,0.2857142857142857,7,0.9285714285714286,1
49,35,7,2,3,0,9,0,4,4.208712844327838,0,0,0,0,0,8,0.5,9,1.0,1
55,13,7,2,3,11,13,1,1,4.456522756728213,0,1,1,1,0,11,0.09090909090909091,8,1.0,1
19,7,5,0,1,0,5,0,0,3.471354487013928,0,0,0,0,0,4,0.0,4,1.0,0
48,10,10,0,1,3,10,0,0,4.464661719245796,1,0,0,0,0,9,0.0,9,1.0,0
56,14,7,2,3,12,13,1,1,4.507034206140244,0,1,1,1,0,11,0.09090909090909091,6,1.0,1
47,14,25,0,1,0,7,0,0,4.094942916908961,1,0,0,0,0,6,0.0,10,1.0,0
48,7,16,0,1,3,10,0,1,4.490601562950724,1,0,0,0,0,9,0.0,7,1.0,0
54,13,8,2,3,11,13,1,1,4.34888827703544,0,1,1,1,0,11,0.09090909090909091,7,1.0,1
49,35,7,0,1,0,8,0,4,4.451045558224313,0,0,0,0,0,7,0.5714285714285714,8,1.0,1
31,10,14,0,1,0,6,0,0,3.873235826376328,0,0,0,0,0,5,0.0,7,1.0,0
29,10,11,0,1,0,6,0,0,3.840402546702506,1,0,0,0,0,5,0.0,6,1.0,0
88,40,7,2,3,1,16,0,3,4.458818714283053,0,1,1,1,0,14,0.21428571428571427,9,0.8571428571428571,1
42,10,24,0,1,0,7,0,1,3.8424701863549307,1,0,0,0,0,6,0.0,7,1.0,0
68,22,5,0,1,3,14,0,2,4.398254681266119,0,1,1,1,0,12,0.16666666666666666,7,0.9166666666666666,1
82,35,5,0,1,1,15,0,3,4.533494814175296,0,1,1,1,0,13,0.23076923076923078,8,0.8461538461538461,1
47,10,10,0,1,2,10,0,0,4.5541728940467054,1,0,0,0,0,9,0.0,9,1.0,0
55,40,8,2,3,0,9,0,4,4.2497446052059775,0,0,0,0,0,8,0.5,9,1.0,1
33,10,16,0,1,0,6,0,0,3.7495742419887397,0,0,0,0,0,5,0.0,7,1.0,0
53,10,15,0,1,3,11,0,0,4.600100878887399,1,0,0,0,0,10,0.0,9,1.0,0
57,14,8,2,3,12,13,1,0,4.540653696115068,0,1,1,1,0,11,0.0,7,1.0,1
65,11,26,0,1,3,12,0,0,4.478094021567761,1,0,0,0,0,11,0.0,9,0.9090909090909091,0
82,35,8,0,1,1,15,0,4,4.406521227172131,0,1,1,1,0,13,0.3076923076923077,8,0.8461538461538461,1
28,7,13,0,1,0,6,0,0,3.664497779200461,1,0,0,0,0,5,0.0,7,1.0,0
48,33,8,0,1,0,8,0,2,3.9200427723692055,0,0,0,0,0,7,0.2857142857142857,7,0.8571428571428571,1
30,9,13,0,1,0,6,0,0,3.973557262275185,1,0,0,0,0,5,0.0,7,1.0,0
75,24,7,0,1,3,14,0,4,4.288001441937839,1,1,1,1,0,12,0.3333333333333333,7,1.0,1
75,23,8,0,1,3,14,0,3,4.365735305509176,1,1,1,1,0,12,0.3333333333333333,8,0.9166666666666666,1
78,31,7,0,1,1,15,0,4,4.461550955642823,0,1,1,1,0,13,0.3076923076923077,7,0.9230769230769231,1
83,36,8,0,1,1,15,0,3,4.4198997767442405,0,1,1,1,0,13,0.3076923076923077,8,0.8461538461538461,1
52,7,18,0,1,3,12,0,0,4.496032208850887,0,0,0,0,0,11,0.0,7,1.0,0
54,38,8,0,1,0,8,0,3,4.1265141800913,1,0,0,0,0,7,0.42857142857142855,8,1.0,1
76,26,8,0,1,3,14,0,2,4.5264082650345685,0,1,1,1,0,12,0.16666666666666666,8,0.9166666666666666,1
75,21,7,0,1,3,14,0,4,4.33869190207031,1,1,1,1,0,12,0.3333333333333333,8,1.0,1
32,14,10,0,1,0,6,0,0,4.0,1,0,0,0,0,5,0.0,10,0.8,0
37,11,0,0,1,2,9,0,0,4.357837824971466,0,0,0,0,0,8,0.0,7,1.0,0
55,14,7,2,3,12,13,1,1,4.5462376152596,0,1,1,1,0,11,0.09090909090909091,7,1.0,1
38,10,5,0,1,2,9,0,0,4.135699552746469,0,0,0,0,0,8,0.0,6,1.0,0
23,9,6,0,1,0,5,0,0,3.729446194905257,1,0,0,0,0,4,0.0,6,1.0,0
25,10,8,0,1,0,5,0,1,3.7834651896016456,0,0,0,0,0,4,0.0,7,1.0,0
74,25,8,0,1,3,14,0,2,4.490621315045304,0,1,1,1,0,12,0.16666666666666666,8,0.9166666666666666,1
42,10,5,0,1,2,10,0,0,4.3320953986601705,1,0,0,0,0,9,0.0,6,1.0,0
43,28,8,0,1,2,7,0,3,4.146740335896193,0,0,0,0,0,6,0.5,8,1.0,1
83,37,7,0,1,1,15,0,4,4.235618792869616,0,1,1,1,0,13,0.38461538461538464,8,0.8461538461538461,1
58,13,8,2,3,11,13,1,0,4.437193208607595,0,1,1,1,0,11,0.0,8,1.0,1
57,7,22,0,1,3,12,0,0,4.442392102477347,1,0,0,0,0,11,0.0,7,1.0,0
74,25,8,0,1,3,14,0,3,4.534527696416556,1,1,1,1,0,12,0.25,8,1.0,1
62,12,24,0,1,2,12,0,0,4.381616376735785,0,0,0,0,0,11,0.0,8,0.9090909090909091,0
43,11,5,0,1,3,10,0,0,4.518833359152007,0,0,0,0,0,9,0.0,7,1.0,0
56,14,5,2,3,12,13,1,0,4.381943696840921,0,1,1,1,0,11,0.0,8,1.0,1
55,14,7,2,3,12,13,1,1,4.4850090775645715,0,1,1,1,0,11,0.09090909090909091,7,1.0,1
63,14,22,0,1,3,12,0,0,4.42770994028116,0,0,0,0,0,11,0.0,10,1.0,0
42,10,24,0,1,0,7,0,0,3.8807949595558076,1,0,0,0,0,6,0.0,9,1.0,0
96,38,7,2,3,1,16,0,5,4.268989319708235,0,1,1,1,0,14,0.35714285714285715,9,0.9285714285714286,1
38,10,0,0,1,3,9,0,0,4.4713544870139295,1,0,0,0,0,8,0.0,6,1.0,0
43,29,7,0,1,2,7,0,3,4.1733739877037905,0,0,0,0,0,6,0.5,9,1.0,1
78,27,7,0,1,3,14,0,3,4.387096223936193,1,1,1,1,0,12,0.25,8,1.0,1
87,38,5,0,1,1,15,0,3,4.323431132156932,0,1,1,1,0,13,0.23076923076923078,9,0.9230769230769231,1
87,32,8,0,1,1,15,0,3,4.2592605736058475,1,1,1,1,0,13,0.3076923076923077,9,0.9230769230769231,1
42,12,5,0,1,3,9,0,0,4.338396886909941,1,0,0,0,0,8,0.0,8,1.0,0
90,40,8,2,3,1,16,0,4,4.35773882957034,0,1,1,1,0,14,0.35714285714285715,9,0.8571428571428571,1
61,15,8,2,3,13,13,1,0,4.467660956898042,0,1,1,1,0,11,0.0,8,1.0,1
77,27,5,0,1,3,14,0,2,4.254591806851146,0,1,1,1,0,12,0.25,9,0.8333333333333334,1
51,12,11,0,1,3,11,0,0,4.508031655986122,1,0,0,0,0,10,0.0,8,1.0,0
38,10,0,0,1,3,9,0,0,4.5041206053780485,1,0,0,0,0,8,0.0,6,1.0,0
37,11,0,0,1,2,9,0,0,4.317033095124792,0,0,0,0,0,8,0.0,7,1.0,0
37,10,19,0,1,0,7,0,0,3.8819015959326326,1,0,0,0,0,6,0.0,8,1.0,0
48,10,13,0,1,3,10,0,1,4.412782031835939,1,0,0,0,0,9,0.0,7,1.0,0
43,13,22,0,1,0,7,0,0,4.03383910398286,1,0,0,0,0,6,0.0,9,1.0,0
22,7,8,0,1,0,5,0,0,3.663532754804254,0,0,0,0,0,4,0.0,7,1.0,0
60,13,7,2,3,11,13,1,1,4.3168762022783636,0,1,1,1,0,11,0.09090909090909091,9,1.0,1
82,33,7,0,1,1,15,0,5,4.318270860355638,0,1,1,1,0,13,0.38461538461538464,8,0.9230769230769231,1
35,10,0,0,1,3,8,0,0,4.307714802597437,1,0,0,0,0,7,0.0,6,1.0,0
73,24,8,0,1,3,14,0,3,4.41053664830237,0,1,1,1,0,12,0.3333333333333333,8,0.75,1
42,10,5,0,1,2,10,0,0,4.386015934528989,1,0,0,0,0,9,0.0,6,1.0,0
82,35,7,0,1,1,15,0,4,4.510589076663288,1,1,1,1,0,13,0.3076923076923077,9,1.0,1
31,10,13,0,1,0,6,0,0,3.8087196973440705,1,0,0,0,0,5,0.0,7,1.0,0
57,13,7,2,3,11,13,1,1,4.263939497044639,0,1,1,1,0,11,0.09090909090909091,8,0.9090909090909091,1
55,40,8,2,3,0,9,0,3,4.44938915050318,0,0,0,0,0,8,0.375,8,1.0,1
88,37,7,0,1,1,15,0,4,4.252171114885858,1,1,1,1,0,13,0.3076923076923077,8,1.0,1
32,10,14,0,1,0,6,0,0,3.8431390622295662,1,0,0,0,0,5,0.0,7,1.0,0
40,26,7,0,1,2,7,0,2,4.315311532225102,0,0,0,0,0,6,0.3333333333333333,9,1.0,1
28,10,10,0,1,0,6,0,0,3.6995138503199656,1,0,0,0,0,5,0.0,6,1.0,0
38,11,0,0,1,3,9,0,0,4.4514890264306795,0,0,0,0,0,8,0.0,7,1.0,0
83,40,7,2,3,1,16,0,4,4.353361216027198,0,1,1,1,0,14,0.2857142857142857,9,0.9285714285714286,1
33,11,14,0,1,0,6,0,0,4.187889194919351,1,0,0,0,0,5,0.0,8,1.0,0
92,37,7,2,3,1,16,0,5,4.421920391820354,0,1,1,1,0,14,0.35714285714285715,8,0.9285714285714286,1
22,9,5,0,1,0,5,0,0,3.7544418457133446,1,0,0,0,0,4,0.0,6,1.0,0
23,10,5,0,1,0,5,0,0,3.642489673166126,1,0,0,0,0,4,0.0,6,1.0,0
77,24,8,0,1,3,14,0,4,4.3571147378966115,0,1,1,1,0,12,0.3333333333333333,9,0.9166666666666666,1
91,37,7,0,1,1,15,0,4,4.4660907082398955,0,1,1,1,0,13,0.3076923076923077,9,0.9230769230769231,1
69,25,7,0,1,3,14,0,3,4.265069929257796,0,1,1,1,0,12,0.25,7,0.9166666666666666,1
50,10,15,0,1,3,10,0,0,4.548758439731455,1,0,0,0,0,9,0.0,9,1.0,0
40,10,22,0,1,0,7,0,0,3.9439427079182674,1,0,0,0,0,6,0.0,8,1.0,0
46,13,8,0,1,3,9,0,1,4.4144413036949715,1,0,0,0,0,8,0.0,9,1.0,0
50,35,7,0,1,0,8,0,3,4.410881379939832,1,0,0,0,0,7,0.42857142857142855,8,1.0,1
54,14,5,2,3,12,13,1,0,4.342186055004731,0,1,1,1,0,11,0.0,9,1.0,1
46,32,7,0,1,0,8,0,3,4.268157478625395,0,0,0,0,0,7,0.42857142857142855,7,1.0,1
34,10,0,0,1,2,8,0,0,4.395998870534841,1,0,0,0,0,7,0.0,6,1.0,0
75,31,5,0,1,1,15,0,3,4.243701048286111,0,1,1,1,0,13,0.23076923076923078,8,0.8461538461538461,1
56,10,21,0,1,3,11,0,0,4.288862735635151,1,0,0,0,0,10,0.0,7,1.0,0
26,10,8,0,1,0,5,0,0,3.7192945256669785,1,0,0,0,0,4,0.0,7,1.0,0
83,39,7,2,3,1,16,0,4,4.474696837210256,0,1,1,1,0,14,0.35714285714285715,8,0.8571428571428571,1
27,7,13,0,1,0,6,0,0,3.8100810205217317,0,0,0,0,0,5,0.0,7,1.0,0
33,10,16,0,1,0,6,0,0,3.945464952495108,0,0,0,0,0,5,0.0,7,1.0,0
50,7,18,0,1,3,10,0,0,4.488367439558378,1,0,0,0,0,9,0.0,9,1.0,0
56,15,7,2,3,13,13,1,1,4.474898326630807,0,1,1,1,0,11,0.09090909090909091,7,1.0,1
50,38,5,0,1,0,8,0,2,4.271789011092168,0,0,0,0,0,7,0.2857142857142857,8,1.0,1
52,38,7,2,3,0,9,0,3,4.337096391418379,0,0,0,0,0,8,0.375,7,1.0,1
92,36,8,2,3,1,16,0,4,4.482495430866837,1,1,1,1,0,14,0.2857142857142857,9,0.9285714285714286,1
31,9,15,0,1,0,6,0,0,3.8087196973440705,0,0,0,0,0,5,0.0,9,1.0,0
85,36,7,2,3,1,16,0,4,4.488951028407355,1,1,1,1,0,14,0.2857142857142857,7,0.8571428571428571,1
29,11,10,0,1,0,6,0,0,3.8143719431796277,1,0,0,0,0,5,0.0,7,1.0,0
24,11,5,0,1,0,5,0,0,3.9387218755408675,1,0,0,0,0,4,0.0,7,1.0,0
80,38,5,2,3,1,16,0,3,4.334213586908046,0,1,1,1,0,14,0.21428571428571427,9,0.8571428571428571,1
58,13,8,2,3,11,13,1,0,4.452456654541048,0,1,1,1,0,11,0.0,8,1.0,1
36,14,14,0,1,0,6,0,0,4.0514621540398,1,0,0,0,0,5,0.0,10,1.0,0
46,32,7,0,1,0,8,0,4,4.2326037389862705,0,0,0,0,0,7,0.5714285714285714,7,1.0,1
83,35,7,2,3,1,16,0,4,4.430683842990359,1,1,1,1,0,14,0.2857142857142857,7,1.0,1
23,10,5,0,1,0,5,0,0,3.936180434129756,1,0,0,0,0,4,0.0,6,1.0,0
53,10,15,0,1,3,11,0,0,4.477643803497341,1,0,0,0,0,10,0.0,9,1.0,0
57,13,7,2,3,11,13,1,1,4.469742159207975,0,1,1,1,0,11,0.09090909090909091,8,1.0,1
91,37,8,2,3,1,16,0,4,4.343546707451141,0,1,1,1,0,14,0.2857142857142857,8,0.9285714285714286,1
53,13,8,2,3,11,13,1,0,4.552436803172208,0,1,1,1,0,11,0.0,7,1.0,1
33,13,13,0,1,0,6,0,1,4.066677073707229,0,0,0,0,0,5,0.0,9,1.0,0
42,11,23,0,1,0,7,0,0,4.071271150031997,1,0,0,0,0,6,0.0,9,1.0,0
44,9,27,0,1,0,7,0,0,4.075480414328636,1,0,0,0,0,6,0.0,9,1.0,0
56,12,7,2,3,10,13,1,1,4.519164243770867,0,1,1,1,0,11,0.09090909090909091,8,1.0,1
41,26,8,0,1,2,7,0,2,4.37548706543539,0,0,0,0,0,6,0.5,7,0.8333333333333334,1
47,14,5,0,1,3,10,0,0,4.580664649319822,1,0,0,0,0,9,0.0,10,1.0,0
30,9,13,0,1,0,6,0,0,3.9232314287976204,1,0,0,0,0,5,0.0,7,1.0,0
92,37,7,2,3,1,16,0,4,4.3246438640185385,1,1,1,1,0,14,0.35714285714285715,9,0.9285714285714286,1
78,27,7,0,1,3,14,0,3,4.28162237615983,1,1,1,1,0,12,0.25,9,0.9166666666666666,1
55,14,13,0,1,3,11,0,0,4.580648804119064,1,0,0,0,0,10,0.0,10,1.0,0
80,35,5,2,3,1,16,0,3,4.419185713059195,1,1,1,1,0,14,0.21428571428571427,8,0.9285714285714286,1
61,9,24,0,1,3,12,0,1,4.398637142375981,1,0,0,0,0,11,0.0,7,1.0,0
48,33,7,2,3,0,9,0,3,4.323934896284056,1,0,0,0,0,8,0.5,6,0.875,1
44,29,7,0,1,2,7,0,2,4.044325652580697,1,0,0,0,0,6,0.5,7,0.8333333333333334,1
43,14,21,0,1,0,7,0,0,3.938493395375654,1,0,0,0,0,6,0.0,10,1.0,0
87,38,7,2,3,1,16,0,4,4.564871307884622,0,1,1,1,0,14,0.2857142857142857,9,0.9285714285714286,1
84,35,7,0,1,1,15,0,4,4.451809860477419,0,1,1,1,0,13,0.3076923076923077,9,0.9230769230769231,1
84,33,8,0,1,1,15,0,3,4.346174528924318,1,1,1,1,0,13,0.3076923076923077,7,0.9230769230769231,1
63,14,24,0,1,3,11,0,1,4.336672837209578,1,0,0,0,0,10,0.0,10,1.0,0
87,39,7,2,3,1,16,0,3,4.592197001962667,0,1,1,1,0,14,0.21428571428571427,8,0.8571428571428571,1
40,7,8,0,1,3,9,0,0,4.427567157116929,1,0,0,0,0,8,0.0,7,1.0,0
64,11,25,0,1,3,12,0,0,4.560732282211646,1,0,0,0,0,11,0.0,9,0.9090909090909091,0
18,11,0,0,1,0,4,0,0,3.6835423624332306,0,0,0,0,0,3,0.0,7,1.0,0
48,34,7,0,1,0,8,0,3,4.0464526792218996,0,0,0,0,0,7,0.5714285714285714,7,0.8571428571428571,1
87,34,7,0,1,1,15,0,5,4.4630475192722265,1,1,1,1,0,13,0.38461538461538464,8,1.0,1
70,23,8,0,1,3,14,0,2,4.399315965963999,0,1,1,1,0,12,0.16666666666666666,7,0.8333333333333334,1
38,10,0,0,1,3,9,0,0,4.576617644908667,1,0,0,0,0,8,0.0,6,1.0,0
88,39,7,0,1,1,15,0,4,4.412233151582847,0,1,1,1,0,13,0.3076923076923077,9,0.8461538461538461,1
49,14,27,0,1,0,7,0,0,4.099631661308524,1,0,0,0,0,6,0.0,10,1.0,0
89,34,7,0,1,1,15,0,3,4.538485558963068,0,1,1,1,0,13,0.23076923076923078,9,0.8461538461538461,1
86,37,7,0,1,1,15,0,3,4.466164942611635,0,1,1,1,0,13,0.3076923076923077,9,0.8461538461538461,1
58,14,8,2,3,12,13,1,0,4.450673342574801,0,1,1,1,0,11,0.0,8,1.0,1
27,9,10,0,1,0,5,0,0,3.8282375018429557,1,0,0,0,0,4,0.0,9,1.0,0
40,26,7,0,1,2,7,0,2,4.043942707918268,0,0,0,0,0,6,0.5,8,0.8333333333333334,1
61,14,7,2,3,12,13,1,1,4.407464024960867,0,1,1,1,0,11,0.09090909090909091,9,1.0,1
32,9,16,0,1,0,6,0,1,3.652518266288633,0,0,0,0,0,5,0.0,7,0.8,0
53,12,13,0,1,3,11,0,0,4.515867040270226,1,0,0,0,0,10,0.0,8,1.0,0
85,34,8,0,1,1,15,0,3,4.401971739866709,1,1,1,1,0,13,0.23076923076923078,9,0.9230769230769231,1
51,37,7,2,3,0,9,0,3,4.220678282808599,0,0,0,0,0,8,0.5,7,0.875,1
24,11,5,0,1,0,5,0,0,3.8553885422075345,1,0,0,0,0,4,0.0,7,1.0,0
56,14,5,2,3,12,13,1,0,4.446939530254383,0,1,1,1,0,11,0.0,8,1.0,1
47,10,10,0,1,3,11,0,0,4.349712458420389,0,0,0,0,0,10,0.0,6,0.9,0
39,13,18,0,1,0,7,0,0,4.109138039864114,1,0,0,0,0,6,0.0,9,1.0,0
56,15,7,2,3,13,13,1,1,4.389172576943943,0,1,1,1,0,11,0.09090909090909091,8,1.0,1
90,36,7,2,3,1,16,0,4,4.476548955613906,1,1,1,1,0,14,0.35714285714285715,9,0.9285714285714286,1
48,33,8,0,1,0,8,0,3,3.9078063868874495,0,0,0,0,0,7,0.5714285714285714,7,0.8571428571428571,1
40,13,0,0,1,3,9,0,0,4.377567157116928,0,0,0,0,0,8,0.0,9,1.0,0
74,22,8,0,1,3,14,0,3,4.449807342665029,1,1,1,1,0,12,0.25,8,0.9166666666666666,1
56,12,7,2,3,10,13,1,1,4.422032530847968,0,1,1,1,0,11,0.09090909090909091,8,1.0,1
83,35,7,2,3,1,16,0,3,4.394087886432715,0,1,1,1,0,14,0.35714285714285715,9,0.7857142857142857,1
40,10,22,0,1,0,7,0,0,3.8725738836114343,1,0,0,0,0,6,0.0,7,1.0,0
51,12,14,0,1,3,10,0,0,4.537635087443513,1,0,0,0,0,9,0.0,8,1.0,0
25,12,5,0,1,0,5,0,0,3.893660689688185,1,0,0,0,0,4,0.0,8,1.0,0
55,14,8,2,3,12,13,1,0,4.530110200688404,0,1,1,1,0,11,0.0,7,1.0,1
84,33,7,0,1,1,15,0,3,4.44523493205132,0,1,1,1,0,13,0.3076923076923077,7,0.8461538461538461,1
41,26,8,0,1,2,7,0,2,4.043544614839371,0,0,0,0,0,6,0.5,8,0.8333333333333334,1
40,26,7,0,1,2,7,0,3,4.139822782008755,0,0,0,0,0,6,0.5,7,1.0,1
48,10,15,0,1,1,10,0,0,4.3894608760283615,1,0,0,0,0,9,0.0,8,1.0,0
78,33,7,0,1,1,15,0,3,4.425302435877516,0,1,1,1,0,13,0.3076923076923077,7,0.8461538461538461,1
38,23,8,0,1,2,7,0,2,4.095968631579971,0,0,0,0,0,6,0.3333333333333333,7,1.0,1
58,13,8,2,3,11,13,1,0,4.437193208607596,0,1,1,1,0,11,0.0,8,1.0,1
38,14,16,0,1,0,6,0,0,3.922545198269893,1,0,0,0,0,5,0.0,10,1.0,0
42,14,0,0,1,3,9,0,0,4.558518613048907,1,0,0,0,0,8,0.0,10,1.0,0
62,14,23,0,1,3,11,0,0,4.532600092847881,1,0,0,0,0,10,0.0,10,1.0,0
51,37,7,2,3,0,9,0,3,4.313911371086315,0,0,0,0,0,8,0.5,9,0.875,1
39,12,0,0,1,2,9,0,0,4.384904386073434,1,0,0,0,0,8,0.0,8,1.0,0
60,13,8,2,3,11,13,1,1,4.4875681769316405,0,1,1,1,0,11,0.09090909090909091,8,1.0,1
59,14,8,2,3,12,13,1,0,4.42983442730444,0,1,1,1,0,11,0.0,8,1.0,1
83,36,8,0,1,1,15,0,2,4.517544676556171,0,1,1,1,0,13,0.15384615384615385,7,0.8461538461538461,1
80,25,8,0,1,3,14,0,3,4.457933071665766,0,1,1,1,0,12,0.3333333333333333,8,0.8333333333333334,1
34,7,19,0,1,0,6,0,0,3.866587105828959,1,0,0,0,0,5,0.0,9,1.0,0
56,12,20,0,1,3,11,0,0,4.441221110200143,0,0,0,0,0,10,0.0,9,1.0,0
87,35,7,2,3,1,16,0,4,4.494011453928101,1,1,1,1,0,14,0.2857142857142857,9,0.9285714285714286,1
49,34,7,0,1,0,8,0,4,4.42023382344213,1,0,0,0,0,7,0.5714285714285714,9,1.0,1
40,25,8,0,1,2,7,0,1,4.062814895472354,0,0,0,0,0,6,0.16666666666666666,7,0.8333333333333334,1
38,10,0,0,1,3,9,0,0,4.576617644908667,1,0,0,0,0,8,0.0,6,1.0,0
56,10,18,0,1,3,11,0,0,4.530394654123196,1,0,0,0,0,10,0.0,8,0.9,0
56,7,25,0,1,3,11,0,0,4.387998788926104,0,0,0,0,0,10,0.0,9,0.9,0
35,11,16,0,1,0,6,0,0,3.8401568604088583,1,0,0,0,0,5,0.0,7,1.0,0
58,14,7,2,3,12,13,1,1,4.617547949145273,0,1,1,1,0,11,0.09090909090909091,8,1.0,1
56,12,8,2,3,10,13,1,0,4.544071243177282,0,1,1,1,0,11,0.0,9,1.0,1
33,10,15,0,1,0,6,0,0,3.9683403313485464,1,0,0,0,0,5,0.0,9,1.0,0
75,28,5,0,1,3,14,0,2,4.381777477792594,1,1,1,1,0,12,0.16666666666666666,8,0.9166666666666666,1
74,26,8,0,1,3,14,0,3,4.545371016571089,0,1,1,1,0,12,0.25,8,0.9166666666666666,1
42,13,5,0,1,3,9,0,0,4.379714446279218,0,0,0,0,0,8,0.0,9,1.0,0
82,35,8,0,1,1,15,0,4,4.389822782008754,1,1,1,1,0,13,0.3076923076923077,8,1.0,1
41,25,8,0,1,2,7,0,1,4.326706577630513,1,0,0,0,0,6,0.16666666666666666,7,1.0,1
25,10,8,0,1,0,5,0,0,3.5434651896016462,0,0,0,0,0,4,0.0,7,1.0,0
37,7,22,0,1,0,7,0,0,3.851647123533613,1,0,0,0,0,6,0.0,8,1.0,0
60,15,8,2,3,13,13,1,1,4.391850608236927,0,1,1,1,0,11,0.09090909090909091,8,1.0,1
29,9,13,0,1,0,6,0,0,3.745406425938248,0,0,0,0,0,5,0.0,7,1.0,0
31,14,9,0,1,0,5,0,0,3.953565664946427,1,0,0,0,0,4,0.0,10,1.0,0
42,28,7,0,1,2,7,0,2,4.594465636961453,0,0,0,0,0,6,0.3333333333333333,9,1.0,1
81,30,8,0,1,1,15,0,4,4.55498355933633,0,1,1,1,0,13,0.3076923076923077,7,0.9230769230769231,1
31,14,10,0,1,0,6,0,0,4.0667842134731025,0,0,0,0,0,5,0.0,10,1.0,0
51,10,13,0,1,3,11,0,0,4.451549606550116,1,0,0,0,0,10,0.0,7,1.0,0
43,10,25,0,1,0,7,0,0,3.826941500442401,1,0,0,0,0,6,0.0,8,1.0,0
19,7,5,0,1,0,5,0,0,3.4316235658474303,0,0,0,0,0,4,0.0,4,1.0,0
44,11,5,0,1,3,10,0,0,4.464558038845993,1,0,0,0,0,9,0.0,7,1.0,0
49,10,13,0,1,2,11,0,1,4.461050149972743,0,0,0,0,0,10,0.0,7,1.0,0
35,7,0,0,1,3,9,0,0,4.500711588373536,1,0,0,0,0,8,0.0,5,1.0,0
56,10,21,0,1,3,11,0,0,4.276129815595918,1,0,0,0,0,10,0.0,7,1.0,0
85,33,8,0,1,1,15,0,2,4.420163789065509,0,1,1,1,0,13,0.15384615384615385,8,0.7692307692307693,1
43,10,5,0,1,3,10,0,0,4.37082108062642,1,0,0,0,0,9,0.0,6,1.0,0
48,33,7,0,1,0,8,0,3,4.474874739988985,1,0,0,0,0,7,0.42857142857142855,7,1.0,1
42,7,8,0,1,3,10,0,1,4.492926053473586,0,0,0,0,0,9,0.0,7,1.0,0
68,26,7,0,1,3,14,0,2,4.514186263908593,0,1,1,1,0,12,0.16666666666666666,8,0.9166666666666666,1
52,10,14,0,1,3,11,0,0,4.541503900708585,1,0,0,0,0,10,0.0,8,1.0,0
40,26,7,0,1,2,7,0,3,4.446439344671015,0,0,0,0,0,6,0.5,6,1.0,1
49,37,5,0,1,0,8,0,2,4.292383568207631,0,0,0,0,0,7,0.2857142857142857,8,1.0,1
27,10,10,0,1,0,6,0,0,3.736006946447657,0,0,0,0,0,5,0.0,6,0.8,0
43,10,6,0,1,3,10,0,0,4.36174295212495,0,0,0,0,0,9,0.0,6,1.0,0
47,32,8,0,1,0,8,0,3,4.402695968966625,0,0,0,0,0,7,0.42857142857142855,7,1.0,1
43,10,5,0,1,3,10,0,0,4.419655161326649,1,0,0,0,0,9,0.0,6,1.0,0
49,10,13,0,1,2,11,0,1,4.3386011703809055,0,0,0,0,0,10,0.0,7,1.0,0
82,28,7,0,1,3,14,0,3,4.453415164718213,0,1,1,1,0,12,0.3333333333333333,9,0.8333333333333334,1
60,10,23,0,1,3,12,0,0,4.515491538019117,0,0,0,0,0,11,0.0,9,1.0,0
59,14,7,2,3,12,13,1,1,4.637469567017062,0,1,1,1,0,11,0.09090909090909091,8,1.0,1
79,28,8,0,1,3,14,0,3,4.4757952700074455,0,1,1,1,0,12,0.25,7,0.9166666666666666,1
31,10,14,0,1,0,6,0,0,3.873235826376328,0,0,0,0,0,5,0.0,7,1.0,0
81,36,7,0,1,1,15,0,4,4.429700134434666,0,1,1,1,0,13,0.3076923076923077,9,0.9230769230769231,1
92,41,8,2,3,1,16,0,3,4.44117143105203,0,1,1,1,0,14,0.2857142857142857,9,0.8571428571428571,1
88,38,5,2,3,1,16,0,3,4.497339505291958,0,1,1,1,0,14,0.2857142857142857,8,0.8571428571428571,1
52,12,5,2,3,10,13,1,0,4.228438191111385,0,1,1,1,0,11,0.0,8,1.0,1
89,35,7,0,1,1,15,0,4,4.363519755382239,1,1,1,1,0,13,0.3076923076923077,9,1.0,1
81,34,7,0,1,1,15,0,4,4.541016432149491,1,1,1,1,0,13,0.38461538461538464,9,0.9230769230769231,1
38,23,8,0,1,2,7,0,3,4.145972171840237,0,0,0,0,0,6,0.5,7,1.0,1
51,11,13,0,1,2,11,0,0,4.410375773802864,1,0,0,0,0,10,0.0,7,1.0,0
84,36,7,0,1,1,15,0,4,4.360984922572249,0,1,1,1,0,13,0.38461538461538464,8,0.8461538461538461,1
59,14,8,2,3,12,13,1,0,4.592029383406835,0,1,1,1,0,11,0.0,8,1.0,1
75,25,7,0,1,3,14,0,2,4.507495792435158,1,1,1,1,0,12,0.25,8,0.9166666666666666,1
55,41,7,2,3,0,9,0,3,4.303464940522036,0,0,0,0,0,8,0.375,7,1.0,1
45,10,10,0,1,3,9,0,0,4.446974207248476,1,0,0,0,0,8,0.0,9,1.0,0
50,14,8,0,1,3,10,0,0,4.5034651896016475,1,0,0,0,0,9,0.0,10,1.0,0
69,26,5,0,1,3,14,0,2,4.267290595009691,0,1,1,1,0,12,0.16666666666666666,7,0.8333333333333334,1
39,12,0,0,1,2,9,0,0,4.384904386073434,1,0,0,0,0,8,0.0,8,1.0,0
40,7,26,0,1,0,7,0,0,3.865957320949174,0,0,0,0,0,6,0.0,9,1.0,0
38,10,0,0,1,3,9,0,0,4.4058222502856905,1,0,0,0,0,8,0.0,6,1.0,0
42,10,5,0,1,2,10,0,0,4.415661470191764,1,0,0,0,0,9,0.0,6,1.0,0
49,33,8,0,1,0,8,0,3,4.190741731649548,1,0,0,0,0,7,0.42857142857142855,8,1.0,1
35,10,17,0,1,0,6,0,0,3.9141594451455144,1,0,0,0,0,5,0.0,8,1.0,0
50,35,8,0,1,0,8,0,2,4.263981820580905,0,0,0,0,0,7,0.2857142857142857,8,1.0,1
41,11,5,0,1,3,9,0,0,4.375487065435391,1,0,0,0,0,8,0.0,7,1.0,0
49,35,7,2,3,0,9,0,3,4.461050149972744,0,0,0,0,0,8,0.375,7,1.0,1
55,10,17,0,1,3,11,0,1,4.474554204780527,1,0,0,0,0,10,0.0,8,1.0,0
84,33,8,0,1,1,15,0,4,4.494015419856197,1,1,1,1,0,13,0.3076923076923077,9,1.0,1
60,15,8,2,3,13,13,1,0,4.3886830477332,0,1,1,1,0,11,0.0,8,1.0,1
22,10,5,0,1,0,5,0,0,3.481714572986072,0,0,0,0,0,4,0.0,6,1.0,0
32,11,13,0,1,0,6,0,1,3.875,1,0,0,0,0,5,0.0,7,1.0,0
37,12,17,0,1,0,6,0,0,4.080414513985239,1,0,0,0,0,5,0.0,8,1.0,0
61,14,8,2,3,12,13,1,0,4.395378541533798,0,1,1,1,0,11,0.0,8,1.0,1
44,11,5,0,1,3,10,0,0,4.60092167520963,1,0,0,0,0,9,0.0,7,1.0,0
38,10,0,0,1,3,9,0,0,4.346225868535943,1,0,0,0,0,8,0.0,6,1.0,0
24,11,5,0,1,0,5,0,0,3.8553885422075345,1,0,0,0,0,4,0.0,7,1.0,0
38,10,21,0,1,0,7,0,0,3.9655839357277802,0,0,0,0,0,6,0.0,9,1.0,0
39,14,0,0,1,3,8,0,0,4.50938523151634,1,0,0,0,0,7,0.0,10,1.0,0
50,10,13,0,1,3,11,0,0,4.36637013015618,0,0,0,0,0,10,0.0,7,1.0,0
39,10,21,0,1,0,7,0,0,3.8408202591792384,1,0,0,0,0,6,0.0,7,0.8333333333333334,0
56,14,18,0,1,3,10,0,1,4.534422555715744,0,0,0,0,0,9,0.0,10,1.0,0
84,30,8,0,1,1,15,0,4,4.300707915043722,0,1,1,1,0,13,0.3076923076923077,8,0.9230769230769231,1
31,10,13,0,1,0,6,0,1,3.8732358263763285,1,0,0,0,0,5,0.0,7,1.0,0
22,7,8,0,1,0,5,0,0,3.6635327548042538,0,0,0,0,0,4,0.0,7,1.0,0
62,11,23,0,1,3,12,0,0,4.45268689216428,1,0,0,0,0,11,0.0,9,1.0,0
42,28,7,0,1,2,7,0,2,4.350068910616442,0,0,0,0,0,6,0.5,9,0.8333333333333334,1
54,38,8,2,3,0,9,0,2,4.265931428202209,1,0,0,0,0,8,0.25,8,0.875,1
45,9,11,0,1,3,10,0,0,4.347191429566854,1,0,0,0,0,9,0.0,5,1.0,0
34,11,15,0,1,0,6,0,0,4.028639311838575,1,0,0,0,0,5,0.0,8,1.0,0
38,10,21,0,1,0,7,0,0,3.882814277103395,0,0,0,0,0,6,0.0,7,1.0,0
75,26,5,0,1,3,14,0,3,4.456326785674753,1,1,1,1,0,12,0.25,8,1.0,1
47,10,9,0,1,3,10,0,0,4.495558266341098,1,0,0,0,0,9,0.0,8,1.0,0
25,10,8,0,1,0,5,0,0,3.6732696895151067,0,0,0,0,0,4,0.0,7,1.0,0
34,10,0,0,1,2,8,0,0,4.395998870534841,1,0,0,0,0,7,0.0,6,1.0,0
84,34,8,0,1,1,15,0,3,4.44299446242673,1,1,1,1,0,13,0.23076923076923078,9,0.8461538461538461,1
94,40,7,2,3,1,16,0,4,4.404270684460762,1,1,1,1,0,14,0.2857142857142857,9,1.0,1
22,10,5,0,1,0,5,0,0,3.754441845713344,0,0,0,0,0,4,0.0,6,1.0,0
55,11,16,0,1,3,11,0,0,4.49009516791277,1,0,0,0,0,10,0.0,7,0.9,0
39,24,8,0,1,2,7,0,2,4.1949067057088945,0,0,0,0,0,6,0.3333333333333333,7,1.0,1
31,11,13,0,1,0,6,0,0,4.042433003725894,0,0,0,0,0,5,0.0,7,1.0,0
52,13,7,2,3,11,13,1,1,4.279079570624174,0,1,1,1,0,11,0.09090909090909091,6,1.0,1
38,23,8,0,1,2,7,0,2,4.145972171840238,0,0,0,0,0,6,0.3333333333333333,7,1.0,1
41,9,25,0,1,0,7,0,0,4.00428509107262,0,0,0,0,0,6,0.0,9,1.0,0
47,32,7,0,1,2,7,0,3,4.2827923088942885,1,0,0,0,0,6,0.5,9,1.0,1
85,40,5,2,3,1,16,0,4,4.476667293363332,1,1,1,1,0,14,0.2857142857142857,9,1.0,1
25,9,8,0,1,0,5,0,1,3.833269689515107,1,0,0,0,0,4,0.0,7,1.0,0
54,15,5,2,3,13,13,1,0,4.35670312235403,0,1,1,1,0,11,0.0,6,1.0,1
41,10,6,0,1,3,9,0,0,4.424267553240269,1,0,0,0,0,8,0.0,6,1.0,0
47,10,9,0,1,3,10,0,0,4.495558266341099,1,0,0,0,0,9,0.0,8,1.0,0
41,13,0,0,1,3,9,0,0,4.533785236061563,1,0,0,0,0,8,0.0,9,1.0,0
25,10,8,0,1,0,5,0,1,3.833269689515107,0,0,0,0,0,4,0.0,7,1.0,0
54,13,8,2,3,11,13,1,0,4.519976679963127,0,1,1,1,0,11,0.0,7,1.0,1
38,7,23,0,1,0,7,0,1,3.9354458560507632,1,0,0,0,0,6,0.0,9,1.0,0
37,10,19,0,1,0,7,0,0,3.9492049741940667,1,0,0,0,0,6,0.0,7,1.0,0
82,35,7,0,1,1,15,0,5,4.253266366905167,0,1,1,1,0,13,0.38461538461538464,7,0.9230769230769231,1
54,14,7,2,3,12,13,1,1,4.289207449193896,0,1,1,1,0,11,0.09090909090909091,6,1.0,1
75,25,8,0,1,3,14,0,3,4.593886292249636,0,1,1,1,0,12,0.25,7,0.9166666666666666,1
82,30,8,0,1,3,14,0,3,4.681198332810094,0,1,1,1,0,12,0.25,9,0.8333333333333334,1
84,31,7,0,1,1,15,0,5,4.436062449862236,0,1,1,1,0,13,0.38461538461538464,9,0.9230769230769231,1
47,11,8,0,1,3,10,0,0,4.479496830124855,1,0,0,0,0,9,0.0,7,1.0,0
24,7,9,0,1,0,5,0,0,3.6572682296173897,1,0,0,0,0,4,0.0,8,1.0,0
37,10,0,0,1,3,9,0,0,4.5199999871336285,0,0,0,0,0,8,0.0,6,1.0,0
45,31,7,0,1,0,8,0,4,4.100093307816549,0,0,0,0,0,7,0.5714285714285714,7,1.0,1
55,14,8,2,3,12,13,1,0,4.249831842720983,0,1,1,1,0,11,0.0,7,1.0,1
93,37,8,2,3,1,16,0,4,4.21683132245084,0,1,1,1,0,14,0.35714285714285715,8,0.7857142857142857,1
55,10,17,0,1,3,11,0,1,4.460828977468465,1,0,0,0,0,10,0.0,8,1.0,0
57,14,7,2,3,12,13,1,1,4.445288014336221,0,1,1,1,0,11,0.09090909090909091,8,1.0,1
83,35,7,2,3,1,16,0,4,4.487834342781601,1,1,1,1,0,14,0.35714285714285715,6,0.9285714285714286,1
49,7,18,0,1,3,10,0,1,4.501866476503355,0,0,0,0,0,9,0.0,9,1.0,0
38,10,0,0,1,3,9,0,0,4.43858836864981,1,0,0,0,0,8,0.0,6,1.0,0
30,7,16,0,1,0,6,0,0,3.6029100796497273,0,0,0,0,0,5,0.0,7,1.0,0
30,10,13,0,1,0,6,0,1,3.8062389286533893,0,0,0,0,0,5,0.0,7,1.0,0
31,10,13,0,1,0,6,0,1,3.8488846166291197,1,0,0,0,0,5,0.0,7,1.0,0
30,10,13,0,1,0,6,0,1,4.01506101220307,0,0,0,0,0,5,0.0,7,1.0,0
71,26,5,0,1,3,14,0,3,4.432830124274087,0,1,1,1,0,12,0.25,8,0.9166666666666666,1
55,40,7,2,3,0,9,0,3,4.445288014336222,1,0,0,0,0,8,0.375,9,1.0,1
42,11,23,0,1,0,7,0,0,4.168886994558423,1,0,0,0,0,6,0.0,9,1.0,0
90,37,7,2,3,1,16,0,3,4.57735310792387,0,1,1,1,0,14,0.2857142857142857,9,0.8571428571428571,1
44,29,7,0,1,2,7,0,3,4.351365993588127,1,0,0,0,0,6,0.5,9,1.0,1
37,11,18,0,1,0,6,0,1,3.9023039608559698,1,0,0,0,0,5,0.0,9,1.0,0
85,37,8,2,3,1,16,0,3,4.442272679239557,0,1,1,1,0,14,0.21428571428571427,7,0.8571428571428571,1
58,15,7,2,3,13,13,1,1,4.532639243749496,0,1,1,1,0,11,0.09090909090909091,7,1.0,1
87,36,7,2,3,1,16,0,3,4.445745460601412,0,1,1,1,0,14,0.21428571428571427,7,0.9285714285714286,1
52,37,7,2,3,0,9,0,4,4.359120372720815,1,0,0,0,0,8,0.5,7,1.0,1
31,10,13,0,1,0,6,0,0,3.824533406881911,1,0,0,0,0,5,0.0,7,1.0,0
14,7,0,0,1,0,4,0,0,3.2359263506290334,0,0,0,0,0,3,0.0,4,1.0,0
39,10,21,0,1,0,7,0,0,3.9359357962188968,1,0,0,0,0,6,0.0,9,1.0,0
50,36,7,2,3,0,9,0,4,4.233269689515108,0,0,0,0,0,8,0.5,9,1.0,1
83,33,7,0,1,1,15,0,3,4.5075087630709,1,1,1,1,0,13,0.23076923076923078,8,1.0,1
72,22,8,0,1,3,14,0,3,4.371034353807483,0,1,1,1,0,12,0.25,7,0.9166666666666666,1
87,38,7,2,3,1,16,0,4,4.5679849844315665,0,1,1,1,0,14,0.2857142857142857,8,0.7857142857142857,1
44,11,5,0,1,3,10,0,0,4.538310595615005,1,0,0,0,0,9,0.0,7,1.0,0
86,39,8,0,1,1,15,0,4,4.297644767831823,1,1,1,1,0,13,0.38461538461538464,9,0.9230769230769231,1
44,29,8,0,1,0,8,0,3,3.910818766650533,0,0,0,0,0,7,0.5714285714285714,7,0.8571428571428571,1
52,37,8,2,3,0,9,0,3,4.077293025950553,0,0,0,0,0,8,0.375,9,1.0,1
51,12,5,2,3,10,13,1,0,4.229519987361591,0,1,1,1,0,11,0.0,8,1.0,1
54,10,19,0,1,3,11,0,0,4.445090169696792,1,0,0,0,0,10,0.0,7,1.0,0
60,46,7,2,3,0,9,0,4,4.171671696634273,0,0,0,0,0,8,0.5,9,1.0,1
57,15,8,2,3,13,13,1,0,4.516199551243314,0,1,1,1,0,11,0.0,7,1.0,1
57,10,19,0,1,3,12,0,1,4.495366664032679,1,0,0,0,0,11,0.0,7,1.0,0
84,36,8,2,3,1,16,0,2,4.638431432536034,1,1,1,1,0,14,0.21428571428571427,8,0.9285714285714286,1
54,14,8,2,3,12,13,1,0,4.47016724792884,0,1,1,1,0,11,0.0,7,1.0,1
45,10,8,0,1,3,10,0,0,4.436080318455742,0,0,0,0,0,9,0.0,7,1.0,0
59,13,8,2,3,11,13,1,0,4.425191225436189,0,1,1,1,0,11,0.0,9,1.0,1
35,10,0,0,1,3,8,0,0,4.307714802597437,1,0,0,0,0,7,0.0,6,1.0,0
36,7,21,0,1,0,7,0,0,3.8537006129630296,1,0,0,0,0,6,0.0,7,1.0,0
52,36,8,0,1,0,8,0,3,4.284117785607543,1,0,0,0,0,7,0.42857142857142855,9,1.0,1
71,26,8,0,1,3,14,0,4,4.617309196059603,0,1,1,1,0,12,0.3333333333333333,8,0.9166666666666666,1
36,12,16,0,1,0,6,0,0,3.961320140211008,1,0,0,0,0,5,0.0,8,1.0,0
36,11,17,0,1,0,6,0,0,4.0514621540398,1,0,0,0,0,5,0.0,8,1.0,0
25,10,8,0,1,0,5,0,0,3.5932696895151084,0,0,0,0,0,4,0.0,7,1.0,0
32,11,13,0,1,0,6,0,0,3.7621987351738495,1,0,0,0,0,5,0.0,7,1.0,0
50,9,13,0,1,3,11,0,0,4.293660689688186,1,0,0,0,0,10,0.0,7,1.0,0
58,13,8,2,3,11,13,1,0,4.328267039498491,0,1,1,1,0,11,0.0,8,1.0,1
31,10,13,0,1,0,6,0,1,3.8087196973440705,1,0,0,0,0,5,0.0,7,1.0,0
52,13,7,2,3,11,13,1,1,4.494177320667443,0,1,1,1,0,11,0.09090909090909091,6,1.0,1
46,10,8,0,1,3,10,0,0,4.311074184082722,1,0,0,0,0,9,0.0,7,1.0,0
71,25,5,0,1,3,14,0,1,4.395798869753163,0,1,1,1,0,12,0.08333333333333333,7,0.9166666666666666,1
44,12,5,0,1,3,10,0,0,4.427975300790611,0,0,0,0,0,9,0.0,8,1.0,0
62,11,23,0,1,3,12,0,0,4.56324742397514,1,0,0,0,0,11,0.0,9,1.0,0
21,13,0,1,2,0,5,0,0,3.6897037321995474,1,0,0,0,0,4,0.0,6,1.0,0
51,9,17,0,1,3,10,0,0,4.334409048686643,1,0,0,0,0,9,0.0,8,1.0,0
55,14,8,2,3,12,13,1,0,4.431145813936773,0,1,1,1,0,11,0.0,7,1.0,1
49,11,13,0,1,3,10,0,0,4.354007037771997,1,0,0,0,0,9,0.0,7,1.0,0
52,36,8,2,3,0,9,0,4,4.09181009329985,1,0,0,0,0,8,0.5,7,1.0,1
73,25,8,0,1,3,14,0,2,4.305946198087996,0,1,1,1,0,12,0.16666666666666666,7,0.8333333333333334,1
75,26,8,0,1,3,14,0,2,4.5264933533654705,0,1,1,1,0,12,0.25,8,0.75,1
49,11,10,0,1,3,11,0,0,4.558088670425058,1,0,0,0,0,10,0.0,7,1.0,0
83,32,8,0,1,3,14,0,4,4.474816022874279,0,1,1,1,0,12,0.3333333333333333,9,0.9166666666666666,1
83,34,8,2,3,1,16,0,4,4.44634063415259,1,1,1,1,0,14,0.2857142857142857,9,0.9285714285714286,1
80,27,8,0,1,3,14,0,2,4.465794328743807,0,1,1,1,0,12,0.16666666666666666,9,0.9166666666666666,1
52,10,14,0,1,3,11,0,1,4.4241987955141635,1,0,0,0,0,10,0.0,7,1.0,0
39,9,22,0,1,0,7,0,0,3.984657194421208,1,0,0,0,0,6,0.0,8,1.0,0
43,10,25,0,1,0,7,0,0,3.812681545742699,1,0,0,0,0,6,0.0,8,0.8333333333333334,0
34,11,15,0,1,0,6,0,0,4.028639311838575,1,0,0,0,0,5,0.0,8,1.0,0
38,23,7,0,1,2,7,0,3,4.303866908682343,1,0,0,0,0,6,0.5,6,1.0,1
50,35,7,0,1,0,8,0,4,4.130881379939833,1,0,0,0,0,7,0.5714285714285714,7,1.0,1
56,15,8,2,3,13,13,1,1,4.381943696840921,0,1,1,1,0,11,0.09090909090909091,7,1.0,1
83,31,8,0,1,1,15,0,3,4.271000727851512,1,1,1,1,0,13,0.3076923076923077,7,0.8461538461538461,1
84,32,8,0,1,1,15,0,4,4.430365652187006,0,1,1,1,0,13,0.38461538461538464,7,0.8461538461538461,1
49,10,14,0,1,3,10,0,0,4.326558507813907,1,0,0,0,0,9,0.0,7,1.0,0
79,26,7,0,1,3,14,0,4,4.630250586560554,1,1,1,1,0,12,0.3333333333333333,8,1.0,1
87,32,7,0,1,1,15,0,4,4.415085426521571,0,1,1,1,0,13,0.38461538461538464,9,0.8461538461538461,1
26,9,10,0,1,0,6,0,0,3.979097891134804,0,0,0,0,0,5,0.0,6,1.0,0
82,37,5,2,3,1,16,0,3,4.259882929567425,0,1,1,1,0,14,0.2857142857142857,9,0.8571428571428571,1
23,11,5,0,1,0,5,0,0,3.849223912390625,0,0,0,0,0,4,0.0,7,1.0,0
27,14,5,0,1,0,5,0,0,4.134336113194452,1,0,0,0,0,4,0.0,10,1.0,0
51,9,14,0,1,3,11,0,0,4.517643910803241,1,0,0,0,0,10,0.0,8,1.0,0
28,12,9,0,1,0,5,0,0,4.039148671903071,0,0,0,0,0,4,0.0,8,1.0,0
35,10,17,0,1,0,6,0,0,3.9572958738405695,1,0,0,0,0,5,0.0,8,1.0,0
73,25,7,0,1,3,14,0,3,4.261646944176355,1,1,1,1,0,12,0.25,7,0.9166666666666666,1
90,37,8,0,1,1,15,0,4,4.474676262018673,1,1,1,1,0,13,0.3076923076923077,8,1.0,1
23,10,6,0,1,0,5,0,0,3.6211755429194716,0,0,0,0,0,4,0.0,6,1.0,0
80,28,8,0,1,3,14,0,3,4.39280082215992,0,1,1,1,0,12,0.25,9,0.9166666666666666,1
48,34,7,0,1,0,8,0,4,4.282268229617389,0,0,0,0,0,7,0.5714285714285714,8,1.0,1
35,22,5,0,1,2,7,0,2,3.9572958738405686,1,0,0,0,0,6,0.3333333333333333,7,1.0,1
36,12,0,0,1,3,8,0,0,4.3711781263822145,0,0,0,0,0,7,0.0,8,1.0,0
52,12,5,2,3,10,13,1,0,4.471272380112911,0,1,1,1,0,11,0.0,8,1.0,1
89,38,8,2,3,1,16,0,2,4.231039440033613,0,1,1,1,0,14,0.21428571428571427,8,0.7142857142857143,1
38,13,0,0,1,3,8,0,0,4.411758105264182,1,0,0,0,0,7,0.0,9,1.0,0
37,11,18,0,1,0,7,0,0,3.9023039608559698,1,0,0,0,0,6,0.0,7,1.0,0
51,10,13,0,1,3,11,0,0,4.383236989778273,1,0,0,0,0,10,0.0,7,1.0,0
77,28,5,0,1,3,14,0,1,4.455047777469232,0,1,1,1,0,12,0.08333333333333333,8,0.9166666666666666,1
42,9,25,0,1,0,7,0,0,3.613054185797795,1,0,0,0,0,6,0.0,8,0.8333333333333334,0
42,30,5,0,1,2,7,0,2,4.168886994558423,0,0,0,0,0,6,0.3333333333333333,9,1.0,1
39,11,21,0,1,0,7,0,0,3.9678617577018853,0,0,0,0,0,6,0.0,7,1.0,0
52,10,17,0,1,3,10,0,0,4.45006375643621,1,0,0,0,0,9,0.0,8,1.0,0
60,13,8,2,3,11,13,1,0,4.358089297546694,0,1,1,1,0,11,0.0,8,1.0,1
58,10,22,0,1,2,12,0,1,4.440070116549512,0,0,0,0,0,11,0.0,8,1.0,0
57,14,7,2,3,12,13,1,1,4.438190568416891,0,1,1,1,0,11,0.09090909090909091,9,1.0,1
55,14,5,2,3,12,13,1,0,4.378377295406019,0,1,1,1,0,11,0.0,9,1.0,1
58,7,23,0,1,3,12,0,0,4.54524021086175,1,0,0,0,0,11,0.0,9,1.0,0
28,11,9,0,1,0,5,0,0,3.896291529045928,1,0,0,0,0,4,0.0,8,1.0,0
57,14,8,2,3,12,13,1,0,4.5681041507391935,0,1,1,1,0,11,0.0,7,1.0,1
40,24,8,0,1,2,7,0,2,4.315311532225102,1,0,0,0,0,6,0.3333333333333333,7,1.0,1
47,11,8,0,1,3,10,0,0,4.477372032888475,1,0,0,0,0,9,0.0,7,1.0,0
61,15,8,2,3,13,13,1,0,4.528841303922395,0,1,1,1,0,11,0.0,8,1.0,1
39,14,0,0,1,3,8,0,0,4.50938523151634,1,0,0,0,0,7,0.0,10,1.0,0
78,25,8,0,1,3,14,0,3,4.522157572705803,0,1,1,1,0,12,0.25,8,0.9166666666666666,1
27,10,10,0,1,0,6,0,0,3.7360069464476573,0,0,0,0,0,5,0.0,6,1.0,0
31,10,13,0,1,0,6,0,0,3.857422116838488,1,0,0,0,0,5,0.0,7,1.0,0
88,35,7,2,3,1,16,0,4,4.461067232283076,0,1,1,1,0,14,0.2857142857142857,8,0.9285714285714286,1
89,38,7,2,3,1,16,0,4,4.512053416315602,0,1,1,1,0,14,0.2857142857142857,8,0.8571428571428571,1
51,37,7,0,1,0,8,0,4,4.267548077427486,0,0,0,0,0,7,0.5714285714285714,9,1.0,1
35,11,16,0,1,0,6,0,0,3.7258711461231453,1,0,0,0,0,5,0.0,7,0.8,0
33,9,17,0,1,0,6,0,0,4.0060710131011685,0,0,0,0,0,5,0.0,8,1.0,0
79,28,7,0,1,3,14,0,3,4.320648390754215,1,1,1,1,0,12,0.3333333333333333,9,0.9166666666666666,1
50,12,5,2,3,10,13,1,0,4.405187698990101,0,1,1,1,0,11,0.0,6,1.0,1
34,13,14,0,1,0,6,0,0,4.035273502696888,0,0,0,0,0,5,0.0,9,1.0,0
32,10,14,0,1,0,6,0,0,3.750807235905091,1,0,0,0,0,5,0.0,7,1.0,0
42,10,24,0,1,0,7,0,1,3.7879346136060428,1,0,0,0,0,6,0.0,7,0.8333333333333334,0
30,11,11,0,1,0,6,0,0,4.01506101220307,1,0,0,0,0,5,0.0,7,1.0,0
71,24,8,0,1,3,14,0,3,4.401790856881677,0,1,1,1,0,12,0.25,7,0.9166666666666666,1
37,10,0,0,1,2,9,0,0,4.283381405994076,1,0,0,0,0,8,0.0,6,1.0,0
76,24,5,0,1,3,14,0,1,4.2649896438461035,1,1,1,1,0,12,0.08333333333333333,8,0.9166666666666666,1
56,10,18,0,1,3,11,0,0,4.501651074222538,1,0,0,0,0,10,0.0,9,1.0,0
47,32,8,0,1,0,8,0,3,4.400021564305502,0,0,0,0,0,7,0.42857142857142855,7,1.0,1
31,10,13,0,1,0,6,0,0,3.889049535914169,1,0,0,0,0,5,0.0,7,1.0,0
29,11,10,0,1,0,5,0,0,3.788341339656749,1,0,0,0,0,4,0.0,9,1.0,0
90,34,8,2,3,1,16,0,4,4.336146391730678,0,1,1,1,0,14,0.2857142857142857,9,0.9285714285714286,1
56,10,22,0,1,2,11,0,1,4.310060789343957,1,0,0,0,0,10,0.0,7,0.9,0
86,30,8,0,1,1,15,0,5,4.415087632427667,1,1,1,1,0,13,0.38461538461538464,8,1.0,1
77,29,5,0,1,3,14,0,3,4.266491651468215,1,1,1,1,0,12,0.25,8,1.0,1
50,11,16,0,1,1,10,0,0,4.28637013015618,1,0,0,0,0,9,0.0,7,1.0,0
50,35,7,0,1,0,8,0,4,4.178171939471839,1,0,0,0,0,7,0.5714285714285714,9,1.0,1
55,13,7,2,3,11,13,1,1,4.530110200688405,0,1,1,1,0,11,0.09090909090909091,9,1.0,1
60,14,21,0,1,3,11,0,1,4.448824871352452,1,0,0,0,0,10,0.0,10,1.0,0
35,10,0,0,1,3,8,0,0,4.171860873964196,1,0,0,0,0,7,0.0,6,1.0,0
90,36,8,2,3,1,16,0,4,4.437324483861821,1,1,1,1,0,14,0.2857142857142857,8,1.0,1
53,13,7,2,3,11,13,1,1,4.576850773718023,0,1,1,1,0,11,0.09090909090909091,6,1.0,1
76,32,7,0,1,1,15,0,4,4.3612350417031625,0,1,1,1,0,13,0.38461538461538464,9,0.8461538461538461,1
39,11,0,0,1,3,9,0,0,4.490029141717277,1,0,0,0,0,8,0.0,7,1.0,0
53,14,5,2,3,12,13,1,0,4.287539254067759,0,1,1,1,0,11,0.0,8,1.0,1
87,36,8,2,3,1,16,0,3,4.569842478081607,0,1,1,1,0,14,0.21428571428571427,9,0.9285714285714286,1
78,33,5,0,1,1,15,0,3,4.286629486786195,1,1,1,1,0,13,0.23076923076923078,7,1.0,1
74,25,7,0,1,3,14,0,2,4.306302647728645,0,1,1,1,0,12,0.25,8,0.8333333333333334,1
41,7,9,0,1,3,9,0,0,4.503416638553355,1,0,0,0,0,8,0.0,8,1.0,0
77,24,8,0,1,3,14,0,2,4.527953524460705,0,1,1,1,0,12,0.25,9,0.8333333333333334,1
30,13,9,0,1,0,5,0,0,4.0062389286533895,1,0,0,0,0,4,0.0,9,1.0,0
55,13,7,2,3,11,13,1,1,4.456522756728214,0,1,1,1,0,11,0.09090909090909091,8,1.0,1
39,9,22,0,1,0,7,0,0,3.977870976306069,1,0,0,0,0,6,0.0,8,1.0,0
55,10,17,0,1,3,11,0,0,4.476839605127305,1,0,0,0,0,10,0.0,8,1.0,0
54,13,8,2,3,11,13,1,1,4.327668987655435,0,1,1,1,0,11,0.09090909090909091,7,1.0,1
49,34,8,0,1,0,8,0,3,4.030041670814298,0,0,0,0,0,7,0.42857142857142855,9,1.0,1
39,23,8,0,1,2,7,0,3,4.3361829878711236,1,0,0,0,0,6,0.5,7,1.0,1
23,7,9,0,1,0,5,0,0,3.6424896731661263,0,0,0,0,0,4,0.0,8,1.0,0
47,14,8,0,1,3,9,0,0,4.434818841399112,1,0,0,0,0,8,0.0,10,1.0,0
84,36,5,2,3,1,16,0,3,4.389820629603961,1,1,1,1,0,14,0.21428571428571427,9,0.9285714285714286,1
23,10,5,0,1,0,5,0,0,3.7622673906514943,1,0,0,0,0,4,0.0,6,1.0,0
23,10,5,0,1,0,5,0,0,3.7622673906514947,1,0,0,0,0,4,0.0,6,1.0,0
85,35,7,2,3,1,16,0,3,4.472468310886263,1,1,1,1,0,14,0.21428571428571427,8,0.9285714285714286,1
40,9,24,0,1,0,7,0,1,3.9323328717505137,0,0,0,0,0,6,0.0,7,1.0,0
38,13,0,0,1,3,8,0,0,4.359126526316813,1,0,0,0,0,7,0.0,9,1.0,0
39,11,0,0,1,3,9,0,0,4.560667282798391,1,0,0,0,0,8,0.0,7,1.0,0
54,13,8,2,3,11,13,1,1,4.404592064578512,0,1,1,1,0,11,0.09090909090909091,7,1.0,1
59,15,7,2,3,13,13,1,1,4.396951918867121,0,1,1,1,0,11,0.09090909090909091,8,1.0,1
32,14,10,0,1,0,5,0,0,4.132048827786958,1,0,0,0,0,4,0.0,10,1.0,0
28,10,10,0,1,0,5,0,0,3.7979026896829464,1,0,0,0,0,4,0.0,9,1.0,0
27,10,10,0,1,0,6,0,0,3.8100810205217317,0,0,0,0,0,5,0.0,6,1.0,0
35,9,18,0,1,0,6,0,0,3.9001530166977116,1,0,0,0,0,5,0.0,9,1.0,0
78,34,5,0,1,1,15,0,4,4.456965224779708,0,1,1,1,0,13,0.3076923076923077,7,0.9230769230769231,1
34,9,17,0,1,0,6,0,1,3.962031591059445,1,0,0,0,0,5,0.0,8,1.0,0
58,10,21,0,1,2,12,0,0,4.433785151435714,1,0,0,0,0,11,0.0,9,1.0,0
23,10,5,0,1,0,5,0,0,3.795088586397733,1,0,0,0,0,4,0.0,6,1.0,0
17,10,0,0,1,0,4,0,0,3.4548223999466066,0,0,0,0,0,3,0.0,6,1.0,0
89,36,7,2,3,1,16,0,5,4.490478164090478,0,1,1,1,0,14,0.35714285714285715,9,0.9285714285714286,1
26,10,8,0,1,0,5,0,1,3.902174814211727,1,0,0,0,0,4,0.0,7,1.0,0
69,23,8,0,1,3,14,0,1,4.3214048174789506,0,1,1,1,0,12,0.08333333333333333,7,0.75,1
42,10,8,0,1,3,9,0,0,4.254830815378347,0,0,0,0,0,8,0.0,7,1.0,0
87,34,8,2,3,1,16,0,4,4.438754206727865,0,1,1,1,0,14,0.2857142857142857,9,0.9285714285714286,1
20,7,5,0,1,0,5,0,0,3.5841837197791886,1,0,0,0,0,4,0.0,5,1.0,0
57,13,17,0,1,3,11,0,1,4.510362330212912,0,0,0,0,0,10,0.0,9,1.0,0
40,10,22,0,1,0,7,0,0,3.9323328717505137,1,0,0,0,0,6,0.0,8,1.0,0
36,10,18,0,1,0,7,0,0,4.083274571476652,1,0,0,0,0,6,0.0,7,1.0,0
36,10,18,0,1,0,7,0,0,4.006749918638778,1,0,0,0,0,6,0.0,7,1.0,0
50,12,5,2,3,10,13,1,0,4.363521032323434,0,1,1,1,0,11,0.0,6,1.0,1
53,10,16,0,1,3,11,0,1,4.348308841756335,0,0,0,0,0,10,0.0,7,0.9,0
36,10,18,0,1,0,7,0,1,4.006749918638778,1,0,0,0,0,6,0.0,7,1.0,0
40,25,7,0,1,2,7,0,3,4.465311532225102,1,0,0,0,0,6,0.5,8,1.0,1
57,13,8,2,3,11,13,1,0,4.469742159207974,0,1,1,1,0,11,0.0,9,1.0,1
93,37,8,2,3,1,16,0,4,4.399440682200515,1,1,1,1,0,14,0.35714285714285715,8,0.9285714285714286,1
52,14,5,2,3,12,13,1,0,4.361076880026372,0,1,1,1,0,11,0.0,6,1.0,1
54,13,5,2,3,11,13,1,0,4.286482267461659,0,1,1,1,0,11,0.0,9,1.0,1
74,25,7,0,1,3,14,0,3,4.5339465300281345,1,1,1,1,0,12,0.25,9,1.0,1
62,15,8,2,3,13,13,1,0,4.428503522204557,0,1,1,1,0,11,0.0,8,1.0,1
44,29,8,0,1,2,7,0,2,4.036040925839782,0,0,0,0,0,6,0.3333333333333333,7,1.0,1
89,40,8,2,3,1,16,0,3,4.438786956368635,1,1,1,1,0,14,0.21428571428571427,8,1.0,1
81,28,7,0,1,3,14,0,3,4.720644642090547,0,1,1,1,0,12,0.25,9,0.9166666666666666,1
40,10,22,0,1,0,7,0,0,4.037326145256007,1,0,0,0,0,6,0.0,7,1.0,0
36,14,14,0,1,0,6,0,1,3.995906598484245,1,0,0,0,0,5,0.0,10,1.0,0
35,11,16,0,1,0,6,0,0,3.8645783739023827,1,0,0,0,0,5,0.0,7,1.0,0
57,15,8,2,3,13,13,1,1,4.351738068377555,0,1,1,1,0,11,0.09090909090909091,7,1.0,1
48,34,7,0,1,0,8,0,4,4.233007230104884,0,0,0,0,0,7,0.5714285714285714,8,1.0,1
89,41,7,0,1,1,15,0,4,4.406721941117726,0,1,1,1,0,13,0.38461538461538464,9,0.8461538461538461,1
54,7,22,0,1,3,11,0,0,4.403151975132156,1,0,0,0,0,10,0.0,8,1.0,0
78,26,7,0,1,3,14,0,2,4.498350054091901,0,1,1,1,0,12,0.3333333333333333,9,0.75,1
29,12,10,0,1,0,5,0,0,3.9002417706166295,0,0,0,0,0,4,0.0,9,1.0,0
50,9,14,0,1,3,11,0,0,4.471272380112911,0,0,0,0,0,10,0.0,7,1.0,0
58,15,5,2,3,13,13,1,0,4.409485726745214,0,1,1,1,0,11,0.0,9,1.0,1
86,38,7,2,3,1,16,0,4,4.455374275109265,0,1,1,1,0,14,0.2857142857142857,8,0.9285714285714286,1
17,9,0,0,1,0,4,0,0,3.572469458770136,1,0,0,0,0,3,0.0,5,1.0,0
34,10,0,0,1,3,8,0,0,4.24173085589259,0,0,0,0,0,7,0.0,6,1.0,0
38,10,0,0,1,3,9,0,0,4.346225868535943,1,0,0,0,0,8,0.0,6,1.0,0
37,11,18,0,1,0,7,0,0,3.9465059074343407,1,0,0,0,0,6,0.0,7,1.0,0
53,13,8,2,3,11,13,1,0,4.324796793869526,0,1,1,1,0,11,0.0,7,1.0,1
36,22,7,0,1,2,7,0,3,4.218128820706466,0,0,0,0,0,6,0.5,6,1.0,1
74,25,7,0,1,3,14,0,3,4.5331406759983635,1,1,1,1,0,12,0.25,9,1.0,1
56,12,17,0,1,2,11,0,1,4.481200234441705,1,0,0,0,0,10,0.0,8,1.0,0
42,12,5,0,1,3,9,0,0,4.431257232859706,1,0,0,0,0,8,0.0,8,1.0,0
30,11,11,0,1,0,6,0,0,3.748394345536403,1,0,0,0,0,5,0.0,7,1.0,0
55,14,7,2,3,12,13,1,1,4.4330300680897885,0,1,1,1,0,11,0.09090909090909091,7,0.9090909090909091,1
40,12,20,0,1,0,6,0,0,3.893942707918268,1,0,0,0,0,5,0.0,9,0.8,0
86,37,7,2,3,1,16,0,5,4.438399013618543,1,1,1,1,0,14,0.35714285714285715,9,0.9285714285714286,1
71,27,5,0,1,3,14,0,3,4.4697810102033255,0,1,1,1,0,12,0.25,8,0.9166666666666666,1
53,9,16,0,1,3,11,0,0,4.14587382377142,1,0,0,0,0,10,0.0,7,0.9,0
80,30,5,0,1,3,14,0,2,4.421333674585338,1,1,1,1,0,12,0.16666666666666666,9,1.0,1
36,7,21,0,1,0,7,0,0,3.5595314333579484,1,0,0,0,0,6,0.0,7,0.8333333333333334,0
43,10,8,0,1,3,9,0,0,4.22220806840402,1,0,0,0,0,8,0.0,7,1.0,0
47,11,8,0,1,3,10,0,0,4.315464788751521,1,0,0,0,0,9,0.0,7,1.0,0
90,35,8,0,1,1,15,0,4,4.433364079934585,0,1,1,1,0,13,0.3076923076923077,9,0.9230769230769231,1
35,14,13,0,1,0,6,0,0,4.207435516759525,1,0,0,0,0,5,0.0,10,1.0,0
40,24,8,0,1,2,7,0,1,4.072573883611435,1,0,0,0,0,6,0.16666666666666666,7,0.8333333333333334,1
58,12,8,2,3,10,13,1,0,4.568353529463781,0,1,1,1,0,11,0.0,9,1.0,1
87,37,5,2,3,1,16,0,3,4.536445530537256,0,1,1,1,0,14,0.2857142857142857,8,0.8571428571428571,1
48,11,10,0,1,3,11,0,0,4.422995052579129,0,0,0,0,0,10,0.0,7,0.9,0
46,7,15,0,1,3,10,0,0,4.457919564564537,0,0,0,0,0,9,0.0,9,1.0,0
38,7,24,0,1,0,7,0,0,3.5971628830962015,0,0,0,0,0,6,0.0,7,0.8333333333333334,0
39,9,5,0,1,3,9,0,0,4.252974975106085,1,0,0,0,0,8,0.0,5,1.0,0
52,11,13,0,1,3,11,0,0,4.5893928429330675,1,0,0,0,0,10,0.0,7,1.0,0
37,11,18,0,1,0,7,0,0,3.9465059074343407,1,0,0,0,0,6,0.0,7,1.0,0
45,10,8,0,1,2,10,0,0,4.385754484978177,1,0,0,0,0,9,0.0,7,1.0,0
49,35,7,2,3,0,9,0,3,4.311152640422817,0,0,0,0,0,8,0.5,8,0.875,1
51,11,13,0,1,2,11,0,0,4.380772342345473,1,0,0,0,0,10,0.0,7,1.0,0
37,10,0,0,1,3,9,0,0,4.371087149178847,0,0,0,0,0,8,0.0,6,1.0,0
38,11,0,0,1,3,9,0,0,4.4514890264306795,0,0,0,0,0,8,0.0,7,1.0,0
41,10,23,0,1,0,7,0,0,3.939528456144483,1,0,0,0,0,6,0.0,8,1.0,0
74,24,7,0,1,3,14,0,3,4.326884019232527,1,1,1,1,0,12,0.3333333333333333,8,0.9166666666666666,1
56,10,18,0,1,3,11,0,1,4.459427360354677,1,0,0,0,0,10,0.0,9,1.0,0
36,11,17,0,1,0,6,0,1,3.840083251972111,1,0,0,0,0,5,0.0,8,1.0,0
56,13,7,2,3,11,13,1,1,4.319224771879573,0,1,1,1,0,11,0.09090909090909091,9,0.9090909090909091,1
48,10,10,0,1,3,11,0,0,4.496115365169275,1,0,0,0,0,10,0.0,6,1.0,0
91,36,7,0,1,1,15,0,3,4.4497480399607685,0,1,1,1,0,13,0.23076923076923078,8,0.9230769230769231,1
51,37,7,2,3,0,9,0,3,4.375582881433895,0,0,0,0,0,8,0.375,7,1.0,1
84,33,7,0,1,1,15,0,4,4.54959957259525,1,1,1,1,0,13,0.3076923076923077,8,1.0,1
56,15,7,2,3,13,13,1,1,4.445090169696792,0,1,1,1,0,11,0.09090909090909091,7,1.0,1
82,37,5,2,3,1,16,0,3,4.3906344265871375,1,1,1,1,0,14,0.21428571428571427,9,0.9285714285714286,1
61,10,23,0,1,3,12,0,1,4.506247944291064,1,0,0,0,0,11,0.0,8,1.0,0
56,12,7,2,3,10,13,1,1,4.431110771508579,0,1,1,1,0,11,0.09090909090909091,8,1.0,1
52,14,7,2,3,12,13,1,1,4.571663380285989,0,1,1,1,0,11,0.09090909090909091,6,1.0,1
60,15,8,2,3,13,13,1,0,4.392572056167383,0,1,1,1,0,11,0.0,8,1.0,1
45,7,14,0,1,3,10,0,0,4.374860596185444,0,0,0,0,0,9,0.0,7,1.0,0
56,13,8,2,3,11,13,1,0,4.247774946880986,0,1,1,1,0,11,0.0,8,1.0,1
42,10,24,0,1,0,7,0,0,3.8831727088441377,1,0,0,0,0,6,0.0,9,1.0,0
86,34,8,0,1,1,15,0,3,4.363737435254048,1,1,1,1,0,13,0.23076923076923078,9,0.9230769230769231,1
51,10,16,0,1,3,10,0,0,4.223909597247434,1,0,0,0,0,9,0.0,7,1.0,0
53,14,13,0,1,2,11,0,0,4.538872341192371,0,0,0,0,0,10,0.0,10,1.0,0
85,36,8,0,1,1,15,0,2,4.39407990815522,1,1,1,1,0,13,0.23076923076923078,9,0.8461538461538461,1
54,9,18,0,1,3,11,0,0,4.3837930573985116,0,0,0,0,0,10,0.0,8,0.9,0
54,13,13,0,1,3,11,0,0,4.469997169103206,1,0,0,0,0,10,0.0,9,1.0,0
38,11,0,0,1,3,9,0,0,4.504120605378049,0,0,0,0,0,8,0.0,7,1.0,0
55,14,5,2,3,12,13,1,0,4.340641446349416,0,1,1,1,0,11,0.0,9,1.0,1
49,13,8,0,1,3,10,0,1,4.451045558224313,1,0,0,0,0,9,0.0,9,1.0,0
39,10,21,0,1,0,7,0,0,3.984657194421208,1,0,0,0,0,6,0.0,7,1.0,0
54,13,8,2,3,11,13,1,0,4.347772479148065,0,1,1,1,0,11,0.0,7,1.0,1
88,38,7,2,3,1,16,0,3,4.520108761338859,0,1,1,1,0,14,0.2857142857142857,9,0.8571428571428571,1
85,34,8,0,1,1,15,0,3,4.309834681451726,0,1,1,1,0,13,0.3076923076923077,8,0.7692307692307693,1
23,10,5,0,1,0,5,0,0,3.849223912390625,1,0,0,0,0,4,0.0,6,1.0,0
27,14,5,0,1,0,5,0,0,4.078418520441603,1,0,0,0,0,4,0.0,10,1.0,0
73,24,7,0,1,3,14,0,3,4.527206845194288,0,1,1,1,0,12,0.25,7,0.9166666666666666,1
35,14,13,0,1,0,6,0,0,4.1362862311688655,1,0,0,0,0,5,0.0,10,1.0,0
62,14,8,2,3,12,13,1,1,4.467214922148456,0,1,1,1,0,11,0.09090909090909091,9,1.0,1
41,27,7,0,1,2,7,0,3,4.454636150748477,0,0,0,0,0,6,0.5,8,1.0,1
31,10,13,0,1,0,6,0,1,3.9377519554085865,1,0,0,0,0,5,0.0,7,1.0,0
37,9,0,0,1,3,9,0,0,4.3986425548181405,1,0,0,0,0,8,0.0,6,1.0,0
87,38,7,2,3,1,16,0,4,4.595614579085647,0,1,1,1,0,14,0.2857142857142857,8,0.9285714285714286,1
40,10,5,0,1,3,9,0,0,4.3464393446710154,1,0,0,0,0,8,0.0,6,1.0,0
55,10,18,0,1,2,11,0,0,4.404112332400032,1,0,0,0,0,10,0.0,9,1.0,0
71,24,7,0,1,3,14,0,3,4.595428398895443,1,1,1,1,0,12,0.3333333333333333,7,0.9166666666666666,1
60,15,7,2,3,13,13,1,1,4.309869789234109,0,1,1,1,0,11,0.09090909090909091,9,1.0,1
48,7,18,0,1,2,10,0,0,4.262380345401073,0,0,0,0,0,9,0.0,9,1.0,0
81,31,7,0,1,1,15,0,4,4.542607533656742,1,1,1,1,0,13,0.3076923076923077,8,1.0,1
83,34,7,0,1,1,15,0,3,4.417261305489331,0,1,1,1,0,13,0.23076923076923078,9,0.8461538461538461,1
53,12,13,0,1,3,11,0,1,4.480015445366639,1,0,0,0,0,10,0.0,8,1.0,0
42,11,8,0,1,2,9,0,0,4.386015934528989,0,0,0,0,0,8,0.0,7,1.0,0
46,10,8,0,1,3,10,0,0,4.441508966691418,1,0,0,0,0,9,0.0,7,1.0,0
85,36,7,2,3,1,16,0,4,4.456070836200119,0,1,1,1,0,14,0.2857142857142857,8,0.9285714285714286,1
40,25,8,0,1,2,7,0,2,4.125070520364181,0,0,0,0,0,6,0.3333333333333333,7,1.0,1
36,10,18,0,1,0,7,0,0,3.8163401138534074,1,0,0,0,0,6,0.0,7,1.0,0
53,38,7,0,1,0,8,0,3,4.151526586230469,1,0,0,0,0,7,0.5714285714285714,9,0.8571428571428571,1
88,34,8,2,3,1,16,0,4,4.446777290566105,0,1,1,1,0,14,0.35714285714285715,8,0.8571428571428571,1
36,12,17,0,1,0,6,0,0,4.0860486123130375,0,0,0,0,0,5,0.0,8,1.0,0
54,12,14,0,1,3,11,0,0,4.581108280214318,1,0,0,0,0,10,0.0,8,1.0,0
83,35,7,0,1,1,15,0,5,4.5654094536374785,1,1,1,1,0,13,0.38461538461538464,9,1.0,1
26,10,8,0,1,0,5,0,0,3.7343083535732546,1,0,0,0,0,4,0.0,7,1.0,0
59,10,21,0,1,3,12,0,1,4.387069643302052,1,0,0,0,0,11,0.0,7,1.0,0
49,9,15,0,1,3,10,0,0,4.433601620014652,1,0,0,0,0,9,0.0,9,1.0,0
46,30,8,0,1,2,7,0,3,4.3195602607254004,1,0,0,0,0,6,0.5,9,1.0,1
41,10,23,0,1,0,7,0,0,3.6723426404765998,1,0,0,0,0,6,0.0,8,0.8333333333333334,0
59,14,5,2,3,12,13,1,0,4.376125760837417,0,1,1,1,0,11,0.0,9,1.0,1
46,32,7,0,1,0,8,0,4,4.224117662343592,0,0,0,0,0,7,0.5714285714285714,8,1.0,1
31,9,14,0,1,0,6,0,0,4.1313003425053605,1,0,0,0,0,5,0.0,8,1.0,0
27,11,8,0,1,0,5,0,0,3.958229168669879,1,0,0,0,0,4,0.0,7,1.0,0
32,10,14,0,1,0,6,0,0,3.9917292966721747,1,0,0,0,0,5,0.0,8,1.0,0
38,14,16,0,1,0,6,0,0,3.9182084341546166,1,0,0,0,0,5,0.0,10,1.0,0
89,37,7,2,3,1,16,0,4,4.537233055227597,1,1,1,1,0,14,0.2857142857142857,9,1.0,1
77,26,7,0,1,3,14,0,3,4.59354931830796,1,1,1,1,0,12,0.25,8,1.0,1
83,35,5,2,3,1,16,0,3,4.4316851896131695,1,1,1,1,0,14,0.2857142857142857,8,0.9285714285714286,1
45,11,6,0,1,3,10,0,0,4.446974207248478,1,0,0,0,0,9,0.0,7,1.0,0
50,38,5,0,1,0,8,0,2,4.191272380112911,0,0,0,0,0,7,0.2857142857142857,9,1.0,1
89,41,7,2,3,1,16,0,3,4.618770400158335,1,1,1,1,0,14,0.21428571428571427,9,1.0,1
95,38,8,2,3,1,16,0,3,4.429793323479809,0,1,1,1,0,14,0.21428571428571427,9,0.9285714285714286,1
33,9,16,0,1,0,6,0,0,3.8848588918890474,1,0,0,0,0,5,0.0,7,1.0,0
62,11,24,0,1,3,12,0,1,4.423392029409704,0,0,0,0,0,11,0.0,7,0.9090909090909091,0
75,29,7,0,1,3,14,0,2,4.412446395018998,0,1,1,1,0,12,0.25,9,0.8333333333333334,1
39,9,22,0,1,0,7,0,0,3.8627370020580423,1,0,0,0,0,6,0.0,7,1.0,0
87,33,8,0,1,1,15,0,4,4.453755502731019,1,1,1,1,0,13,0.3076923076923077,8,1.0,1
32,11,13,0,1,0,6,0,0,3.753928031846024,1,0,0,0,0,5,0.0,7,1.0,0
43,10,5,0,1,3,10,0,0,4.315231324217973,1,0,0,0,0,9,0.0,6,1.0,0
52,10,18,0,1,3,11,0,0,4.344603305371518,0,0,0,0,0,10,0.0,7,1.0,0
23,10,5,0,1,0,5,0,0,3.675310868912364,1,0,0,0,0,4,0.0,6,1.0,0
31,10,13,0,1,0,6,0,1,3.824533406881911,1,0,0,0,0,5,0.0,7,1.0,0
28,11,9,0,1,0,5,0,0,3.7979026896829464,1,0,0,0,0,4,0.0,8,1.0,0
40,12,0,0,1,3,9,0,0,4.553055907333277,1,0,0,0,0,8,0.0,8,1.0,0
80,33,7,0,1,1,15,0,3,4.365343008697403,0,1,1,1,0,13,0.3076923076923077,8,0.7692307692307693,1
55,15,7,2,3,13,13,1,1,4.392620455824199,0,1,1,1,0,11,0.09090909090909091,6,1.0,1
33,14,11,0,1,0,6,0,0,4.0060710131011685,1,0,0,0,0,5,0.0,10,1.0,0
31,7,16,0,1,0,6,0,1,4.042433003725894,1,0,0,0,0,5,0.0,7,1.0,0
38,24,7,0,1,2,7,0,2,4.133071514059367,0,0,0,0,0,6,0.3333333333333333,7,1.0,1
23,10,5,0,1,0,5,0,0,3.621175542919471,1,0,0,0,0,4,0.0,6,1.0,0
31,9,14,0,1,0,6,0,0,3.953565664946427,1,0,0,0,0,5,0.0,7,1.0,0
54,13,8,2,3,11,13,1,1,4.351613458767676,0,1,1,1,0,11,0.09090909090909091,7,1.0,1
32,11,13,0,1,0,6,0,0,3.8667292966721747,1,0,0,0,0,5,0.0,7,1.0,0
53,39,7,2,3,0,9,0,4,4.18549392698104,0,0,0,0,0,8,0.5,8,1.0,1
34,10,0,0,1,3,8,0,0,4.24173085589259,0,0,0,0,0,7,0.0,6,1.0,0
50,35,7,2,3,0,9,0,4,4.36307418942857,1,0,0,0,0,8,0.5,7,1.0,1
39,26,5,0,1,2,7,0,2,4.3361829878711236,1,0,0,0,0,6,0.3333333333333333,8,1.0,1
51,10,13,0,1,3,11,0,0,4.3955740580741685,1,0,0,0,0,10,0.0,7,1.0,0
63,10,25,0,1,3,12,0,0,4.506975312657207,1,0,0,0,0,11,0.0,8,1.0,0
38,24,7,0,1,2,7,0,2,4.411758105264182,0,0,0,0,0,6,0.3333333333333333,7,1.0,1
35,11,16,0,1,0,6,0,1,3.9292830169449653,1,0,0,0,0,5,0.0,7,1.0,0
74,24,8,0,1,3,14,0,3,4.3400832519721115,1,1,1,1,0,12,0.25,7,1.0,1
77,26,7,0,1,3,14,0,4,4.6586237785911075,0,1,1,1,0,12,0.3333333333333333,8,0.9166666666666666,1
26,11,8,0,1,0,5,0,0,3.8441065448145375,0,0,0,0,0,4,0.0,7,1.0,0
39,10,21,0,1,0,7,0,1,4.109138039864114,1,0,0,0,0,6,0.0,7,1.0,0
51,10,16,0,1,3,10,0,1,4.365970626616777,1,0,0,0,0,9,0.0,7,1.0,0
76,30,5,0,1,1,15,0,3,4.376711352888658,0,1,1,1,0,13,0.23076923076923078,8,0.9230769230769231,1
48,11,9,0,1,3,10,0,0,4.584147917027246,1,0,0,0,0,9,0.0,8,1.0,0
44,12,24,0,1,0,7,0,0,4.109793482608794,1,0,0,0,0,6,0.0,9,1.0,0
89,41,7,2,3,1,16,0,4,4.473045002246177,0,1,1,1,0,14,0.2857142857142857,9,0.9285714285714286,1
78,24,5,0,1,3,14,0,3,4.478144704706508,0,1,1,1,0,12,0.25,9,0.9166666666666666,1
38,11,0,0,1,2,9,0,0,4.366091329119192,1,0,0,0,0,8,0.0,7,1.0,0
89,37,7,0,1,1,15,0,5,4.451018427072991,1,1,1,1,0,13,0.38461538461538464,9,1.0,1
55,14,8,2,3,12,13,1,0,4.353789861670549,0,1,1,1,0,11,0.0,7,1.0,1
41,9,5,0,1,3,10,0,0,4.37548706543539,0,0,0,0,0,9,0.0,5,1.0,0
34,10,16,0,1,0,6,0,0,3.8299661500102378,1,0,0,0,0,5,0.0,7,1.0,0
44,32,5,0,1,0,8,0,3,4.246157118972429,0,0,0,0,0,7,0.42857142857142855,7,1.0,1
45,13,24,0,1,0,7,0,0,3.857946708877887,1,0,0,0,0,6,0.0,9,0.8333333333333334,0
55,41,7,2,3,0,9,0,4,4.274198750077731,0,0,0,0,0,8,0.5,8,1.0,1
95,43,8,2,3,1,16,0,2,4.322686253692701,0,1,1,1,0,14,0.14285714285714285,9,0.9285714285714286,1
40,9,5,0,1,2,10,0,0,4.225070520364182,0,0,0,0,0,9,0.0,5,1.0,0
47,11,8,0,1,3,10,0,0,4.591094968376697,1,0,0,0,0,9,0.0,7,1.0,0
56,11,18,0,1,2,12,0,0,4.454701244167347,1,0,0,0,0,11,0.0,7,1.0,0
24,9,8,0,1,0,5,0,0,3.621653522439334,0,0,0,0,0,4,0.0,7,1.0,0
90,41,7,2,3,1,16,0,4,4.491276896894353,0,1,1,1,0,14,0.35714285714285715,9,0.8571428571428571,1
47,31,8,0,1,0,8,0,3,4.297278555298896,1,0,0,0,0,7,0.42857142857142855,7,1.0,1
52,9,18,0,1,3,11,0,0,4.226801439620117,1,0,0,0,0,10,0.0,7,1.0,0
57,15,8,2,3,13,13,1,0,4.4244653411048285,0,1,1,1,0,11,0.0,7,1.0,1
79,30,7,0,1,1,15,0,4,4.420617996299822,1,1,1,1,0,13,0.3076923076923077,7,1.0,1
37,11,18,0,1,0,6,0,0,3.8278475418785787,1,0,0,0,0,5,0.0,9,1.0,0
38,10,20,0,1,0,7,0,0,3.9784845935086506,1,0,0,0,0,6,0.0,8,1.0,0
36,10,18,0,1,0,7,0,1,3.972163460365541,1,0,0,0,0,6,0.0,7,1.0,0
82,34,5,0,1,1,15,0,3,4.363897357994419,1,1,1,1,0,13,0.23076923076923078,8,1.0,1
86,37,7,2,3,1,16,0,4,4.522571589136359,1,1,1,1,0,14,0.35714285714285715,7,0.9285714285714286,1
42,26,8,0,1,2,7,0,1,4.3000721137090645,1,0,0,0,0,6,0.16666666666666666,7,0.8333333333333334,1
38,10,20,0,1,0,6,0,0,3.8404553172497944,1,0,0,0,0,5,0.0,9,0.8,0
35,9,18,0,1,0,6,0,0,4.014438730983427,1,0,0,0,0,5,0.0,9,1.0,0
26,10,8,0,1,0,5,0,0,3.950063756436209,1,0,0,0,0,4,0.0,7,1.0,0
43,10,8,0,1,3,9,0,1,4.454766207938903,1,0,0,0,0,8,0.0,7,1.0,0
85,34,8,2,3,1,16,0,3,4.4043781367368275,1,1,1,1,0,14,0.21428571428571427,8,0.9285714285714286,1
26,11,8,0,1,0,5,0,1,3.796217602590055,0,0,0,0,0,4,0.0,7,1.0,0
94,40,8,2,3,1,16,0,2,4.553393782966262,1,1,1,1,0,14,0.14285714285714285,8,0.9285714285714286,1
50,34,8,0,1,0,8,0,3,4.279079570624175,1,0,0,0,0,7,0.42857142857142855,7,1.0,1
56,14,14,0,1,3,11,0,1,4.568353529463782,1,0,0,0,0,10,0.0,10,1.0,0
44,29,8,0,1,2,7,0,3,4.092636948468714,0,0,0,0,0,6,0.5,7,1.0,1
35,14,13,0,1,0,6,0,0,3.9217212310452396,1,0,0,0,0,5,0.0,10,1.0,0
57,13,16,0,1,3,11,0,0,4.451678506213852,1,0,0,0,0,10,0.0,9,1.0,0
57,14,7,2,3,12,13,1,1,4.3725607416089485,0,1,1,1,0,11,0.09090909090909091,8,1.0,1
34,7,19,0,1,0,7,0,0,3.657192532924143,1,0,0,0,0,6,0.0,7,1.0,0
49,35,7,2,3,0,9,0,4,4.459012079154174,0,0,0,0,0,8,0.5,8,1.0,1
41,12,21,0,1,0,7,0,1,4.013176017331163,1,0,0,0,0,6,0.0,8,1.0,0
31,7,16,0,1,0,6,0,0,3.7409821015340743,1,0,0,0,0,5,0.0,7,1.0,0
46,31,7,0,1,0,8,0,3,4.1727148802435865,1,0,0,0,0,7,0.42857142857142855,7,1.0,1
41,10,24,0,1,0,7,0,0,3.77777395746767,0,0,0,0,0,6,0.0,7,0.8333333333333334,0
40,11,21,0,1,0,7,0,1,3.872573883611434,1,0,0,0,0,6,0.0,7,0.8333333333333334,0
53,13,7,2,3,11,13,1,1,4.442443852693054,0,1,1,1,0,11,0.09090909090909091,6,1.0,1
56,14,7,2,3,12,13,1,1,4.53314364195908,0,1,1,1,0,11,0.09090909090909091,6,1.0,1
30,10,12,0,1,0,6,0,0,3.644413829577611,1,0,0,0,0,5,0.0,6,0.8,0
43,13,22,0,1,0,7,0,1,4.109306836490686,1,0,0,0,0,6,0.0,9,1.0,0
40,11,22,0,1,0,7,0,0,3.903701696057347,0,0,0,0,0,6,0.0,8,1.0,0
42,12,23,0,1,0,7,0,0,4.13924145889565,0,0,0,0,0,6,0.0,8,1.0,0
41,9,24,0,1,0,7,0,0,4.073913212347579,1,0,0,0,0,6,0.0,9,1.0,0
39,13,0,0,1,1,9,0,0,4.316826898072059,1,0,0,0,0,8,0.0,9,1.0,0
45,10,8,0,1,2,10,0,0,4.446974207248478,1,0,0,0,0,9,0.0,7,1.0,0
39,11,0,0,1,3,9,0,0,4.458103180234289,1,0,0,0,0,8,0.0,7,1.0,0
37,11,18,0,1,0,7,0,1,4.036910717378838,1,0,0,0,0,6,0.0,7,1.0,0
70,26,8,0,1,3,14,0,3,4.285561002824151,0,1,1,1,0,12,0.25,8,0.9166666666666666,1
57,13,5,2,3,11,13,1,0,4.528744204623184,0,1,1,1,0,11,0.0,8,1.0,1
27,11,8,0,1,0,5,0,1,3.810081020521731,1,0,0,0,0,4,0.0,7,1.0,0
38,10,0,0,1,3,9,0,0,4.431623565847432,1,0,0,0,0,8,0.0,6,1.0,0
46,13,5,0,1,3,10,0,0,4.501397825434101,1,0,0,0,0,9,0.0,9,1.0,0
36,12,16,0,1,0,6,0,1,4.037844793048881,1,0,0,0,0,5,0.0,8,1.0,0
35,14,13,0,1,0,6,0,0,4.0360069453309535,1,0,0,0,0,5,0.0,10,1.0,0
87,33,8,0,1,1,15,0,4,4.485402043153287,1,1,1,1,0,13,0.3076923076923077,8,1.0,1
35,10,18,0,1,0,6,0,1,3.921721231045239,0,0,0,0,0,5,0.0,9,1.0,0
55,14,8,2,3,12,13,1,0,4.341430955405386,0,1,1,1,0,11,0.0,7,1.0,1
58,13,7,2,3,11,13,1,1,4.4681813781345525,0,1,1,1,0,11,0.09090909090909091,8,1.0,1
49,12,10,0,1,3,10,0,0,4.566055191354919,0,0,0,0,0,9,0.0,9,1.0,0
34,13,13,0,1,0,6,0,0,4.054538856580817,1,0,0,0,0,5,0.0,9,1.0,0
31,10,13,0,1,0,6,0,0,3.9134007456613777,1,0,0,0,0,5,0.0,7,1.0,0
51,36,8,2,3,0,9,0,4,4.069511499582194,0,0,0,0,0,8,0.5,7,1.0,1
34,12,14,0,1,0,6,0,0,4.101881223476018,1,0,0,0,0,5,0.0,8,1.0,0
78,28,7,0,1,3,14,0,4,4.377503382446711,0,1,1,1,0,12,0.3333333333333333,9,0.9166666666666666,1
39,10,21,0,1,0,7,0,0,3.8627370020580423,1,0,0,0,0,6,0.0,7,0.8333333333333334,0
55,13,8,2,3,11,13,1,0,4.456522756728214,0,1,1,1,0,11,0.0,7,1.0,1
73,25,8,0,1,3,14,0,3,4.439561513834794,0,1,1,1,0,12,0.25,9,0.9166666666666666,1
83,31,7,0,1,1,15,0,3,4.569193484334477,1,1,1,1,0,13,0.3076923076923077,8,0.9230769230769231,1
54,14,5,2,3,12,13,1,0,4.363405344384737,0,1,1,1,0,11,0.0,6,1.0,1
53,38,8,2,3,0,9,0,2,4.244838210523051,0,0,0,0,0,8,0.25,9,1.0,1
56,10,21,0,1,3,11,0,0,4.332294941091037,1,0,0,0,0,10,0.0,7,1.0,0
55,14,8,2,3,12,13,1,0,4.558596521524762,0,1,1,1,0,11,0.0,7,1.0,1
45,9,8,0,1,3,10,0,1,4.383535252309071,1,0,0,0,0,9,0.0,7,1.0,0
57,14,8,2,3,12,13,1,1,4.510917841144164,0,1,1,1,0,11,0.09090909090909091,7,1.0,1
50,34,8,0,1,0,8,0,3,4.038759322004104,1,0,0,0,0,7,0.5714285714285714,8,0.8571428571428571,1
57,13,7,2,3,11,13,1,1,4.483467386520037,0,1,1,1,0,11,0.09090909090909091,8,1.0,1
93,42,8,2,3,1,16,0,3,4.426045294774902,0,1,1,1,0,14,0.21428571428571427,8,0.9285714285714286,1
62,14,8,2,3,12,13,1,0,4.550489295854282,0,1,1,1,0,11,0.0,9,1.0,1
18,10,0,0,1,0,4,0,0,3.7254805569978675,1,0,0,0,0,3,0.0,6,1.0,0
24,10,6,0,1,0,5,0,0,3.8868421881310122,1,0,0,0,0,4,0.0,6,1.0,0
71,27,5,0,1,3,14,0,1,4.389260826588449,1,1,1,1,0,12,0.08333333333333333,7,1.0,1
33,11,15,0,1,0,7,0,0,3.9801694078807643,0,0,0,0,0,6,0.0,7,1.0,0
28,13,8,0,1,0,5,0,0,3.8693312611115185,0,0,0,0,0,4,0.0,9,1.0,0
85,36,8,2,3,1,16,0,3,4.411570914350201,0,1,1,1,0,14,0.21428571428571427,8,0.9285714285714286,1
55,13,7,2,3,11,13,1,1,4.442279596310035,0,1,1,1,0,11,0.09090909090909091,6,1.0,1
53,11,16,0,1,1,11,0,0,4.379166804461991,1,0,0,0,0,10,0.0,7,0.9,0
50,7,18,0,1,3,10,0,0,4.5034651896016475,1,0,0,0,0,9,0.0,9,1.0,0
79,29,8,0,1,3,14,0,2,4.622043645706666,0,1,1,1,0,12,0.16666666666666666,9,0.8333333333333334,1
83,39,8,0,1,1,15,0,2,4.5213625833353746,0,1,1,1,0,13,0.23076923076923078,8,0.8461538461538461,1
46,9,10,0,1,2,10,0,0,4.4393379782107685,1,0,0,0,0,9,0.0,9,1.0,0
24,9,8,0,1,0,5,0,0,3.6572682296173893,0,0,0,0,0,4,0.0,7,1.0,0
40,28,5,0,1,2,7,0,2,4.193942707918269,0,0,0,0,0,6,0.3333333333333333,8,1.0,1
19,7,5,0,1,0,5,0,0,3.4316235658474303,0,0,0,0,0,4,0.0,4,1.0,0
49,14,10,0,1,3,9,0,0,4.578097853921918,1,0,0,0,0,8,0.0,10,1.0,0
44,29,8,0,1,2,7,0,2,4.196163233967435,0,0,0,0,0,6,0.3333333333333333,7,1.0,1
86,34,8,0,1,1,15,0,3,4.35137467952203,0,1,1,1,0,13,0.23076923076923078,8,0.8461538461538461,1
42,14,0,0,1,3,9,0,0,4.57649212500518,1,0,0,0,0,8,0.0,10,1.0,0
54,7,20,0,1,3,12,0,0,4.48397656729142,0,0,0,0,0,11,0.0,8,1.0,0
57,13,7,2,3,11,13,1,1,4.4089243779725855,0,1,1,1,0,11,0.09090909090909091,8,1.0,1
26,11,8,0,1,0,5,0,0,3.9500637564362093,0,0,0,0,0,4,0.0,7,1.0,0
25,10,8,0,1,0,5,0,0,3.4030741894285694,0,0,0,0,0,4,0.0,7,1.0,0
37,9,0,0,1,3,9,0,0,4.247030650103632,1,0,0,0,0,8,0.0,6,0.875,0
26,10,8,0,1,0,5,0,0,3.7671834678914604,1,0,0,0,0,4,0.0,7,1.0,0
30,11,11,0,1,0,6,0,0,3.789898095464287,1,0,0,0,0,5,0.0,7,1.0,0
85,35,7,2,3,1,16,0,3,4.573052835532007,0,1,1,1,0,14,0.2857142857142857,9,0.8571428571428571,1
25,9,8,0,1,0,5,0,0,3.5932696895151075,1,0,0,0,0,4,0.0,7,1.0,0
83,34,7,2,3,1,16,0,4,4.332401127154651,0,1,1,1,0,14,0.2857142857142857,8,0.8571428571428571,1
33,7,18,0,1,0,7,0,1,3.896687968421265,1,0,0,0,0,6,0.0,7,1.0,0
59,12,7,2,3,10,13,1,1,4.628869128496483,0,1,1,1,0,11,0.09090909090909091,9,1.0,1
85,34,7,0,1,1,15,0,3,4.522453667577553,1,1,1,1,0,13,0.3076923076923077,9,0.9230769230769231,1
25,12,5,0,1,0,5,0,0,4.053660689688185,1,0,0,0,0,4,0.0,8,1.0,0
40,10,6,0,1,3,9,0,0,4.308694969562842,0,0,0,0,0,8,0.0,6,1.0,0
31,11,13,0,1,0,6,0,0,3.9779168746936353,0,0,0,0,0,5,0.0,7,1.0,0
23,9,6,0,1,0,5,0,0,3.729446194905257,1,0,0,0,0,4,0.0,5,1.0,0
43,10,5,0,1,3,10,0,0,4.312908871424721,1,0,0,0,0,9,0.0,6,1.0,0
87,38,5,2,3,1,16,0,2,4.516062077233127,1,1,1,1,0,14,0.14285714285714285,9,0.9285714285714286,1
79,32,7,0,1,1,15,0,3,4.373739548579864,0,1,1,1,0,13,0.3076923076923077,7,0.7692307692307693,1
50,35,8,2,3,0,9,0,3,4.2561746300696415,0,0,0,0,0,8,0.375,7,1.0,1
56,14,8,2,3,12,13,1,1,4.377470087207844,0,1,1,1,0,11,0.09090909090909091,7,1.0,1
47,33,7,2,3,0,9,0,4,4.434818841399113,0,0,0,0,0,8,0.5,6,1.0,1
34,10,16,0,1,0,6,0,1,3.8221819586428722,1,0,0,0,0,5,0.0,7,1.0,0
89,40,7,2,3,1,16,0,3,4.408212062334495,0,1,1,1,0,14,0.35714285714285715,8,0.7857142857142857,1
41,11,5,0,1,3,9,0,0,4.424267553240269,1,0,0,0,0,8,0.0,7,1.0,0
33,12,14,0,1,0,6,0,0,4.0895524525606675,0,0,0,0,0,5,0.0,8,1.0,0
59,13,8,2,3,11,13,1,1,4.446301199433908,0,1,1,1,0,11,0.09090909090909091,9,1.0,1
56,40,8,2,3,0,9,0,2,4.291393261529371,1,0,0,0,0,8,0.25,9,0.875,1
34,9,18,0,1,0,6,0,0,3.7382186359289507,0,0,0,0,0,5,0.0,9,1.0,0
33,9,16,0,1,0,6,0,0,3.9225895736416696,1,0,0,0,0,5,0.0,7,1.0,0
59,10,21,0,1,3,12,0,0,4.501559261982788,1,0,0,0,0,11,0.0,7,1.0,0
34,10,16,0,1,0,6,0,0,3.9620315910594455,1,0,0,0,0,5,0.0,7,1.0,0
83,34,5,0,1,1,15,0,2,4.60679078751493,0,1,1,1,0,13,0.15384615384615385,8,0.8461538461538461,1
43,31,5,0,1,2,7,0,2,4.155818464397663,0,0,0,0,0,6,0.3333333333333333,8,1.0,1
75,25,8,0,1,3,14,0,2,4.5164686969838375,0,1,1,1,0,12,0.16666666666666666,8,0.8333333333333334,1
36,10,18,0,1,0,7,0,0,4.062305474194333,1,0,0,0,0,6,0.0,7,1.0,0
90,42,8,2,3,1,16,0,3,4.230873278427585,0,1,1,1,0,14,0.35714285714285715,9,0.7857142857142857,1
85,33,8,2,3,1,16,0,3,4.322101975010194,1,1,1,1,0,14,0.21428571428571427,8,1.0,1
40,10,22,0,1,0,7,0,1,3.8970851333950867,1,0,0,0,0,6,0.0,8,1.0,0
34,10,0,0,1,3,8,0,0,4.2339466645252255,0,0,0,0,0,7,0.0,6,1.0,0
89,39,8,2,3,1,16,0,4,4.597891703951929,0,1,1,1,0,14,0.2857142857142857,8,0.9285714285714286,1
35,10,17,0,1,0,7,0,0,3.8868846325059936,1,0,0,0,0,6,0.0,6,0.8333333333333334,0
58,15,8,2,3,13,13,1,0,4.365764637179025,0,1,1,1,0,11,0.0,7,1.0,1
52,13,5,2,3,11,13,1,0,4.4435359411546544,0,1,1,1,0,11,0.0,7,1.0,1
43,13,5,0,1,3,9,0,0,4.379298475431077,1,0,0,0,0,8,0.0,9,1.0,0
71,24,7,0,1,3,14,0,3,4.675280210552356,0,1,1,1,0,12,0.3333333333333333,7,0.8333333333333334,1
31,10,13,0,1,0,6,0,0,3.7198523585646037,1,0,0,0,0,5,0.0,7,1.0,0
76,27,7,0,1,3,14,0,3,4.554784825441459,0,1,1,1,0,12,0.3333333333333333,9,0.8333333333333334,1
39,11,20,0,1,0,7,0,0,3.8527277834538585,1,0,0,0,0,6,0.0,9,0.8333333333333334,0
53,15,5,2,3,13,13,1,0,4.4051863128912885,0,1,1,1,0,11,0.0,6,1.0,1
23,11,5,0,1,0,5,0,0,3.7622673906514947,0,0,0,0,0,4,0.0,7,1.0,0
77,29,8,0,1,3,14,0,3,4.629973317186082,1,1,1,1,0,12,0.25,9,1.0,1
48,12,8,0,1,3,10,0,0,4.3915414066556515,1,0,0,0,0,9,0.0,8,1.0,0
58,15,8,2,3,13,13,1,0,4.423713074640391,0,1,1,1,0,11,0.0,7,1.0,1
47,11,11,0,1,3,10,0,0,4.410451883362374,1,0,0,0,0,9,0.0,7,1.0,0
50,36,7,2,3,0,9,0,4,4.341467880199449,0,0,0,0,0,8,0.5,8,1.0,1
56,13,8,2,3,11,13,1,1,4.48397656729142,0,1,1,1,0,11,0.09090909090909091,9,1.0,1
46,9,10,0,1,2,11,0,0,4.3274847819558415,1,0,0,0,0,10,0.0,6,0.9,0
38,14,16,0,1,0,6,0,0,3.807689198885676,1,0,0,0,0,5,0.0,10,0.8,0
26,11,8,0,1,0,5,0,1,3.902174814211727,0,0,0,0,0,4,0.0,7,1.0,0
58,10,21,0,1,3,12,0,0,4.394293874617553,0,0,0,0,0,11,0.0,7,0.9090909090909091,0
58,14,8,2,3,12,13,1,0,4.519159109782291,0,1,1,1,0,11,0.0,9,1.0,1
87,39,7,0,1,1,15,0,3,4.270983660927608,0,1,1,1,0,13,0.3076923076923077,8,0.7692307692307693,1
77,27,7,0,1,3,14,0,3,4.45990815049057,1,1,1,1,0,12,0.3333333333333333,8,0.9166666666666666,1
34,10,16,0,1,0,6,0,0,3.7999793850498294,1,0,0,0,0,5,0.0,7,1.0,0
58,14,7,2,3,12,13,1,1,4.604067815178067,0,1,1,1,0,11,0.09090909090909091,8,1.0,1
51,10,13,0,1,3,11,0,0,4.493229940257426,1,0,0,0,0,10,0.0,7,1.0,0
38,10,0,0,1,3,9,0,0,4.5239860659612985,1,0,0,0,0,8,0.0,6,1.0,0
92,41,7,2,3,1,16,0,4,4.3362762115751075,0,1,1,1,0,14,0.35714285714285715,9,0.8571428571428571,1
58,13,17,0,1,3,11,0,1,4.46782253852256,1,0,0,0,0,10,0.0,9,1.0,0
35,12,16,0,1,0,6,0,0,3.8721401598021084,0,0,0,0,0,5,0.0,8,1.0,0
42,9,5,0,1,3,10,0,0,4.45160849410431,1,0,0,0,0,9,0.0,6,1.0,0
50,9,16,0,1,3,10,0,1,4.279079570624174,1,0,0,0,0,9,0.0,7,1.0,0
77,24,8,0,1,3,14,0,3,4.551399192191557,1,1,1,1,0,12,0.25,8,1.0,1
55,15,7,2,3,13,13,1,1,4.463888030795443,0,1,1,1,0,11,0.09090909090909091,6,1.0,1
84,36,7,2,3,1,16,0,4,4.493394123089822,0,1,1,1,0,14,0.2857142857142857,7,0.8571428571428571,1
23,10,5,0,1,0,5,0,0,3.7622673906514947,1,0,0,0,0,4,0.0,6,1.0,0
43,11,8,0,1,3,9,0,0,4.4837223125397525,0,0,0,0,0,8,0.0,7,1.0,0
43,10,8,0,1,3,9,0,0,4.388376603932547,1,0,0,0,0,8,0.0,7,1.0,0
76,28,8,0,1,3,14,0,2,4.3957641844321325,0,1,1,1,0,12,0.25,8,0.8333333333333334,1
36,10,18,0,1,0,6,0,0,4.072431251322119,1,0,0,0,0,5,0.0,9,1.0,0
32,10,15,0,1,0,6,0,0,3.8431390622295662,0,0,0,0,0,5,0.0,9,1.0,0
53,11,15,0,1,3,11,0,0,4.463400643079163,0,0,0,0,0,10,0.0,9,1.0,0
30,14,8,0,1,0,5,0,1,3.989898095464287,1,0,0,0,0,4,0.0,10,1.0,0
18,10,0,0,1,0,4,0,0,3.6835423624332306,1,0,0,0,0,3,0.0,6,1.0,0
35,10,17,0,1,0,6,0,0,3.682734717428089,1,0,0,0,0,5,0.0,8,1.0,0
33,13,13,0,1,0,6,0,1,3.98319563424773,0,0,0,0,0,5,0.0,9,1.0,0
31,10,13,0,1,0,6,0,1,4.042433003725894,1,0,0,0,0,5,0.0,7,1.0,0
61,14,7,2,3,12,13,1,1,4.407464024960867,0,1,1,1,0,11,0.09090909090909091,9,1.0,1
58,14,5,2,3,12,13,1,0,4.235640414361114,0,1,1,1,0,11,0.0,8,1.0,1
60,15,8,2,3,13,13,1,0,4.440070116549512,0,1,1,1,0,11,0.0,8,1.0,1
56,13,8,2,3,11,13,1,0,4.644254753070191,0,1,1,1,0,11,0.0,8,1.0,1
56,9,19,0,1,3,12,0,0,4.4511346202348525,1,0,0,0,0,11,0.0,8,0.9090909090909091,0
43,10,8,0,1,3,9,0,0,4.350342370830227,1,0,0,0,0,8,0.0,7,1.0,0
81,34,7,0,1,1,15,0,4,4.602266312418729,1,1,1,1,0,13,0.3076923076923077,8,1.0,1
83,36,7,0,1,1,15,0,3,4.440719756475628,1,1,1,1,0,13,0.38461538461538464,8,0.8461538461538461,1
31,10,13,0,1,0,6,0,0,3.8488846166291197,1,0,0,0,0,5,0.0,7,1.0,0
54,38,8,2,3,0,9,0,2,4.366114938095118,1,0,0,0,0,8,0.25,9,1.0,1
37,11,18,0,1,0,7,0,1,3.935955649986687,1,0,0,0,0,6,0.0,7,1.0,0
86,41,5,2,3,1,16,0,2,4.4883958105259225,0,1,1,1,0,14,0.14285714285714285,9,0.7857142857142857,1
75,24,8,0,1,3,14,0,2,4.533744380940551,1,1,1,1,0,12,0.16666666666666666,9,1.0,1
51,37,7,2,3,0,9,0,3,4.218720136335857,0,0,0,0,0,8,0.375,9,1.0,1
49,37,5,2,3,0,9,0,3,4.305751364780154,0,0,0,0,0,8,0.375,7,1.0,1
47,33,7,0,1,0,8,0,4,4.291097830714783,0,0,0,0,0,7,0.5714285714285714,8,1.0,1
34,10,16,0,1,0,6,0,1,3.760421209521994,1,0,0,0,0,5,0.0,7,1.0,0
26,10,9,0,1,0,5,0,0,3.8441065448145375,0,0,0,0,0,4,0.0,8,1.0,0
50,10,13,0,1,3,11,0,0,4.43127238011291,0,0,0,0,0,10,0.0,7,1.0,0
55,12,17,0,1,2,11,0,0,4.506105795571611,0,0,0,0,0,10,0.0,8,1.0,0
50,9,13,0,1,3,11,0,0,4.333660689688186,1,0,0,0,0,10,0.0,7,1.0,0
23,10,5,0,1,0,5,0,0,3.849223912390625,1,0,0,0,0,4,0.0,6,1.0,0
43,28,7,0,1,2,7,0,3,4.277797824812466,1,0,0,0,0,6,0.5,7,1.0,1
24,12,5,0,1,0,5,0,0,3.9387218755408675,0,0,0,0,0,4,0.0,8,1.0,0
53,10,19,0,1,3,11,0,0,4.208986615619465,0,0,0,0,0,10,0.0,7,1.0,0
51,12,7,2,3,10,13,1,1,4.5206355487185395,0,1,1,1,0,11,0.09090909090909091,6,1.0,1
73,26,5,0,1,3,14,0,2,4.5194850637039155,1,1,1,1,0,12,0.16666666666666666,9,0.8333333333333334,1
51,10,14,0,1,2,11,0,0,4.475963577095931,1,0,0,0,0,10,0.0,8,1.0,0
46,10,8,0,1,3,10,0,0,4.484987227560983,1,0,0,0,0,9,0.0,7,1.0,0
29,9,13,0,1,0,6,0,0,3.7848977027564086,0,0,0,0,0,5,0.0,7,1.0,0
76,29,8,0,1,1,15,0,4,4.258402062318881,0,1,1,1,0,13,0.3076923076923077,7,0.9230769230769231,1
28,10,10,0,1,0,5,0,0,3.896291529045928,1,0,0,0,0,4,0.0,9,1.0,0
57,14,8,2,3,12,13,1,0,4.510917841144163,0,1,1,1,0,11,0.0,7,1.0,1
80,34,7,2,3,1,16,0,4,4.495364924724023,1,1,1,1,0,14,0.2857142857142857,7,1.0,1
49,33,8,0,1,0,8,0,3,4.127080191266614,1,0,0,0,0,7,0.5714285714285714,7,0.8571428571428571,1
85,35,5,2,3,1,16,0,3,4.4909695946608394,0,1,1,1,0,14,0.21428571428571427,8,0.8571428571428571,1
36,9,19,0,1,0,6,0,0,3.9959065984842446,1,0,0,0,0,5,0.0,9,1.0,0
89,33,7,0,1,1,15,0,5,4.43186748176143,0,1,1,1,0,13,0.38461538461538464,9,0.9230769230769231,1
39,25,7,0,1,2,7,0,3,4.089781950065051,0,0,0,0,0,6,0.5,7,1.0,1
41,14,19,0,1,0,7,0,0,3.98587320077595,1,0,0,0,0,6,0.0,10,1.0,0
24,11,5,0,1,0,5,0,0,3.7406015629507228,1,0,0,0,0,4,0.0,7,1.0,0
33,11,14,0,1,0,6,0,0,3.9683403313485464,1,0,0,0,0,5,0.0,8,1.0,0
51,9,14,0,1,3,11,0,0,4.38842645068985,1,0,0,0,0,10,0.0,7,1.0,0
36,11,18,0,1,0,6,0,1,3.902990543819067,0,0,0,0,0,5,0.0,9,1.0,0
92,39,8,2,3,1,16,0,2,4.327584558535098,0,1,1,1,0,14,0.2857142857142857,8,0.7857142857142857,1
23,10,5,0,1,0,5,0,0,3.5883543471732335,1,0,0,0,0,4,0.0,6,1.0,0
42,27,7,0,1,2,7,0,2,4.564820101298678,1,0,0,0,0,6,0.3333333333333333,8,1.0,1
85,37,8,2,3,1,16,0,3,4.412126548869474,0,1,1,1,0,14,0.21428571428571427,8,0.7857142857142857,1
48,34,7,0,1,0,8,0,3,4.308208073322318,0,0,0,0,0,7,0.5714285714285714,8,0.8571428571428571,1
41,9,24,0,1,0,7,0,0,3.8514884445728534,1,0,0,0,0,6,0.0,7,1.0,0
46,31,7,0,1,0,8,0,3,4.216193141113151,1,0,0,0,0,7,0.42857142857142855,7,1.0,1
48,10,13,0,1,3,10,0,0,4.295914521951839,1,0,0,0,0,9,0.0,7,1.0,0
81,27,8,0,1,3,14,0,2,4.386794236832495,1,1,1,1,0,12,0.16666666666666666,9,0.9166666666666666,1
31,10,13,0,1,0,6,0,0,3.6521147627546076,1,0,0,0,0,5,0.0,7,1.0,0
44,28,8,0,1,2,7,0,1,4.345350936622436,1,0,0,0,0,6,0.3333333333333333,7,0.8333333333333334,1
21,9,5,0,1,0,5,0,0,3.748994803525096,0,0,0,0,0,4,0.0,6,1.0,0
87,32,8,0,1,1,15,0,4,4.337521991980978,0,1,1,1,0,13,0.3076923076923077,9,0.9230769230769231,1
42,10,24,0,1,0,7,0,0,3.9667387803757315,1,0,0,0,0,6,0.0,7,1.0,0
40,25,8,0,1,2,7,0,3,4.215311532225102,0,0,0,0,0,6,0.5,8,1.0,1
86,38,5,2,3,1,16,0,3,4.272921221596042,0,1,1,1,0,14,0.21428571428571427,8,0.8571428571428571,1
44,11,5,0,1,3,10,0,0,4.538310595615005,1,0,0,0,0,9,0.0,7,1.0,0
43,10,25,0,1,0,7,0,0,3.885826825457272,1,0,0,0,0,6,0.0,9,0.8333333333333334,0
48,12,8,0,1,3,10,0,0,4.522055208874201,1,0,0,0,0,9,0.0,8,1.0,0
41,26,8,0,1,2,7,0,2,4.473048041045147,0,0,0,0,0,6,0.3333333333333333,8,1.0,1
83,36,8,0,1,1,15,0,3,4.3433253025419285,0,1,1,1,0,13,0.23076923076923078,9,0.8461538461538461,1
47,7,14,0,1,1,11,0,0,4.420882202419249,1,0,0,0,0,10,0.0,8,1.0,0
56,10,18,0,1,3,11,0,0,4.425496386606638,1,0,0,0,0,10,0.0,9,1.0,0
39,23,8,0,1,2,7,0,3,4.304257026388135,1,0,0,0,0,6,0.5,7,1.0,1
41,9,5,0,1,3,10,0,0,4.3570751751387204,0,0,0,0,0,9,0.0,5,1.0,0
41,11,22,0,1,0,7,0,0,3.927571748932946,1,0,0,0,0,6,0.0,8,1.0,0
58,15,8,2,3,13,13,1,0,4.316570217497534,0,1,1,1,0,11,0.0,7,1.0,1
31,10,13,0,1,0,6,0,0,3.6395225199945047,1,0,0,0,0,5,0.0,7,1.0,0
51,13,10,0,1,3,11,0,0,4.3955740580741685,1,0,0,0,0,10,0.0,9,1.0,0
54,11,16,0,1,3,11,0,0,4.426209613980979,0,0,0,0,0,10,0.0,7,1.0,0
80,33,8,0,1,1,15,0,4,4.501981034270638,0,1,1,1,0,13,0.3076923076923077,9,0.9230769230769231,1
72,22,5,0,1,3,14,0,2,4.416234402684467,0,1,1,1,0,12,0.16666666666666666,8,0.9166666666666666,1
32,7,17,0,1,0,6,0,0,3.688307235905091,1,0,0,0,0,5,0.0,8,1.0,0
57,12,8,2,3,10,13,1,1,4.438190568416891,0,1,1,1,0,11,0.09090909090909091,8,1.0,1
79,30,5,0,1,3,14,0,2,4.365776197254056,0,1,1,1,0,12,0.16666666666666666,8,0.9166666666666666,1
23,7,8,0,1,0,5,0,0,3.675310868912364,1,0,0,0,0,4,0.0,7,1.0,0
55,11,17,0,1,2,11,0,0,4.49009516791277,1,0,0,0,0,10,0.0,8,1.0,0
41,10,23,0,1,0,7,0,0,3.98587320077595,1,0,0,0,0,6,0.0,8,0.8333333333333334,0
41,27,7,0,1,2,7,0,2,4.241102309232295,0,0,0,0,0,6,0.3333333333333333,7,1.0,1
45,12,8,0,1,3,9,0,0,4.402529762804034,1,0,0,0,0,8,0.0,8,1.0,0
25,11,6,0,1,0,5,0,0,3.8936606896881845,1,0,0,0,0,4,0.0,7,1.0,0
87,42,5,2,3,1,16,0,2,4.409538737086149,0,1,1,1,0,14,0.14285714285714285,9,0.8571428571428571,1
90,37,8,0,1,1,15,0,4,4.387647175544765,1,1,1,1,0,13,0.38461538461538464,9,0.8461538461538461,1
43,9,10,0,1,3,10,0,0,4.286275219617124,0,0,0,0,0,9,0.0,5,1.0,0
45,13,24,0,1,0,7,0,0,3.9651147762355046,1,0,0,0,0,6,0.0,9,1.0,0
34,10,16,0,1,0,6,0,0,3.7999793850498294,1,0,0,0,0,5,0.0,7,1.0,0
38,24,7,0,1,2,7,0,3,4.16846567111059,0,0,0,0,0,6,0.5,7,1.0,1
58,12,22,0,1,3,11,0,0,4.50058347869308,0,0,0,0,0,10,0.0,8,1.0,0
71,25,8,0,1,3,14,0,2,4.384586639378879,0,1,1,1,0,12,0.16666666666666666,7,0.8333333333333334,1
54,10,16,0,1,3,11,0,0,4.394073734471543,1,0,0,0,0,10,0.0,7,1.0,0
92,39,8,2,3,1,16,0,3,4.350350326704733,0,1,1,1,0,14,0.21428571428571427,8,0.9285714285714286,1
86,38,7,2,3,1,16,0,4,4.494231822379172,0,1,1,1,0,14,0.2857142857142857,7,0.9285714285714286,1
77,31,7,0,1,1,15,0,4,4.44928506406217,0,1,1,1,0,13,0.3076923076923077,7,0.9230769230769231,1
55,39,8,2,3,0,9,0,4,4.336197105245312,1,0,0,0,0,8,0.5,8,1.0,1
37,11,18,0,1,0,6,0,0,3.95905708166975,1,0,0,0,0,5,0.0,8,0.8,0
31,10,13,0,1,0,6,0,0,3.9377519554085865,1,0,0,0,0,5,0.0,7,1.0,0
48,7,16,0,1,3,10,0,1,4.4051876989901,1,0,0,0,0,9,0.0,7,1.0,0
83,35,8,0,1,1,15,0,3,4.243507800289986,0,1,1,1,0,13,0.3076923076923077,9,0.8461538461538461,1
34,10,16,0,1,0,6,0,0,3.763358429231108,1,0,0,0,0,5,0.0,7,1.0,0
61,15,7,2,3,13,13,1,1,4.474277220043182,0,1,1,1,0,11,0.09090909090909091,8,1.0,1
31,10,13,0,1,0,6,0,1,3.9377519554085865,1,0,0,0,0,5,0.0,7,1.0,0
46,10,8,0,1,3,10,0,0,4.528465488430548,1,0,0,0,0,9,0.0,7,1.0,0
81,31,7,0,1,1,15,0,3,4.4080260849763695,0,1,1,1,0,13,0.38461538461538464,6,0.7692307692307693,1
52,7,18,0,1,3,11,0,0,4.550931304471529,0,0,0,0,0,10,0.0,9,1.0,0
86,35,8,2,3,1,16,0,4,4.499344435984779,0,1,1,1,0,14,0.2857142857142857,8,0.9285714285714286,1
35,23,5,0,1,2,7,0,2,3.9760107890420997,0,0,0,0,0,6,0.3333333333333333,7,1.0,1
53,13,5,2,3,11,13,1,0,4.351168910888083,0,1,1,1,0,11,0.0,9,1.0,1
89,38,7,2,3,1,16,0,4,4.384429991389319,0,1,1,1,0,14,0.2857142857142857,8,0.9285714285714286,1
77,30,7,0,1,3,14,0,3,4.483045983737363,0,1,1,1,0,12,0.25,8,0.9166666666666666,1
89,35,7,2,3,1,16,0,4,4.46767560673619,0,1,1,1,0,14,0.2857142857142857,8,0.9285714285714286,1
45,11,6,0,1,3,10,0,0,4.502312540485658,1,0,0,0,0,9,0.0,7,1.0,0
37,7,23,0,1,0,7,0,0,4.003259028248121,0,0,0,0,0,6,0.0,9,1.0,0
55,13,5,2,3,11,13,1,0,4.418786907671611,0,1,1,1,0,11,0.0,8,1.0,1
24,9,8,0,1,0,5,0,0,3.4906015629507228,0,0,0,0,0,4,0.0,7,1.0,0
42,28,7,0,1,2,7,0,3,4.33209539866017,0,0,0,0,0,6,0.5,7,1.0,1
54,14,7,2,3,12,13,1,1,4.414019468341455,0,1,1,1,0,11,0.09090909090909091,6,1.0,1
32,11,13,0,1,0,6,0,0,3.863608500731241,1,0,0,0,0,5,0.0,7,1.0,0
86,31,7,0,1,3,14,0,4,4.586093917863385,0,1,1,1,0,12,0.3333333333333333,9,0.9166666666666666,1
27,9,10,0,1,0,6,0,0,3.810081020521731,1,0,0,0,0,5,0.0,5,1.0,0
45,29,8,0,1,0,8,0,4,4.352203929326468,1,0,0,0,0,7,0.5714285714285714,7,1.0,1
53,11,14,0,1,3,11,0,0,4.595107246689467,1,0,0,0,0,10,0.0,8,1.0,0
38,10,20,0,1,0,7,0,0,4.018215514675148,1,0,0,0,0,6,0.0,9,0.8333333333333334,0
76,27,7,0,1,3,14,0,3,4.4489407848879345,1,1,1,1,0,12,0.25,9,1.0,1
39,10,21,0,1,0,7,0,1,4.1217079115480395,1,0,0,0,0,6,0.0,7,1.0,0
87,42,5,2,3,1,16,0,3,4.387455831867491,0,1,1,1,0,14,0.21428571428571427,9,0.8571428571428571,1
49,35,7,0,1,0,8,0,3,4.297784843850294,0,0,0,0,0,7,0.42857142857142855,8,1.0,1
43,11,25,0,1,0,7,0,0,3.930016000570996,0,0,0,0,0,6,0.0,8,1.0,0
67,22,7,0,1,3,14,0,3,4.388859112955756,1,1,1,1,0,12,0.25,6,1.0,1
51,38,5,2,3,0,9,0,2,4.32871308681501,1,0,0,0,0,8,0.25,8,1.0,1
81,34,5,0,1,1,15,0,3,4.38891500897223,0,1,1,1,0,13,0.23076923076923078,7,0.9230769230769231,1
85,30,8,0,1,3,14,0,2,4.197615974583451,0,1,1,1,0,12,0.25,8,0.75,1
34,10,16,0,1,0,7,0,0,4.07674143017386,1,0,0,0,0,6,0.0,6,1.0,0
28,10,10,0,1,0,6,0,0,3.8073549220576046,1,0,0,0,0,5,0.0,6,0.8,0
44,12,24,0,1,0,7,0,0,3.936847108189776,1,0,0,0,0,6,0.0,8,0.8333333333333334,0
36,9,19,0,1,0,7,0,0,3.9166079048099847,1,0,0,0,0,6,0.0,7,1.0,0
33,11,14,0,1,0,6,0,0,4.051821770808045,1,0,0,0,0,5,0.0,7,1.0,0
27,9,10,0,1,0,6,0,0,3.940072687348655,1,0,0,0,0,5,0.0,6,1.0,0
45,32,5,0,1,0,8,0,2,4.093282052561952,1,0,0,0,0,7,0.2857142857142857,7,1.0,1
60,15,8,2,3,13,13,1,0,4.453085418310951,0,1,1,1,0,11,0.0,8,1.0,1
35,9,18,0,1,0,6,0,0,3.8972997175517157,1,0,0,0,0,5,0.0,9,1.0,0
56,40,8,2,3,0,9,0,2,4.375554752997175,1,0,0,0,0,8,0.25,9,0.875,1
49,11,10,0,1,3,10,0,0,4.42023382344213,1,0,0,0,0,9,0.0,9,1.0,0
47,9,14,0,1,2,10,0,0,4.3175895859879,1,0,0,0,0,9,0.0,8,1.0,0
32,12,13,0,1,0,6,0,0,3.890319531114783,0,0,0,0,0,5,0.0,8,1.0,0
18,10,0,0,1,0,4,0,0,3.6143694458867563,1,0,0,0,0,3,0.0,6,1.0,0
89,35,8,0,1,1,15,0,4,4.504043462154453,1,1,1,1,0,13,0.3076923076923077,9,0.9230769230769231,1
27,11,8,0,1,0,5,0,1,3.884155094595805,1,0,0,0,0,4,0.0,7,1.0,0
39,11,0,0,1,3,9,0,0,4.458103180234289,1,0,0,0,0,8,0.0,7,1.0,0
36,9,19,0,1,0,6,0,0,3.995906598484245,1,0,0,0,0,5,0.0,9,1.0,0
35,10,17,0,1,0,6,0,0,3.7474393604706715,1,0,0,0,0,5,0.0,8,1.0,0
26,10,8,0,1,0,5,0,0,3.642371448743902,1,0,0,0,0,4,0.0,7,1.0,0
85,36,7,2,3,1,16,0,4,4.447479950390517,0,1,1,1,0,14,0.2857142857142857,8,0.9285714285714286,1
59,15,7,2,3,13,13,1,1,4.4885182513035,0,1,1,1,0,11,0.09090909090909091,8,1.0,1
56,13,8,2,3,11,13,1,1,4.381943696840921,0,1,1,1,0,11,0.09090909090909091,7,1.0,1
86,36,8,2,3,1,16,0,4,4.539165602269855,0,1,1,1,0,14,0.2857142857142857,9,0.9285714285714286,1
39,10,21,0,1,0,7,0,0,3.699543977017009,1,0,0,0,0,6,0.0,7,0.8333333333333334,0
90,34,7,2,3,1,16,0,4,4.504124615530991,0,1,1,1,0,14,0.35714285714285715,8,0.8571428571428571,1
52,10,16,0,1,2,11,0,0,4.433626199277107,0,0,0,0,0,10,0.0,7,1.0,0
57,13,7,2,3,11,13,1,1,4.6319182417269555,0,1,1,1,0,11,0.09090909090909091,8,1.0,1
29,10,11,0,1,0,6,0,0,3.909368063943885,1,0,0,0,0,5,0.0,6,1.0,0
79,27,8,0,1,3,14,0,3,4.557398112866568,0,1,1,1,0,12,0.25,9,0.9166666666666666,1
79,33,5,2,3,1,16,0,3,4.361341906470989,0,1,1,1,0,14,0.21428571428571427,7,0.8571428571428571,1
63,11,25,0,1,3,12,0,1,4.4850058208277765,0,0,0,0,0,11,0.0,8,1.0,0
34,11,16,0,1,0,6,0,1,3.947613208833767,0,0,0,0,0,5,0.0,7,1.0,0
34,9,0,0,1,3,8,0,0,4.219528282299547,1,0,0,0,0,7,0.0,5,1.0,0
62,13,21,0,1,3,12,0,0,4.619856698238478,1,0,0,0,0,11,0.0,9,1.0,0
36,9,0,0,1,2,9,0,0,4.336591668108978,1,0,0,0,0,8,0.0,6,1.0,0
47,31,8,0,1,0,8,0,4,4.230358405772796,1,0,0,0,0,7,0.5714285714285714,7,1.0,1
30,9,13,0,1,0,6,0,0,3.9232314287976204,1,0,0,0,0,5,0.0,7,1.0,0
28,12,8,0,1,0,5,0,0,4.012188403968661,1,0,0,0,0,4,0.0,8,1.0,0
39,25,7,0,1,2,7,0,3,4.201692923824033,0,0,0,0,0,6,0.5,6,1.0,1
60,10,26,0,1,3,11,0,0,4.34274940507578,0,0,0,0,0,10,0.0,9,1.0,0
82,33,7,2,3,1,16,0,4,4.398333451771461,1,1,1,1,0,14,0.2857142857142857,8,1.0,1
67,14,26,0,1,3,12,0,0,4.467438498505468,0,0,0,0,0,11,0.0,10,0.9090909090909091,0
60,13,7,2,3,11,13,1,1,4.394293874617554,0,1,1,1,0,11,0.09090909090909091,9,1.0,1
21,9,5,0,1,0,5,0,0,3.4039894464852614,0,0,0,0,0,4,0.0,5,1.0,0
58,14,8,2,3,12,13,1,0,4.461210672320924,0,1,1,1,0,11,0.0,9,1.0,1
89,36,8,2,3,1,16,0,3,4.32651652608484,1,1,1,1,0,14,0.21428571428571427,7,0.8571428571428571,1
35,11,0,0,1,3,8,0,0,4.264578373902382,0,0,0,0,0,7,0.0,7,1.0,0
76,27,8,0,1,3,14,0,2,4.208180224201667,0,1,1,1,0,12,0.16666666666666666,8,0.8333333333333334,1
46,30,8,0,1,0,8,0,3,4.2326037389862705,1,0,0,0,0,7,0.42857142857142855,7,1.0,1
25,10,8,0,1,0,5,0,1,3.833269689515107,0,0,0,0,0,4,0.0,7,1.0,0
31,10,13,0,1,0,6,0,0,3.8732358263763285,1,0,0,0,0,5,0.0,7,1.0,0
40,13,19,0,1,0,7,0,0,4.0250705203641814,1,0,0,0,0,6,0.0,9,1.0,0
80,32,5,0,1,1,15,0,2,4.324482867573134,0,1,1,1,0,13,0.15384615384615385,8,0.7692307692307693,1
53,11,14,0,1,3,11,0,0,4.595107246689467,1,0,0,0,0,10,0.0,8,1.0,0
32,9,15,0,1,0,6,0,0,3.944548827786958,1,0,0,0,0,5,0.0,9,1.0,0
85,38,8,2,3,1,16,0,3,4.328707354357381,1,1,1,1,0,14,0.21428571428571427,8,1.0,1
72,23,8,0,1,3,14,0,3,4.314489267807004,0,1,1,1,0,12,0.25,7,0.8333333333333334,1
29,9,13,0,1,0,6,0,0,3.715932185515029,0,0,0,0,0,5,0.0,7,1.0,0
35,9,19,0,1,0,7,0,0,3.8972997175517152,0,0,0,0,0,6,0.0,7,1.0,0
33,7,18,0,1,0,6,0,0,3.8013774524295485,1,0,0,0,0,5,0.0,9,1.0,0
26,9,9,0,1,0,5,0,0,3.796217602590055,1,0,0,0,0,4,0.0,8,1.0,0
81,27,8,0,1,3,14,0,3,4.5707444770304635,0,1,1,1,0,12,0.25,9,0.9166666666666666,1
48,12,9,0,1,3,10,0,0,4.55612754269503,0,0,0,0,0,9,0.0,8,1.0,0
81,34,7,0,1,1,15,0,4,4.306265325263612,0,1,1,1,0,13,0.38461538461538464,8,0.8461538461538461,1
55,11,16,0,1,3,11,0,0,4.417367895185498,1,0,0,0,0,10,0.0,7,1.0,0
46,31,7,0,1,0,8,0,3,4.368792054344758,1,0,0,0,0,7,0.5714285714285714,7,0.8571428571428571,1
23,7,8,0,1,0,5,0,0,3.555533151426996,1,0,0,0,0,4,0.0,7,1.0,0
38,22,8,0,1,2,7,0,3,4.218469211370855,1,0,0,0,0,6,0.5,7,1.0,1
62,11,24,0,1,2,12,0,0,4.324071271986262,1,0,0,0,0,11,0.0,7,1.0,0
40,11,21,0,1,0,7,0,1,3.9561983328100943,1,0,0,0,0,6,0.0,7,0.8333333333333334,0
47,9,13,0,1,3,10,0,0,4.365773894636633,1,0,0,0,0,9,0.0,7,1.0,0
38,10,0,0,1,3,9,0,0,4.431623565847432,1,0,0,0,0,8,0.0,6,1.0,0
49,12,10,0,1,3,10,0,0,4.566055191354919,0,0,0,0,0,9,0.0,9,1.0,0
48,13,27,0,1,0,7,0,1,4.163320189106001,1,0,0,0,0,6,0.0,9,1.0,0
46,10,8,0,1,3,10,0,0,4.441508966691418,1,0,0,0,0,9,0.0,7,1.0,0
30,9,13,0,1,0,6,0,0,3.7232314287976203,1,0,0,0,0,5,0.0,7,1.0,0
81,31,7,0,1,1,15,0,5,4.2800922173024825,0,1,1,1,0,13,0.38461538461538464,8,0.9230769230769231,1
42,27,8,0,1,2,7,0,3,4.139241458895649,0,0,0,0,0,6,0.5,7,1.0,1
53,10,15,0,1,3,11,0,0,4.494258605784818,1,0,0,0,0,10,0.0,8,1.0,0
52,11,13,0,1,3,11,0,0,4.421029621737615,1,0,0,0,0,10,0.0,7,1.0,0
50,34,8,0,1,0,8,0,4,4.17287868934203,1,0,0,0,0,7,0.5714285714285714,7,1.0,1
54,13,7,2,3,11,13,1,1,4.587472353123261,0,1,1,1,0,11,0.09090909090909091,7,1.0,1
82,32,7,0,1,1,15,0,4,4.448333451771461,0,1,1,1,0,13,0.38461538461538464,9,0.7692307692307693,1
60,14,18,0,1,3,11,0,0,4.598068512058838,1,0,0,0,0,10,0.0,10,1.0,0
37,11,18,0,1,0,7,0,0,3.858800164249569,1,0,0,0,0,6,0.0,7,1.0,0
84,27,7,0,1,3,14,0,3,4.523957994146854,0,1,1,1,0,12,0.3333333333333333,9,0.8333333333333334,1
48,32,8,0,1,2,7,0,2,4.320982616074134,1,0,0,0,0,6,0.3333333333333333,9,1.0,1
55,9,18,0,1,3,12,0,0,4.464930113635421,1,0,0,0,0,11,0.0,7,1.0,0
84,28,8,0,1,3,14,0,4,4.454755896089445,0,1,1,1,0,12,0.3333333333333333,9,0.9166666666666666,1
80,28,8,0,1,3,14,0,3,4.3910192133468735,1,1,1,1,0,12,0.25,7,0.9166666666666666,1
47,33,7,0,1,0,8,0,4,4.3414069365998955,0,0,0,0,0,7,0.5714285714285714,8,1.0,1
49,35,7,2,3,0,9,0,4,4.127080191266614,0,0,0,0,0,8,0.5,7,1.0,1
39,9,5,0,1,3,9,0,0,4.394251257268313,1,0,0,0,0,8,0.0,6,1.0,0
37,14,16,0,1,0,6,0,0,3.7020361356068596,0,0,0,0,0,5,0.0,10,0.8,0
36,9,0,0,1,3,9,0,0,4.294653473544341,0,0,0,0,0,8,0.0,5,1.0,0
46,10,8,0,1,3,10,0,1,4.466405641207214,1,0,0,0,0,9,0.0,7,1.0,0
33,9,0,0,1,2,8,0,0,4.150158513166728,1,0,0,0,0,7,0.0,5,1.0,0
53,10,18,0,1,3,11,0,0,4.263587615422881,1,0,0,0,0,10,0.0,7,1.0,0
40,10,23,0,1,0,7,0,0,4.106198332810094,0,0,0,0,0,6,0.0,9,1.0,0
32,14,10,0,1,0,6,0,0,4.077819531114783,1,0,0,0,0,5,0.0,10,1.0,0
35,12,15,0,1,0,6,0,0,4.107156230921612,1,0,0,0,0,5,0.0,9,1.0,0
46,10,8,0,1,3,10,0,0,4.335970858598519,1,0,0,0,0,9,0.0,7,1.0,0
30,10,12,0,1,0,6,0,0,3.6532359131272916,1,0,0,0,0,5,0.0,6,0.8,0
37,25,5,0,1,2,7,0,2,4.2160780277326415,0,0,0,0,0,6,0.3333333333333333,7,1.0,1
34,10,16,0,1,0,6,0,0,3.738218635928951,1,0,0,0,0,5,0.0,7,1.0,0
38,11,0,0,1,3,9,0,0,4.5041206053780485,0,0,0,0,0,8,0.0,7,1.0,0
32,11,13,0,1,0,6,0,0,4.054229296672174,1,0,0,0,0,5,0.0,7,1.0,0
31,11,13,0,1,0,6,0,0,3.885828069136431,0,0,0,0,0,5,0.0,7,1.0,0
57,13,7,2,3,11,13,1,1,4.55619465924731,0,1,1,1,0,11,0.09090909090909091,8,1.0,1
50,7,18,0,1,3,10,0,0,4.488367439558378,1,0,0,0,0,9,0.0,9,1.0,0
35,14,13,0,1,0,6,0,0,4.071581588126283,1,0,0,0,0,5,0.0,10,1.0,0
53,9,16,0,1,3,11,0,1,4.327187794987208,1,0,0,0,0,10,0.0,7,0.9,0
17,10,0,0,1,0,4,0,0,3.3371753411230776,0,0,0,0,0,3,0.0,6,1.0,0
49,12,5,2,3,10,13,1,0,4.347587661184008,0,1,1,1,0,11,0.0,6,1.0,1
86,36,5,0,1,1,15,0,4,4.371859080781637,0,1,1,1,0,13,0.3076923076923077,8,0.9230769230769231,1
55,9,18,0,1,3,11,0,0,4.447103750156401,1,0,0,0,0,10,0.0,9,1.0,0
85,36,5,0,1,1,15,0,3,4.428003437733118,1,1,1,1,0,13,0.3076923076923077,9,0.8461538461538461,1
25,10,8,0,1,0,5,0,0,3.7532696895151068,0,0,0,0,0,4,0.0,7,1.0,0
47,11,8,0,1,3,10,0,1,4.46906651106798,1,0,0,0,0,9,0.0,7,1.0,0
46,11,8,0,1,2,10,0,0,4.40868777094518,1,0,0,0,0,9,0.0,7,1.0,0
36,9,19,0,1,0,7,0,1,3.7845276964165557,1,0,0,0,0,6,0.0,7,1.0,0
48,10,11,0,1,3,11,0,0,4.339661719245795,0,0,0,0,0,10,0.0,6,1.0,0
55,13,7,2,3,11,13,1,1,4.416902653518594,0,1,1,1,0,11,0.09090909090909091,6,1.0,1
29,11,10,0,1,0,6,0,0,4.0472990984266435,1,0,0,0,0,5,0.0,7,1.0,0
53,10,16,0,1,2,11,0,0,4.303695106348783,1,0,0,0,0,10,0.0,7,1.0,0
40,10,5,0,1,3,9,0,0,4.3464393446710154,1,0,0,0,0,8,0.0,6,1.0,0
17,10,0,0,1,0,4,0,0,3.5724694587701364,0,0,0,0,0,3,0.0,6,1.0,0
60,11,21,0,1,3,12,0,1,4.488664196778505,1,0,0,0,0,11,0.0,7,1.0,0
53,13,7,2,3,11,13,1,1,4.23074323539639,0,1,1,1,0,11,0.09090909090909091,6,1.0,1
30,11,11,0,1,0,6,0,0,3.964735178725505,1,0,0,0,0,5,0.0,7,1.0,0
84,40,5,2,3,1,16,0,3,4.400899907375713,1,1,1,1,0,14,0.21428571428571427,8,0.8571428571428571,1
50,10,13,0,1,3,11,0,1,4.471272380112911,0,0,0,0,0,10,0.0,7,1.0,0
60,15,8,2,3,13,13,1,0,4.4186026596902614,0,1,1,1,0,11,0.0,8,1.0,1
55,11,17,0,1,2,11,0,0,4.476369940600707,1,0,0,0,0,10,0.0,8,1.0,0
59,15,7,2,3,13,13,1,1,4.578785743018003,0,1,1,1,0,11,0.09090909090909091,8,1.0,1
44,29,8,0,1,2,7,0,2,4.362507470762514,0,0,0,0,0,6,0.3333333333333333,9,1.0,1
43,12,24,0,1,0,7,0,0,4.167219045692385,0,0,0,0,0,6,0.0,9,1.0,0
47,7,17,0,1,1,10,0,0,4.325345500383651,1,0,0,0,0,9,0.0,8,1.0,0
47,14,5,0,1,3,10,0,0,4.527681138773587,1,0,0,0,0,9,0.0,10,1.0,0
41,11,22,0,1,0,7,0,0,3.9947641270344936,1,0,0,0,0,6,0.0,8,1.0,0
47,32,8,0,1,0,8,0,3,4.291097830714784,0,0,0,0,0,7,0.42857142857142855,7,1.0,1
74,32,5,0,1,1,15,0,2,4.3336333429900264,0,1,1,1,0,13,0.15384615384615385,7,0.8461538461538461,1
79,27,7,0,1,3,14,0,3,4.430965158405405,0,1,1,1,0,12,0.3333333333333333,9,0.75,1
25,7,10,0,1,0,6,0,0,3.653660689688185,1,0,0,0,0,5,0.0,5,1.0,0
60,10,22,0,1,3,12,0,0,4.441084980573948,1,0,0,0,0,11,0.0,8,1.0,0
29,11,11,0,1,0,6,0,0,3.9614292709896417,0,0,0,0,0,5,0.0,7,1.0,0
80,36,8,2,3,1,16,0,2,4.338421656516508,0,1,1,1,0,14,0.14285714285714285,7,0.7857142857142857,1
35,11,17,0,1,0,6,0,0,3.8645783739023827,0,0,0,0,0,5,0.0,8,1.0,0
89,38,8,0,1,1,15,0,4,4.51130707647341,0,1,1,1,0,13,0.3076923076923077,9,0.8461538461538461,1
25,10,8,0,1,0,5,0,1,3.8936606896881845,0,0,0,0,0,4,0.0,7,1.0,0
60,10,23,0,1,3,12,0,0,4.5630707542236735,0,0,0,0,0,11,0.0,9,1.0,0
45,11,9,0,1,3,9,0,0,4.4746433738670675,1,0,0,0,0,8,0.0,8,1.0,0
57,15,5,2,3,13,13,1,0,4.248983805570224,0,1,1,1,0,11,0.0,8,1.0,1
44,30,7,0,1,2,7,0,2,4.3064985287918285,0,0,0,0,0,6,0.3333333333333333,7,1.0,1
54,14,7,2,3,12,13,1,1,4.387349815496978,0,1,1,1,0,11,0.09090909090909091,6,1.0,1
41,7,10,0,1,3,10,0,0,4.363530358223853,0,0,0,0,0,9,0.0,4,0.8888888888888888,0
54,12,7,2,3,10,13,1,1,4.55651772861486,0,1,1,1,0,11,0.09090909090909091,8,0.9090909090909091,1
35,10,17,0,1,0,6,0,0,3.7858673024119978,1,0,0,0,0,5,0.0,8,1.0,0
28,10,11,0,1,0,6,0,0,3.7979026896829464,0,0,0,0,0,5,0.0,6,1.0,0
54,13,13,0,1,3,11,0,0,4.471846529660798,1,0,0,0,0,10,0.0,9,1.0,0
73,28,7,0,1,1,15,0,3,4.094628767416865,0,1,1,1,0,13,0.3076923076923077,6,0.7692307692307693,1
57,9,21,0,1,2,12,0,0,4.341772146450864,1,0,0,0,0,11,0.0,7,1.0,0
24,10,6,0,1,0,5,0,0,3.772055208874201,1,0,0,0,0,4,0.0,6,1.0,0
49,11,11,0,1,3,11,0,0,4.507267752146016,0,0,0,0,0,10,0.0,7,1.0,0
80,30,8,0,1,1,15,0,4,4.419220892067639,0,1,1,1,0,13,0.3076923076923077,8,0.9230769230769231,1
37,9,0,0,1,3,9,0,0,4.301084704157686,1,0,0,0,0,8,0.0,6,0.875,0
86,39,7,2,3,1,16,0,3,4.487397560060369,1,1,1,1,0,14,0.21428571428571427,7,1.0,1
53,38,8,0,1,0,8,0,4,4.239357190608839,0,0,0,0,0,7,0.5714285714285714,9,1.0,1
34,13,13,0,1,0,6,0,0,4.006436738245531,1,0,0,0,0,5,0.0,9,1.0,0
55,14,8,2,3,12,13,1,0,4.416902653518594,0,1,1,1,0,11,0.0,7,1.0,1
46,11,11,0,1,2,10,0,0,4.354552444952287,1,0,0,0,0,9,0.0,7,1.0,0
58,13,7,2,3,11,13,1,1,4.510405092002414,0,1,1,1,0,11,0.09090909090909091,8,1.0,1
82,34,8,0,1,1,15,0,4,4.412649039618044,0,1,1,1,0,13,0.3076923076923077,8,0.9230769230769231,1
48,34,7,0,1,0,8,0,3,4.420914521951841,0,0,0,0,0,7,0.42857142857142855,8,1.0,1
62,14,8,2,3,12,13,1,0,4.550489295854282,0,1,1,1,0,11,0.0,9,1.0,1
55,14,8,2,3,12,13,1,0,4.381051058615007,0,1,1,1,0,11,0.0,7,1.0,1
54,14,8,2,3,12,13,1,1,4.366130526116974,0,1,1,1,0,11,0.09090909090909091,7,1.0,1
32,10,14,0,1,0,6,0,0,3.9375,1,0,0,0,0,5,0.0,7,1.0,0
43,10,8,0,1,3,9,0,0,4.219885615610767,1,0,0,0,0,8,0.0,7,1.0,0
62,14,8,2,3,12,13,1,0,4.5630707542236735,0,1,1,1,0,11,0.0,9,1.0,1
35,9,0,0,1,2,9,0,0,4.329283016944965,0,0,0,0,0,8,0.0,6,1.0,0
32,11,13,0,1,0,6,0,0,3.929229296672175,1,0,0,0,0,5,0.0,7,1.0,0
87,35,5,0,1,1,15,0,3,4.420901115952545,0,1,1,1,0,13,0.23076923076923078,9,0.9230769230769231,1
56,14,5,2,3,12,13,1,0,4.372865456180309,0,1,1,1,0,11,0.0,8,1.0,1
43,31,5,0,1,0,8,0,3,4.184774568998512,0,0,0,0,0,7,0.42857142857142855,6,1.0,1
55,11,16,0,1,3,11,0,0,4.585460849691616,1,0,0,0,0,10,0.0,9,1.0,0
51,37,7,2,3,0,9,0,3,4.311953224613572,0,0,0,0,0,8,0.5,7,0.875,1
52,36,8,2,3,0,9,0,3,4.18132974776242,1,0,0,0,0,8,0.5,7,0.875,1
81,28,7,0,1,3,14,0,4,4.4025551545266275,1,1,1,1,0,12,0.3333333333333333,8,1.0,1
39,11,0,0,1,3,9,0,0,4.438747090435226,1,0,0,0,0,8,0.0,7,1.0,0
48,10,14,0,1,3,10,0,0,4.345175521464346,0,0,0,0,0,9,0.0,7,1.0,0
47,11,8,0,1,3,10,0,1,4.4265133195786195,1,0,0,0,0,9,0.0,7,1.0,0
71,24,7,0,1,3,14,0,3,4.53012061010303,1,1,1,1,0,12,0.25,7,0.9166666666666666,1
37,10,19,0,1,0,7,0,0,4.09811781214885,1,0,0,0,0,6,0.0,7,1.0,0
25,7,10,0,1,0,6,0,0,3.653660689688185,1,0,0,0,0,5,0.0,5,1.0,0
82,33,7,0,1,1,15,0,4,4.446562083645507,0,1,1,1,0,13,0.38461538461538464,8,0.8461538461538461,1
85,38,5,2,3,1,16,0,2,4.4680764075537285,0,1,1,1,0,14,0.14285714285714285,9,0.7857142857142857,1
80,30,8,0,1,1,15,0,4,4.2980979766738585,0,1,1,1,0,13,0.38461538461538464,7,0.8461538461538461,1
77,30,8,0,1,1,15,0,3,4.301584110744873,0,1,1,1,0,13,0.3076923076923077,7,0.7692307692307693,1
85,34,5,0,1,1,15,0,3,4.5069812276360555,1,1,1,1,0,13,0.23076923076923078,9,1.0,1
57,14,7,2,3,12,13,1,1,4.419653295532275,0,1,1,1,0,11,0.09090909090909091,9,1.0,1
56,14,5,2,3,12,13,1,0,4.405001335689746,0,1,1,1,0,11,0.0,8,1.0,1
24,10,6,0,1,0,5,0,0,3.8239348962840563,1,0,0,0,0,4,0.0,6,1.0,0
23,11,5,0,1,0,5,0,0,3.762267390651495,0,0,0,0,0,4,0.0,7,1.0,0
40,10,22,0,1,0,7,0,0,3.725070520364181,1,0,0,0,0,6,0.0,8,1.0,0
57,11,18,0,1,3,12,0,0,4.5068582786301095,1,0,0,0,0,11,0.0,7,1.0,0
54,13,8,2,3,11,13,1,0,4.362289546497363,0,1,1,1,0,11,0.0,7,1.0,1
27,11,8,0,1,0,5,0,0,3.6800893536948074,1,0,0,0,0,4,0.0,7,1.0,0
60,13,7,2,3,11,13,1,1,4.53678805576394,0,1,1,1,0,11,0.09090909090909091,9,1.0,1
43,13,5,0,1,3,9,0,0,4.379298475431077,1,0,0,0,0,8,0.0,9,1.0,0
81,35,7,0,1,1,15,0,4,4.522639805387675,0,1,1,1,0,13,0.38461538461538464,8,0.8461538461538461,1
62,10,24,0,1,3,12,0,1,4.387495860229338,1,0,0,0,0,11,0.0,7,1.0,0
37,11,18,0,1,0,7,0,1,4.165421190410283,1,0,0,0,0,6,0.0,7,1.0,0
39,10,5,0,1,3,9,0,0,4.265544846790009,0,0,0,0,0,8,0.0,6,1.0,0
52,15,5,2,3,13,13,1,0,4.2370822612219765,0,1,1,1,0,11,0.0,6,1.0,1
38,10,20,0,1,0,7,0,0,4.060574474528749,1,0,0,0,0,6,0.0,9,1.0,0
53,40,5,2,3,0,9,0,2,4.260965625094247,1,0,0,0,0,8,0.25,8,1.0,1
83,33,5,0,1,1,15,0,3,4.362946961286375,0,1,1,1,0,13,0.23076923076923078,9,0.9230769230769231,1
74,25,5,0,1,3,14,0,2,4.3400832519721115,1,1,1,1,0,12,0.25,8,0.9166666666666666,1
58,9,21,0,1,3,12,0,0,4.356367479096523,1,0,0,0,0,11,0.0,7,1.0,0
48,10,10,0,1,3,11,0,0,4.394974678246912,1,0,0,0,0,10,0.0,6,1.0,0
36,10,18,0,1,0,7,0,0,3.816340113853407,1,0,0,0,0,6,0.0,7,1.0,0
56,10,18,0,1,3,12,0,0,4.289609949563124,1,0,0,0,0,11,0.0,7,0.9090909090909091,0
49,35,7,2,3,0,9,0,4,4.272374384710773,0,0,0,0,0,8,0.5,7,1.0,1
49,10,13,0,1,2,11,0,1,4.280340905640634,0,0,0,0,0,10,0.0,7,1.0,0
42,9,5,0,1,3,10,0,0,4.386015934528989,1,0,0,0,0,9,0.0,6,1.0,0
86,33,7,0,1,1,15,0,3,4.568811137932629,1,1,1,1,0,13,0.3076923076923077,8,0.8461538461538461,1
82,36,8,2,3,1,16,0,3,4.321273488816704,0,1,1,1,0,14,0.21428571428571427,7,0.9285714285714286,1
48,10,10,0,1,3,10,0,0,4.522055208874202,1,0,0,0,0,9,0.0,9,1.0,0
29,13,9,0,1,0,5,0,0,3.9952378913808873,0,0,0,0,0,4,0.0,9,1.0,0
53,38,7,2,3,0,9,0,3,4.231991916541609,1,0,0,0,0,8,0.375,7,1.0,1
50,7,16,0,1,3,11,0,1,4.473269689515109,0,0,0,0,0,10,0.0,7,1.0,0
15,7,0,0,1,0,4,0,0,3.3735572622751855,1,0,0,0,0,3,0.0,5,1.0,0
24,11,5,0,1,0,5,0,0,3.938721875540868,1,0,0,0,0,4,0.0,7,1.0,0
65,14,24,0,1,2,12,0,0,4.420627290898383,1,0,0,0,0,11,0.0,10,0.9090909090909091,0
92,41,7,2,3,1,16,0,4,4.467652368499391,1,1,1,1,0,14,0.35714285714285715,9,0.9285714285714286,1
34,11,16,0,1,0,7,0,0,3.9002708419385663,0,0,0,0,0,6,0.0,7,1.0,0
47,12,11,0,1,2,10,0,0,4.4690665110679815,1,0,0,0,0,9,0.0,8,1.0,0
81,24,8,0,1,3,14,0,2,4.3979408763418135,1,1,1,1,0,12,0.16666666666666666,9,1.0,1
81,40,5,2,3,1,16,0,2,4.473942251100797,0,1,1,1,0,14,0.14285714285714285,8,0.8571428571428571,1
33,10,15,0,1,0,6,0,0,3.9683403313485464,1,0,0,0,0,5,0.0,9,1.0,0
60,10,25,0,1,3,11,0,1,4.402910079649726,1,0,0,0,0,10,0.0,8,0.9,0
26,9,10,0,1,0,5,0,0,3.8150724101159423,0,0,0,0,0,4,0.0,9,1.0,0
54,42,5,2,3,0,9,0,3,4.071668002356413,0,0,0,0,0,8,0.375,8,1.0,1
74,27,8,0,1,3,14,0,2,4.450613196694801,0,1,1,1,0,12,0.16666666666666666,7,0.9166666666666666,1
52,10,15,0,1,3,11,0,0,4.488525294897748,0,0,0,0,0,10,0.0,9,1.0,0
56,13,15,0,1,3,11,0,0,4.6637995646056805,1,0,0,0,0,10,0.0,9,1.0,0
42,14,0,0,1,3,9,0,0,4.57649212500518,1,0,0,0,0,8,0.0,10,1.0,0
89,40,8,2,3,1,16,0,3,4.515095514091353,0,1,1,1,0,14,0.21428571428571427,9,0.9285714285714286,1
84,26,8,0,1,3,14,0,3,4.252897205854262,1,1,1,1,0,12,0.3333333333333333,8,0.9166666666666666,1
34,10,0,0,1,2,8,0,0,4.395998870534841,1,0,0,0,0,7,0.0,6,1.0,0
93,41,8,2,3,1,16,0,3,4.476101960290768,0,1,1,1,0,14,0.21428571428571427,8,0.9285714285714286,1
57,13,8,2,3,11,13,1,0,4.374376477429128,0,1,1,1,0,11,0.0,9,1.0,1
76,34,5,0,1,1,15,0,4,4.343408738743926,0,1,1,1,0,13,0.3076923076923077,9,0.9230769230769231,1
42,10,24,0,1,0,7,0,1,3.9643610310874013,1,0,0,0,0,6,0.0,9,1.0,0
36,10,19,0,1,0,7,0,0,3.9511943630832222,0,0,0,0,0,6,0.0,7,1.0,0
49,10,13,0,1,2,11,0,0,4.392785293484041,0,0,0,0,0,10,0.0,7,1.0,0
58,10,21,0,1,2,12,0,0,4.445078634746983,1,0,0,0,0,11,0.0,9,1.0,0
90,37,8,0,1,1,15,0,5,4.405097250013967,0,1,1,1,0,13,0.38461538461538464,9,0.8461538461538461,1
39,11,0,0,1,3,9,0,0,4.3748951674692504,1,0,0,0,0,8,0.0,7,1.0,0
52,12,7,2,3,10,13,1,1,4.5892750707107135,0,1,1,1,0,11,0.09090909090909091,6,1.0,1
34,13,14,0,1,0,6,0,0,4.043057694064253,0,0,0,0,0,5,0.0,9,1.0,0
37,9,0,0,1,3,9,0,0,4.301084704157686,1,0,0,0,0,8,0.0,6,0.875,0
53,10,16,0,1,2,11,0,0,4.253600351027017,1,0,0,0,0,10,0.0,7,0.9,0
85,37,7,2,3,1,16,0,3,4.521949523240607,1,1,1,1,0,14,0.2857142857142857,8,0.9285714285714286,1
56,42,7,2,3,0,9,0,4,4.338804369244614,0,0,0,0,0,8,0.5,8,1.0,1
42,27,8,0,1,2,7,0,2,4.356370398866214,0,0,0,0,0,6,0.3333333333333333,9,1.0,1
27,12,8,0,1,0,5,0,0,3.8841550945958057,0,0,0,0,0,4,0.0,8,1.0,0
51,11,17,0,1,2,10,0,0,4.485575831913049,0,0,0,0,0,9,0.0,8,1.0,0
37,11,18,0,1,0,7,0,0,3.848249906801916,1,0,0,0,0,6,0.0,7,1.0,0
41,26,7,0,1,2,7,0,3,4.101846066682376,1,0,0,0,0,6,0.5,7,1.0,1
53,12,7,2,3,10,13,1,1,4.419988028619983,0,1,1,1,0,11,0.09090909090909091,7,1.0,1
40,10,5,0,1,3,9,0,0,4.277567157116929,1,0,0,0,0,8,0.0,6,1.0,0
38,10,0,0,1,3,9,0,0,4.43858836864981,1,0,0,0,0,8,0.0,6,1.0,0
32,9,15,0,1,0,6,0,0,3.8514097655573916,1,0,0,0,0,5,0.0,8,1.0,0
40,25,7,0,1,2,7,0,3,4.106198332810094,1,0,0,0,0,6,0.5,7,1.0,1
37,13,16,0,1,0,6,0,0,4.216078027732641,1,0,0,0,0,5,0.0,9,1.0,0
44,10,10,0,1,2,9,0,0,4.39080548207698,1,0,0,0,0,8,0.0,9,1.0,0
61,13,8,2,3,11,13,1,0,4.516046600495895,0,1,1,1,0,11,0.0,9,1.0,1
44,11,6,0,1,3,10,0,0,4.527169118440617,0,0,0,0,0,9,0.0,7,1.0,0
39,10,22,0,1,0,7,0,0,3.6769648867289004,0,0,0,0,0,6,0.0,7,0.8333333333333334,0
38,11,0,0,1,2,9,0,0,4.431623565847431,1,0,0,0,0,8,0.0,7,1.0,0
22,7,8,0,1,0,5,0,0,3.5383105956150054,0,0,0,0,0,4,0.0,7,1.0,0
76,22,8,0,1,3,14,0,2,4.595938630274118,1,1,1,1,0,12,0.25,8,0.9166666666666666,1
25,9,8,0,1,0,5,0,0,3.753269689515107,1,0,0,0,0,4,0.0,7,1.0,0
59,44,8,2,3,0,9,0,3,4.142502532405935,0,0,0,0,0,8,0.375,9,1.0,1
53,39,7,0,1,0,8,0,3,4.404543747253432,0,0,0,0,0,7,0.42857142857142855,8,1.0,1
51,10,13,0,1,3,11,0,0,4.390384597162592,1,0,0,0,0,10,0.0,7,1.0,0
44,28,8,0,1,2,7,0,1,4.174674231978642,1,0,0,0,0,6,0.3333333333333333,7,0.8333333333333334,1
82,31,8,0,1,1,15,0,3,4.492205639325548,0,1,1,1,0,13,0.23076923076923078,9,0.9230769230769231,1
31,10,13,0,1,0,6,0,0,3.732444601324706,1,0,0,0,0,5,0.0,7,1.0,0
80,34,5,0,1,1,15,0,3,4.39747425775736,0,1,1,1,0,13,0.23076923076923078,8,0.8461538461538461,1
36,12,16,0,1,0,6,0,0,4.0860486123130375,1,0,0,0,0,5,0.0,9,1.0,0
83,32,8,0,1,1,15,0,3,4.437452318123896,1,1,1,1,0,13,0.23076923076923078,7,0.9230769230769231,1
44,11,25,0,1,0,7,0,1,3.8630945514207635,1,0,0,0,0,6,0.0,8,1.0,0
57,13,7,2,3,11,13,1,1,4.540653696115068,0,1,1,1,0,11,0.09090909090909091,8,1.0,1
27,10,10,0,1,0,5,0,0,3.754163427768881,0,0,0,0,0,4,0.0,9,1.0,0
42,27,8,0,1,2,7,0,3,4.338396886909941,0,0,0,0,0,6,0.5,8,1.0,1
37,9,0,0,1,3,9,0,0,4.3986425548181405,1,0,0,0,0,8,0.0,6,1.0,0
35,10,0,0,1,3,8,0,0,4.243010159554855,1,0,0,0,0,7,0.0,6,1.0,0
52,9,15,0,1,3,11,0,0,4.496032208850886,1,0,0,0,0,10,0.0,9,1.0,0
56,13,8,2,3,11,13,1,1,4.395923095029133,0,1,1,1,0,11,0.09090909090909091,7,1.0,1
77,31,7,0,1,1,15,0,4,4.399051364932968,0,1,1,1,0,13,0.3076923076923077,7,0.9230769230769231,1
32,11,13,0,1,0,6,0,0,3.9917292966721747,1,0,0,0,0,5,0.0,7,1.0,0
47,10,13,0,1,2,10,0,0,4.4104518833623745,1,0,0,0,0,9,0.0,7,1.0,0
35,13,14,0,1,0,6,0,0,4.047160074632759,1,0,0,0,0,5,0.0,9,1.0,0
52,10,14,0,1,3,11,0,0,4.51246976600999,1,0,0,0,0,10,0.0,7,1.0,0
37,12,0,0,1,3,8,0,0,4.432294243948858,1,0,0,0,0,7,0.0,8,1.0,0
34,10,0,0,1,3,8,0,0,4.337175341123077,0,0,0,0,0,7,0.0,6,1.0,0
39,9,22,0,1,0,7,0,0,3.9872178475009488,1,0,0,0,0,6,0.0,8,1.0,0
57,12,21,0,1,2,11,0,1,4.3687126122980535,1,0,0,0,0,10,0.0,8,1.0,0
76,33,5,0,1,1,15,0,4,4.287930213028574,0,1,1,1,0,13,0.3076923076923077,7,0.9230769230769231,1
50,10,13,0,1,3,11,0,0,4.431272380112911,0,0,0,0,0,10,0.0,7,1.0,0
78,27,7,0,1,3,14,0,4,4.514393224471817,1,1,1,1,0,12,0.3333333333333333,8,1.0,1
56,14,7,2,3,12,13,1,1,4.602316558505553,0,1,1,1,0,11,0.09090909090909091,8,1.0,1
26,11,8,0,1,0,5,0,0,3.657385276650178,0,0,0,0,0,4,0.0,7,1.0,0
61,12,22,0,1,3,12,0,1,4.434698305330403,0,0,0,0,0,11,0.0,8,1.0,0
52,10,15,0,1,3,11,0,0,4.486604805087944,0,0,0,0,0,10,0.0,9,1.0,0
86,37,5,2,3,1,16,0,3,4.503716720975956,0,1,1,1,0,14,0.21428571428571427,9,0.9285714285714286,1
38,9,5,0,1,3,9,0,0,4.260828171224455,0,0,0,0,0,8,0.0,6,1.0,0
32,7,17,0,1,0,6,0,0,3.6167292966721747,1,0,0,0,0,5,0.0,8,1.0,0
86,37,8,2,3,1,16,0,2,4.316200650446039,1,1,1,1,0,14,0.14285714285714285,8,0.7857142857142857,1
62,14,8,2,3,12,13,1,0,4.583822629187615,0,1,1,1,0,11,0.0,9,1.0,1
33,12,13,0,1,0,6,0,0,4.028946391954607,1,0,0,0,0,5,0.0,8,1.0,0
61,14,7,2,3,12,13,1,1,4.441362330045613,0,1,1,1,0,11,0.09090909090909091,9,1.0,1
34,10,16,0,1,0,6,0,0,3.8443845322359156,1,0,0,0,0,5,0.0,7,0.8,0
83,32,7,0,1,1,15,0,4,4.384370880959332,0,1,1,1,0,13,0.3076923076923077,9,0.9230769230769231,1
60,10,24,0,1,2,12,0,0,4.488664196778505,0,0,0,0,0,11,0.0,9,1.0,0
48,11,13,0,1,3,10,0,0,4.319235677759418,0,0,0,0,0,9,0.0,7,1.0,0
18,11,0,0,1,0,4,0,0,3.5724312513221195,0,0,0,0,0,3,0.0,7,1.0,0
49,10,11,0,1,3,11,0,0,4.459012079154174,1,0,0,0,0,10,0.0,6,1.0,0
45,11,26,0,1,0,7,0,1,3.9813160196399617,1,0,0,0,0,6,0.0,9,1.0,0
35,13,14,0,1,0,6,0,0,4.057575159678481,1,0,0,0,0,5,0.0,9,1.0,0
27,14,5,0,1,0,5,0,0,3.9582291686698796,1,0,0,0,0,4,0.0,10,1.0,0
52,11,8,2,3,9,13,1,1,4.3210768800263715,0,1,1,1,0,11,0.09090909090909091,7,1.0,1
56,13,5,2,3,11,13,1,0,4.4072782441418585,0,1,1,1,0,11,0.0,8,1.0,1
72,27,7,0,1,3,14,0,3,4.554213825680238,0,1,1,1,0,12,0.3333333333333333,9,0.8333333333333334,1
41,26,8,0,1,2,7,0,2,4.4546361507484775,0,0,0,0,0,6,0.3333333333333333,8,1.0,1
32,14,11,0,1,0,6,0,0,3.9292292966721747,0,0,0,0,0,5,0.0,10,1.0,0
58,12,7,2,3,10,13,1,1,4.515592485849796,0,1,1,1,0,11,0.09090909090909091,8,1.0,1
41,9,8,0,1,2,9,0,0,4.275490346652223,1,0,0,0,0,8,0.0,7,1.0,0
70,27,8,0,1,3,14,0,3,4.4918232314853705,0,1,1,1,0,12,0.25,8,0.9166666666666666,1
52,11,13,0,1,3,11,0,0,4.496032208850887,1,0,0,0,0,10,0.0,7,1.0,0
80,31,7,0,1,1,15,0,4,4.445694373686494,1,1,1,1,0,13,0.3076923076923077,9,1.0,1
39,13,18,0,1,0,7,0,0,4.057855988582063,1,0,0,0,0,6,0.0,9,1.0,0
43,10,8,0,1,3,9,0,0,4.231286196905489,1,0,0,0,0,8,0.0,7,1.0,0
28,12,8,0,1,0,5,0,1,4.039148671903071,1,0,0,0,0,4,0.0,8,1.0,0
45,31,7,0,1,0,8,0,4,4.4112044189276585,0,0,0,0,0,7,0.5714285714285714,7,1.0,1
58,13,8,2,3,11,13,1,1,4.510405092002415,0,1,1,1,0,11,0.09090909090909091,8,1.0,1
33,10,15,0,1,0,6,0,0,3.9912157102019847,1,0,0,0,0,5,0.0,9,1.0,0
84,32,7,0,1,1,15,0,3,4.437135854161929,0,1,1,1,0,13,0.23076923076923078,8,0.9230769230769231,1
53,15,7,2,3,13,13,1,1,4.371160087528354,0,1,1,1,0,11,0.09090909090909091,6,1.0,1
38,11,0,0,1,3,9,0,0,4.504120605378049,0,0,0,0,0,8,0.0,7,1.0,0
31,9,14,0,1,0,6,0,0,3.824533406881911,1,0,0,0,0,5,0.0,7,1.0,0
73,24,7,0,1,3,14,0,3,4.36051384570669,1,1,1,1,0,12,0.3333333333333333,7,0.9166666666666666,1
52,38,7,2,3,0,9,0,4,4.18132974776242,0,0,0,0,0,8,0.5,8,1.0,1
47,11,8,0,1,3,10,0,0,4.429187724239743,1,0,0,0,0,9,0.0,7,1.0,0
42,13,21,0,1,0,7,0,0,4.071271150031998,1,0,0,0,0,6,0.0,9,1.0,0
31,9,14,0,1,0,6,0,0,4.026619294188054,1,0,0,0,0,5,0.0,7,1.0,0
47,32,8,0,1,0,8,0,3,4.256850161045914,0,0,0,0,0,7,0.42857142857142855,7,1.0,1
49,35,7,0,1,0,8,0,3,4.443606211763083,0,0,0,0,0,7,0.42857142857142855,8,1.0,1
48,10,10,0,1,3,11,0,0,4.360902344426085,1,0,0,0,0,10,0.0,6,1.0,0
39,9,22,0,1,0,7,0,1,3.935935796218897,1,0,0,0,0,6,0.0,8,1.0,0
25,11,6,0,1,0,5,0,0,3.6732696895151076,1,0,0,0,0,4,0.0,7,1.0,0
32,11,13,0,1,0,6,0,0,4.101409765557392,1,0,0,0,0,5,0.0,7,1.0,0
35,9,18,0,1,0,7,0,0,3.88973793165199,1,0,0,0,0,6,0.0,7,1.0,0
35,14,13,0,1,0,6,0,1,3.935727659493042,1,0,0,0,0,5,0.0,10,1.0,0
39,11,0,0,1,3,9,0,0,4.458103180234289,1,0,0,0,0,8,0.0,7,1.0,0
53,11,14,0,1,3,11,0,0,4.551231247457533,1,0,0,0,0,10,0.0,8,1.0,0
88,37,8,0,1,1,15,0,4,4.4301629765306085,0,1,1,1,0,13,0.3076923076923077,9,0.9230769230769231,1
53,13,7,2,3,11,13,1,1,4.403228166418545,0,1,1,1,0,11,0.09090909090909091,6,1.0,1
46,10,8,0,1,3,10,0,0,4.4743301624376555,1,0,0,0,0,9,0.0,7,1.0,0
44,13,24,0,1,0,7,0,0,4.081495471294327,0,0,0,0,0,6,0.0,9,1.0,0
52,13,11,0,1,3,11,0,0,4.574875775583769,1,0,0,0,0,10,0.0,9,1.0,0
36,10,18,0,1,0,7,0,0,4.117861029749889,1,0,0,0,0,6,0.0,7,1.0,0
54,13,8,2,3,11,13,1,1,4.472087737738645,0,1,1,1,0,11,0.09090909090909091,7,1.0,1
43,12,23,0,1,0,7,0,0,4.1558184643976634,1,0,0,0,0,6,0.0,9,1.0,0
47,32,8,0,1,2,7,0,1,4.230358405772797,0,0,0,0,0,6,0.16666666666666666,8,1.0,1
57,14,7,2,3,12,13,1,1,4.447103750156401,0,1,1,1,0,11,0.09090909090909091,9,1.0,1
55,10,18,0,1,3,11,0,0,4.383289659168639,0,0,0,0,0,10,0.0,9,1.0,0
23,7,8,0,1,0,5,0,1,3.7622673906514947,1,0,0,0,0,4,0.0,7,1.0,0
41,9,24,0,1,0,7,0,0,3.7330798354930157,1,0,0,0,0,6,0.0,7,1.0,0
50,35,8,2,3,0,9,0,3,4.296174630069641,0,0,0,0,0,8,0.375,8,1.0,1
80,30,8,0,1,1,15,0,3,4.5479273025459435,0,1,1,1,0,13,0.3076923076923077,8,0.8461538461538461,1
37,10,0,0,1,3,9,0,0,4.229327351940022,0,0,0,0,0,8,0.0,6,1.0,0
37,10,19,0,1,0,6,0,0,3.9492049741940667,1,0,0,0,0,5,0.0,9,1.0,0
54,14,7,2,3,12,13,1,1,4.585551863313455,0,1,1,1,0,11,0.09090909090909091,6,1.0,1
37,24,5,0,1,2,7,0,2,4.134468568039293,1,0,0,0,0,6,0.3333333333333333,7,1.0,1
52,37,7,2,3,0,9,0,4,4.406512554388318,1,0,0,0,0,8,0.5,7,1.0,1
35,10,17,0,1,0,6,0,0,3.957295873840569,1,0,0,0,0,5,0.0,8,1.0,0
78,25,8,0,1,3,14,0,3,4.551745073699053,0,1,1,1,0,12,0.25,8,0.9166666666666666,1
34,10,16,0,1,0,6,0,0,3.6679139440006217,1,0,0,0,0,5,0.0,7,0.8,0
75,24,7,0,1,3,14,0,3,4.440102853550995,0,1,1,1,0,12,0.3333333333333333,8,0.8333333333333334,1
83,33,7,0,1,1,15,0,4,4.235421108536238,0,1,1,1,0,13,0.3076923076923077,8,0.9230769230769231,1
32,10,14,0,1,0,6,0,0,3.8042292966721747,1,0,0,0,0,5,0.0,8,1.0,0
55,14,14,0,1,2,11,0,0,4.507921531391791,1,0,0,0,0,10,0.0,10,1.0,0
39,13,0,0,1,2,9,0,0,4.470673051918213,0,0,0,0,0,8,0.0,9,1.0,0
32,10,14,0,1,0,6,0,0,3.952819531114783,1,0,0,0,0,5,0.0,8,1.0,0
36,10,18,0,1,0,7,0,1,3.8746697102453482,1,0,0,0,0,6,0.0,7,1.0,0
23,10,5,0,1,0,5,0,0,3.9361804341297555,1,0,0,0,0,4,0.0,6,1.0,0
46,10,8,0,1,3,10,0,0,4.417173847587858,1,0,0,0,0,9,0.0,7,1.0,0
52,38,7,2,3,0,9,0,3,4.390074997229215,0,0,0,0,0,8,0.5,8,0.875,1
74,30,5,0,1,1,15,0,3,4.2774966210460486,0,1,1,1,0,13,0.23076923076923078,7,0.7692307692307693,1
77,26,7,0,1,3,14,0,4,4.519312031715021,1,1,1,1,0,12,0.3333333333333333,9,1.0,1
38,12,18,0,1,0,6,0,0,3.990705473685234,1,0,0,0,0,5,0.0,8,0.8,0
35,10,18,0,1,0,6,0,0,3.8785848023501845,0,0,0,0,0,5,0.0,9,1.0,0
54,11,16,0,1,2,11,0,0,4.349032928813587,1,0,0,0,0,10,0.0,7,0.9,0
78,34,7,2,3,1,16,0,4,4.4529322446947495,0,1,1,1,0,14,0.2857142857142857,7,0.9285714285714286,1
30,9,14,0,1,0,6,0,0,3.694739663055176,0,0,0,0,0,5,0.0,7,1.0,0
80,29,8,0,1,3,14,0,2,4.517076380025858,0,1,1,1,0,12,0.16666666666666666,9,0.8333333333333334,1
72,23,8,0,1,3,14,0,3,4.480710296712715,1,1,1,1,0,12,0.25,7,1.0,1
90,34,8,2,3,1,16,0,2,4.400367805985262,1,1,1,1,0,14,0.14285714285714285,9,0.9285714285714286,1
50,35,7,0,1,0,8,0,4,4.220685879853294,1,0,0,0,0,7,0.5714285714285714,7,1.0,1
33,11,14,0,1,0,6,0,0,3.8471282101364253,1,0,0,0,0,5,0.0,8,1.0,0
25,13,5,0,1,0,5,0,0,3.833269689515107,0,0,0,0,0,4,0.0,9,1.0,0
56,15,8,2,3,13,13,1,0,4.372865456180309,0,1,1,1,0,11,0.0,7,1.0,1
53,10,15,0,1,3,11,0,0,4.5319944548414215,1,0,0,0,0,10,0.0,9,1.0,0
31,11,13,0,1,0,6,0,0,3.873235826376328,0,0,0,0,0,5,0.0,7,1.0,0
89,39,8,2,3,1,16,0,4,4.461292599367026,0,1,1,1,0,14,0.2857142857142857,9,0.8571428571428571,1
36,10,18,0,1,0,6,0,0,3.974937501201926,1,0,0,0,0,5,0.0,9,1.0,0
53,39,7,2,3,0,9,0,3,4.230107662388592,0,0,0,0,0,8,0.375,7,1.0,1
36,11,18,0,1,0,7,0,1,3.9511943630832222,0,0,0,0,0,6,0.0,7,1.0,0
59,14,8,2,3,12,13,1,1,4.3832550934087635,0,1,1,1,0,11,0.09090909090909091,8,1.0,1
45,31,7,0,1,0,8,0,3,4.2356458738189895,0,0,0,0,0,7,0.5714285714285714,7,0.8571428571428571,1
28,10,10,0,1,0,6,0,0,3.5530900835303267,1,0,0,0,0,5,0.0,6,0.8,0
35,10,0,0,1,3,8,0,0,4.4575751596784805,1,0,0,0,0,7,0.0,6,1.0,0
24,11,5,0,1,0,5,0,0,3.7406015629507228,1,0,0,0,0,4,0.0,7,1.0,0
54,13,13,0,1,3,11,0,0,4.44461180767896,1,0,0,0,0,10,0.0,9,1.0,0
44,12,24,0,1,0,7,0,1,4.001727857559624,1,0,0,0,0,6,0.0,8,1.0,0
22,10,5,0,1,0,5,0,0,3.845350936622435,0,0,0,0,0,4,0.0,6,1.0,0
56,15,8,2,3,13,13,1,0,4.593238317844942,0,1,1,1,0,11,0.0,7,1.0,1
40,12,0,0,1,3,9,0,0,4.393942707918269,1,0,0,0,0,8,0.0,8,1.0,0
29,9,13,0,1,0,6,0,1,3.8833374604210067,0,0,0,0,0,5,0.0,7,1.0,0
31,10,13,0,1,0,6,0,0,3.824533406881911,1,0,0,0,0,5,0.0,7,1.0,0
48,34,7,0,1,0,8,0,4,4.050613740476478,0,0,0,0,0,7,0.5714285714285714,7,1.0,1
56,14,7,2,3,12,13,1,1,4.238400179720308,0,1,1,1,0,11,0.09090909090909091,8,1.0,1
59,14,5,2,3,12,13,1,0,4.374373735046017,0,1,1,1,0,11,0.0,9,1.0,1
75,28,8,0,1,3,14,0,2,4.49180747698685,0,1,1,1,0,12,0.25,8,0.8333333333333334,1
27,10,9,0,1,0,5,0,0,3.9023115759170306,1,0,0,0,0,4,0.0,8,1.0,0
46,10,8,0,1,3,10,0,0,4.3195602607254004,1,0,0,0,0,9,0.0,7,1.0,0
32,10,15,0,1,0,7,0,0,3.7775182662886326,0,0,0,0,0,6,0.0,6,0.8333333333333334,0
16,9,0,0,1,0,4,0,0,3.5,0,0,0,0,0,3,0.0,6,1.0,0
58,10,21,0,1,3,12,0,0,4.532224909100312,0,0,0,0,0,11,0.0,7,1.0,0
52,10,17,0,1,3,11,0,0,4.371716950260307,1,0,0,0,0,10,0.0,6,0.9,0
37,12,17,0,1,0,6,0,0,4.046762824854522,1,0,0,0,0,5,0.0,8,1.0,0
89,34,8,2,3,1,16,0,3,4.337786066215256,0,1,1,1,0,14,0.21428571428571427,9,0.9285714285714286,1
88,35,8,2,3,1,16,0,3,4.401644986656478,1,1,1,1,0,14,0.21428571428571427,9,1.0,1
82,32,8,0,1,1,15,0,3,4.330003435497885,0,1,1,1,0,13,0.23076923076923078,9,0.8461538461538461,1
71,24,8,0,1,3,14,0,3,4.41862070410965,0,1,1,1,0,12,0.3333333333333333,7,0.8333333333333334,1
44,10,6,0,1,3,10,0,0,4.416833823616224,1,0,0,0,0,9,0.0,6,1.0,0
62,12,22,0,1,3,12,0,0,4.470111335090991,1,0,0,0,0,11,0.0,8,1.0,0
34,10,16,0,1,0,6,0,0,3.881005488054637,1,0,0,0,0,5,0.0,7,1.0,0
26,10,8,0,1,0,5,0,0,3.8441065448145375,1,0,0,0,0,4,0.0,7,1.0,0
58,14,7,2,3,12,13,1,1,4.4699646901008,0,1,1,1,0,11,0.09090909090909091,8,1.0,1
39,10,21,0,1,0,7,0,0,3.89466296354103,1,0,0,0,0,6,0.0,7,1.0,0
51,37,7,2,3,0,9,0,4,4.211572528951537,0,0,0,0,0,8,0.5,9,1.0,1
26,10,9,0,1,0,5,0,0,3.7962176025900556,0,0,0,0,0,4,0.0,8,1.0,0
82,32,8,2,3,1,16,0,4,4.3730989968506835,0,1,1,1,0,14,0.2857142857142857,8,0.9285714285714286,1
33,12,13,0,1,0,6,0,0,3.907734270742486,1,0,0,0,0,5,0.0,8,1.0,0
31,10,13,0,1,0,6,0,0,3.824533406881911,1,0,0,0,0,5,0.0,7,1.0,0
33,14,11,0,1,0,6,0,0,4.150158513166728,1,0,0,0,0,5,0.0,10,1.0,0
81,34,7,2,3,1,16,0,4,4.34289637576464,1,1,1,1,0,14,0.35714285714285715,6,0.9285714285714286,1
42,9,5,0,1,3,10,0,0,4.282098601752792,1,0,0,0,0,9,0.0,5,1.0,0
26,10,8,0,1,0,5,0,0,3.7343083535732546,1,0,0,0,0,4,0.0,7,1.0,0
37,14,0,0,1,2,8,0,0,4.391489514102183,0,0,0,0,0,7,0.0,10,1.0,0
53,13,8,2,3,11,13,1,1,4.442443852693055,0,1,1,1,0,11,0.09090909090909091,7,1.0,1
39,13,18,0,1,0,7,0,0,3.926588925024018,1,0,0,0,0,6,0.0,9,0.8333333333333334,0
41,26,8,0,1,2,7,0,2,4.345118467927183,0,0,0,0,0,6,0.3333333333333333,7,1.0,1
85,37,8,0,1,1,15,0,4,4.354006938334609,1,1,1,1,0,13,0.3076923076923077,8,1.0,1
35,12,15,0,1,0,6,0,0,4.014438730983426,1,0,0,0,0,5,0.0,9,1.0,0
32,10,15,0,1,0,7,0,0,3.480337797403416,0,0,0,0,0,6,0.0,6,0.8333333333333334,0
77,26,8,0,1,3,14,0,3,4.47870694428013,0,1,1,1,0,12,0.25,9,0.9166666666666666,1
101,41,8,2,3,1,16,0,4,4.419269235129705,1,1,1,1,0,14,0.2857142857142857,9,0.9285714285714286,1
60,13,7,2,3,11,13,1,1,4.426333366857617,0,1,1,1,0,11,0.09090909090909091,9,1.0,1
33,12,13,0,1,0,6,0,0,3.8471282101364253,1,0,0,0,0,5,0.0,8,1.0,0
82,32,8,0,1,1,15,0,3,4.455272908795758,0,1,1,1,0,13,0.23076923076923078,8,0.8461538461538461,1
52,37,8,2,3,0,9,0,3,4.111913584792481,0,0,0,0,0,8,0.375,8,1.0,1
93,39,7,2,3,1,16,0,5,4.487973558768306,1,1,1,1,0,14,0.35714285714285715,8,1.0,1
54,9,18,0,1,3,12,0,0,4.2451506978054985,0,0,0,0,0,11,0.0,7,0.9090909090909091,0
27,12,8,0,1,0,5,0,0,4.032303242743954,0,0,0,0,0,4,0.0,8,1.0,0
81,38,5,0,1,1,15,0,2,4.3034101038815535,0,1,1,1,0,13,0.15384615384615385,8,0.8461538461538461,1
49,34,7,2,3,0,9,0,4,4.379417496911518,1,0,0,0,0,8,0.5,7,1.0,1
30,10,13,0,1,0,6,0,0,3.640223928941852,0,0,0,0,0,5,0.0,7,1.0,0
54,9,19,0,1,1,12,0,0,4.409902493217346,1,0,0,0,0,11,0.0,8,0.9090909090909091,0
39,9,22,0,1,0,7,0,0,4.089781950065051,1,0,0,0,0,6,0.0,8,1.0,0
50,36,7,0,1,0,8,0,4,4.378171939471839,0,0,0,0,0,7,0.5714285714285714,8,1.0,1
56,10,18,0,1,3,11,0,0,4.323540923311161,1,0,0,0,0,10,0.0,9,1.0,0
35,11,16,0,1,0,6,0,0,3.92172123104524,1,0,0,0,0,5,0.0,7,1.0,0
41,10,24,0,1,0,7,0,0,3.9674613104792797,0,0,0,0,0,6,0.0,9,1.0,0
57,11,18,0,1,3,12,0,0,4.4885182513035,1,0,0,0,0,11,0.0,7,1.0,0
50,35,8,0,1,0,8,0,3,4.296174630069641,0,0,0,0,0,7,0.42857142857142855,8,1.0,1
70,23,5,0,1,3,14,0,2,4.322181958642872,0,1,1,1,0,12,0.25,8,0.75,1
86,40,7,2,3,1,16,0,4,4.462450038810648,0,1,1,1,0,14,0.2857142857142857,7,0.8571428571428571,1
55,15,7,2,3,13,13,1,1,4.671804068694573,0,1,1,1,0,11,0.09090909090909091,6,1.0,1
60,15,8,2,3,13,13,1,0,4.5417965739614115,0,1,1,1,0,11,0.0,8,1.0,1
39,24,8,0,1,2,7,0,2,4.201692923824033,0,0,0,0,0,6,0.3333333333333333,7,1.0,1
52,14,13,0,1,3,10,0,0,4.45006375643621,1,0,0,0,0,9,0.0,10,1.0,0
93,40,7,2,3,1,16,0,5,4.436819470503981,1,1,1,1,0,14,0.35714285714285715,9,1.0,1
44,11,25,0,1,0,7,0,0,3.874236028595152,1,0,0,0,0,6,0.0,8,1.0,0
35,9,18,0,1,0,7,0,0,4.01158543183743,1,0,0,0,0,6,0.0,7,1.0,0
52,38,7,2,3,0,9,0,4,4.320658834259276,0,0,0,0,0,8,0.5,9,1.0,1
29,10,11,0,1,0,6,0,0,3.866433150225384,1,0,0,0,0,5,0.0,6,1.0,0
51,13,10,0,1,3,11,0,0,4.319607332957949,1,0,0,0,0,10,0.0,9,0.9,0
48,34,7,0,1,0,8,0,3,4.329986855772668,0,0,0,0,0,7,0.42857142857142855,7,1.0,1
81,35,8,0,1,1,15,0,3,4.281151558567455,0,1,1,1,0,13,0.3076923076923077,8,0.8461538461538461,1
46,32,7,0,1,0,8,0,4,4.398030705821853,0,0,0,0,0,7,0.5714285714285714,7,1.0,1
87,35,7,0,1,1,15,0,3,4.432304248071201,0,1,1,1,0,13,0.3076923076923077,8,0.7692307692307693,1
51,15,5,2,3,13,13,1,0,4.18666559001241,0,1,1,1,0,11,0.0,5,1.0,1
55,10,18,0,1,2,11,0,1,4.445288014336222,1,0,0,0,0,10,0.0,9,1.0,0
45,10,8,0,1,2,10,0,0,4.258876575099363,1,0,0,0,0,9,0.0,7,1.0,0
84,32,8,0,1,1,15,0,4,4.454440877199653,0,1,1,1,0,13,0.3076923076923077,9,0.9230769230769231,1
34,10,16,0,1,0,6,0,1,3.962031591059445,1,0,0,0,0,5,0.0,7,1.0,0
30,10,13,0,1,0,6,0,0,3.923231428797621,0,0,0,0,0,5,0.0,7,1.0,0
36,10,19,0,1,0,7,0,0,4.10424366875897,0,0,0,0,0,6,0.0,8,1.0,0
82,37,8,0,1,1,15,0,3,4.4792268092965974,0,1,1,1,0,13,0.23076923076923078,9,0.9230769230769231,1
73,26,8,0,1,3,14,0,1,4.375729556431422,0,1,1,1,0,12,0.08333333333333333,7,0.75,1
40,13,0,0,1,3,9,0,0,4.477567157116929,0,0,0,0,0,8,0.0,9,1.0,0
48,36,5,0,1,0,8,0,3,4.122862303483989,0,0,0,0,0,7,0.42857142857142855,7,1.0,1
44,29,8,0,1,2,7,0,2,4.189561096343497,0,0,0,0,0,6,0.3333333333333333,9,1.0,1
88,32,8,0,1,1,15,0,4,4.299843969189461,0,1,1,1,0,13,0.3076923076923077,8,0.8461538461538461,1
31,10,14,0,1,0,6,0,0,3.7600172778496526,0,0,0,0,0,5,0.0,7,1.0,0
39,10,21,0,1,0,7,0,0,3.910796052851048,1,0,0,0,0,6,0.0,7,1.0,0
58,13,8,2,3,11,13,1,1,4.445947226387472,0,1,1,1,0,11,0.09090909090909091,8,1.0,1
40,27,5,0,1,2,7,0,2,4.365311532225102,1,0,0,0,0,6,0.3333333333333333,9,1.0,1
88,38,8,2,3,1,16,0,4,4.3703664292623765,1,1,1,1,0,14,0.2857142857142857,8,0.9285714285714286,1
78,32,5,0,1,1,15,0,4,4.386352911203706,0,1,1,1,0,13,0.3076923076923077,9,0.8461538461538461,1
95,37,8,2,3,1,16,0,3,4.473223888101302,0,1,1,1,0,14,0.21428571428571427,8,0.7857142857142857,1
90,36,7,2,3,1,16,0,5,4.351033256095533,0,1,1,1,0,14,0.35714285714285715,9,0.9285714285714286,1
45,29,8,0,1,2,7,0,1,4.172206918879582,1,0,0,0,0,6,0.16666666666666666,7,1.0,1
53,13,7,2,3,11,13,1,1,4.42682166676894,0,1,1,1,0,11,0.09090909090909091,6,1.0,1
33,13,12,0,1,0,6,0,0,3.945464952495108,1,0,0,0,0,5,0.0,9,0.8,0
32,11,13,0,1,0,6,0,0,3.9917292966721747,1,0,0,0,0,5,0.0,7,1.0,0
35,10,0,0,1,3,8,0,0,4.3001530166977115,1,0,0,0,0,7,0.0,6,1.0,0
39,10,21,0,1,0,7,0,0,3.747603027810015,1,0,0,0,0,6,0.0,7,0.8333333333333334,0
43,9,8,0,1,1,10,0,0,4.1733739877037905,1,0,0,0,0,9,0.0,7,0.8888888888888888,0
83,30,8,0,1,3,14,0,3,4.490619064870277,1,1,1,1,0,12,0.25,9,1.0,1
88,38,8,0,1,1,15,0,4,4.289498772955595,0,1,1,1,0,13,0.38461538461538464,9,0.8461538461538461,1
30,13,10,0,1,0,5,0,0,4.12323142879762,0,0,0,0,0,4,0.0,9,1.0,0
89,40,7,2,3,1,16,0,3,4.48876799621258,0,1,1,1,0,14,0.2857142857142857,9,0.8571428571428571,1
51,11,13,0,1,3,11,0,0,4.470774116184354,0,0,0,0,0,10,0.0,7,1.0,0
35,10,17,0,1,0,7,0,0,3.8261504319610564,1,0,0,0,0,6,0.0,6,0.8333333333333334,0
32,14,10,0,1,0,6,0,0,4.038909765557392,1,0,0,0,0,5,0.0,10,1.0,0
28,10,10,0,1,0,6,0,0,3.7534343861887853,1,0,0,0,0,5,0.0,6,1.0,0
78,24,8,0,1,3,14,0,3,4.301698526624705,0,1,1,1,0,12,0.25,8,0.9166666666666666,1
47,14,5,0,1,3,10,0,0,4.548541776887334,1,0,0,0,0,9,0.0,10,1.0,0
62,11,23,0,1,3,12,0,0,4.411474689552284,1,0,0,0,0,11,0.0,9,1.0,0
82,38,8,2,3,1,16,0,3,4.477890051478965,0,1,1,1,0,14,0.21428571428571427,8,0.8571428571428571,1
56,15,8,2,3,13,13,1,1,4.380094336283331,0,1,1,1,0,11,0.09090909090909091,7,1.0,1
26,11,8,0,1,0,5,0,0,3.796217602590055,0,0,0,0,0,4,0.0,7,1.0,0
37,11,0,0,1,2,9,0,0,4.445543568156238,0,0,0,0,0,8,0.0,7,1.0,0
47,11,8,0,1,3,10,0,1,4.505988585397971,1,0,0,0,0,9,0.0,7,1.0,0
54,10,16,0,1,3,11,0,1,4.357036697434506,1,0,0,0,0,10,0.0,7,1.0,0
79,29,8,0,1,3,14,0,3,4.502012885509551,1,1,1,1,0,12,0.25,8,1.0,1
46,31,8,0,1,0,8,0,3,4.0879293469851055,0,0,0,0,0,7,0.42857142857142855,8,1.0,1
51,14,9,0,1,3,10,0,0,4.598033429825003,1,0,0,0,0,9,0.0,10,1.0,0
76,24,7,0,1,3,14,0,3,4.468994074825286,0,1,1,1,0,12,0.3333333333333333,9,0.8333333333333334,1
50,13,10,0,1,3,10,0,0,4.658171939471839,0,0,0,0,0,9,0.0,9,1.0,0
48,33,8,2,3,0,9,0,3,4.0485332098491895,0,0,0,0,0,8,0.5,7,0.875,1
85,39,8,2,3,1,16,0,3,4.454589474074648,0,1,1,1,0,14,0.21428571428571427,9,0.9285714285714286,1
48,12,8,0,1,3,10,0,0,4.415400719733291,1,0,0,0,0,9,0.0,8,1.0,0
19,11,0,0,1,0,4,0,0,3.8268748818646365,1,0,0,0,0,3,0.0,7,1.0,0
31,10,13,0,1,0,6,0,1,3.9864543749030035,1,0,0,0,0,5,0.0,7,1.0,0
89,35,8,2,3,1,16,0,4,4.230958116409466,0,1,1,1,0,14,0.35714285714285715,8,0.8571428571428571,1
50,38,5,2,3,0,9,0,3,4.241076880026372,0,0,0,0,0,8,0.375,7,1.0,1
36,10,18,0,1,0,6,0,0,3.961320140211008,1,0,0,0,0,5,0.0,9,1.0,0
76,28,8,0,1,3,14,0,2,4.509931495455195,1,1,1,1,0,12,0.16666666666666666,9,1.0,1
90,38,8,0,1,1,15,0,4,4.561411808163457,0,1,1,1,0,13,0.3076923076923077,8,0.9230769230769231,1
49,11,13,0,1,3,10,0,0,4.42023382344213,1,0,0,0,0,9,0.0,7,1.0,0
52,12,5,2,3,10,13,1,0,4.268438191111384,0,1,1,1,0,11,0.0,8,1.0,1
51,39,5,2,3,0,9,0,3,4.297151508884876,0,0,0,0,0,8,0.375,9,1.0,1
43,13,22,0,1,0,7,0,0,4.054317813779052,1,0,0,0,0,6,0.0,9,1.0,0
48,35,5,0,1,0,8,0,3,4.363521032323434,1,0,0,0,0,7,0.42857142857142855,8,1.0,1
77,26,8,0,1,3,14,0,2,4.5115655235695975,0,1,1,1,0,12,0.16666666666666666,8,0.9166666666666666,1
46,10,8,0,1,3,10,0,0,4.2675959232131575,1,0,0,0,0,9,0.0,7,1.0,0
53,10,15,0,1,3,11,0,0,4.637836727944003,1,0,0,0,0,10,0.0,9,1.0,0
30,9,13,0,1,0,6,0,1,3.8980685120588383,1,0,0,0,0,5,0.0,7,1.0,0
57,15,7,2,3,13,13,1,1,4.483467386520037,0,1,1,1,0,11,0.09090909090909091,6,1.0,1
81,35,7,2,3,1,16,0,3,4.544366590459496,1,1,1,1,0,14,0.2857142857142857,7,0.8571428571428571,1
50,36,7,0,1,0,8,0,3,4.086886761135438,0,0,0,0,0,7,0.5714285714285714,9,0.8571428571428571,1
90,35,8,2,3,1,16,0,4,4.450489432680816,1,1,1,1,0,14,0.2857142857142857,8,1.0,1
46,32,7,0,1,0,8,0,4,4.249014336859389,0,0,0,0,0,7,0.5714285714285714,8,1.0,1
52,9,18,0,1,3,10,0,0,4.3680510159267785,1,0,0,0,0,9,0.0,9,1.0,0
57,15,7,2,3,13,13,1,1,4.422649605284648,0,1,1,1,0,11,0.09090909090909091,6,1.0,1
74,29,5,0,1,1,15,0,4,4.454327175432982,1,1,1,1,0,13,0.3076923076923077,7,1.0,1
41,25,8,0,1,2,7,0,2,4.4058556629435985,1,0,0,0,0,6,0.3333333333333333,8,1.0,1
44,14,22,0,1,0,7,0,1,3.9428621651554665,1,0,0,0,0,6,0.0,10,1.0,0
38,14,0,0,1,3,8,0,0,4.45148902643068,0,0,0,0,0,7,0.0,10,1.0,0
80,30,8,0,1,3,14,0,2,4.4872632010605695,1,1,1,1,0,12,0.16666666666666666,9,0.9166666666666666,1
23,10,5,0,1,0,5,0,0,3.6424896731661263,1,0,0,0,0,4,0.0,6,1.0,0
75,32,5,0,1,1,15,0,4,4.509437017778669,1,1,1,1,0,13,0.3076923076923077,7,1.0,1
53,14,7,2,3,12,13,1,1,4.395574058074169,0,1,1,1,0,11,0.09090909090909091,6,1.0,1
85,37,7,2,3,1,16,0,3,4.5351582930292755,0,1,1,1,0,14,0.35714285714285715,8,0.7857142857142857,1
33,10,16,0,1,0,6,0,1,4.028946391954607,0,0,0,0,0,5,0.0,7,1.0,0
54,15,7,2,3,13,13,1,1,4.354782632544225,0,1,1,1,0,11,0.09090909090909091,6,1.0,1
30,14,8,0,1,0,5,0,0,3.923231428797621,1,0,0,0,0,4,0.0,10,1.0,0
55,13,5,2,3,11,13,1,0,4.433030068089789,0,1,1,1,0,11,0.0,8,1.0,1
55,11,8,2,3,9,13,1,0,4.332181427185141,0,1,1,1,0,11,0.0,8,1.0,1
45,10,8,0,1,3,10,0,0,4.4855372626598005,0,0,0,0,0,9,0.0,7,1.0,0
50,35,7,0,1,0,8,0,4,4.269275070710713,1,0,0,0,0,7,0.5714285714285714,7,1.0,1
51,11,7,2,3,9,13,1,1,4.497790334866218,0,1,1,1,0,11,0.09090909090909091,6,1.0,1
56,13,8,2,3,11,13,1,0,4.5100860031102545,0,1,1,1,0,11,0.0,7,1.0,1
85,29,8,0,1,3,14,0,3,4.528949379998519,1,1,1,1,0,12,0.25,9,1.0,1
26,7,11,0,1,0,6,0,0,3.6423714487439014,1,0,0,0,0,5,0.0,5,1.0,0
22,9,5,0,1,0,5,0,0,3.788754913993502,1,0,0,0,0,4,0.0,6,1.0,0
54,10,16,0,1,3,11,0,0,4.446939530254382,1,0,0,0,0,10,0.0,7,1.0,0
40,10,22,0,1,0,7,0,0,3.642091859889594,1,0,0,0,0,6,0.0,8,1.0,0
44,30,7,0,1,2,7,0,2,4.265583322887733,0,0,0,0,0,6,0.5,9,0.8333333333333334,1
59,12,8,2,3,10,13,1,1,4.410195559255953,0,1,1,1,0,11,0.09090909090909091,8,1.0,1
26,14,5,0,1,0,5,0,0,3.921029621737614,0,0,0,0,0,4,0.0,10,1.0,0
39,11,21,0,1,0,7,0,0,4.006573937300012,0,0,0,0,0,6,0.0,7,1.0,0
28,11,10,0,1,0,5,0,0,3.7089660826946234,0,0,0,0,0,4,0.0,9,1.0,0
60,14,7,2,3,12,13,1,1,4.659981970035088,0,1,1,1,0,11,0.09090909090909091,8,1.0,1
35,23,5,0,1,2,7,0,2,3.990017217489902,0,0,0,0,0,6,0.3333333333333333,6,1.0,1
40,28,5,0,1,2,7,0,2,3.977567157116928,0,0,0,0,0,6,0.3333333333333333,8,1.0,1
33,7,18,0,1,0,7,0,0,3.7983512260625822,1,0,0,0,0,6,0.0,7,1.0,0
46,10,8,0,1,3,10,0,0,4.368792054344757,1,0,0,0,0,9,0.0,7,1.0,0
47,9,10,0,1,3,10,0,0,4.453005074851737,1,0,0,0,0,9,0.0,9,1.0,0
54,10,16,0,1,3,11,0,1,4.330927261615671,1,0,0,0,0,10,0.0,7,1.0,0
41,9,8,0,1,3,9,0,0,4.226709858847346,0,0,0,0,0,8,0.0,7,1.0,0
54,14,5,2,3,12,13,1,0,4.351613458767676,0,1,1,1,0,11,0.0,9,1.0,1
57,13,7,2,3,11,13,1,1,4.640831423466466,0,1,1,1,0,11,0.09090909090909091,8,1.0,1
31,10,13,0,1,0,6,0,0,3.833070907091279,1,0,0,0,0,5,0.0,7,1.0,0
36,10,18,0,1,0,6,0,1,3.961320140211008,1,0,0,0,0,5,0.0,9,1.0,0
41,28,5,0,1,2,7,0,2,4.338663284842051,1,0,0,0,0,6,0.3333333333333333,9,1.0,1
44,31,5,0,1,2,7,0,2,4.308768198567054,1,0,0,0,0,6,0.3333333333333333,9,1.0,1
33,9,16,0,1,0,6,0,1,3.847128210136425,1,0,0,0,0,5,0.0,7,1.0,0
91,39,7,2,3,1,16,0,3,4.300243147172596,1,1,1,1,0,14,0.35714285714285715,8,0.8571428571428571,1
54,11,18,0,1,3,10,0,0,4.5088835666978335,1,0,0,0,0,9,0.0,9,1.0,0
37,13,0,0,1,3,8,0,0,4.350684784255509,0,0,0,0,0,7,0.0,9,1.0,0
28,7,13,0,1,0,6,0,0,3.664497779200461,1,0,0,0,0,5,0.0,7,1.0,0
54,13,8,2,3,11,13,1,1,4.395164660815568,0,1,1,1,0,11,0.09090909090909091,7,1.0,1
32,9,15,0,1,0,6,0,0,3.952819531114783,1,0,0,0,0,5,0.0,9,1.0,0
49,14,27,0,1,0,7,0,0,4.099631661308524,1,0,0,0,0,6,0.0,10,1.0,0
31,11,13,0,1,0,6,0,0,3.9134007456613777,0,0,0,0,0,5,0.0,7,1.0,0
76,25,5,0,1,3,14,0,2,4.565551467091861,1,1,1,1,0,12,0.16666666666666666,9,1.0,1
34,7,0,0,1,3,9,0,0,4.4992275471326915,0,0,0,0,0,8,0.0,4,1.0,0
25,10,8,0,1,0,5,0,0,3.463465189601646,0,0,0,0,0,4,0.0,7,1.0,0
32,11,14,0,1,0,6,0,0,3.8514097655573916,0,0,0,0,0,5,0.0,7,1.0,0
33,12,13,0,1,0,6,0,0,3.930609649595924,1,0,0,0,0,5,0.0,8,1.0,0
45,13,5,0,1,3,10,0,0,4.402529762804033,0,0,0,0,0,9,0.0,9,1.0,0
50,10,13,0,1,3,11,0,0,4.223465189601646,0,0,0,0,0,10,0.0,7,1.0,0
57,14,8,2,3,12,13,1,0,4.3242876137534285,0,1,1,1,0,11,0.0,8,1.0,1
35,10,0,0,1,3,8,0,0,4.3001530166977115,1,0,0,0,0,7,0.0,6,1.0,0
41,11,22,0,1,0,7,0,1,4.061956505136042,1,0,0,0,0,6,0.0,7,1.0,0
38,11,19,0,1,0,6,0,0,3.882814277103395,1,0,0,0,0,5,0.0,9,1.0,0
44,11,8,0,1,3,9,0,0,4.365364221195987,1,0,0,0,0,8,0.0,7,1.0,0
88,39,7,2,3,1,16,0,5,4.495391354140339,1,1,1,1,0,14,0.35714285714285715,7,1.0,1
31,11,13,0,1,0,6,0,1,3.9377519554085865,0,0,0,0,0,5,0.0,7,1.0,0
32,11,13,0,1,0,6,0,1,4.140319531114783,1,0,0,0,0,5,0.0,7,1.0,0
74,28,5,0,1,1,15,0,3,4.405319794905356,1,1,1,1,0,13,0.23076923076923078,7,0.9230769230769231,1
82,30,8,0,1,1,15,0,3,4.311280045756847,0,1,1,1,0,13,0.23076923076923078,8,0.8461538461538461,1
59,14,8,2,3,12,13,1,1,4.444830093484675,0,1,1,1,0,11,0.09090909090909091,8,1.0,1
25,7,10,0,1,0,6,0,0,3.813660689688185,1,0,0,0,0,5,0.0,5,1.0,0
89,35,7,2,3,1,16,0,4,4.566893244043654,0,1,1,1,0,14,0.2857142857142857,8,0.9285714285714286,1
50,10,13,0,1,3,11,0,0,4.32637013015618,0,0,0,0,0,10,0.0,7,1.0,0
39,10,5,0,1,3,9,0,0,4.348752859555048,0,0,0,0,0,8,0.0,6,1.0,0
82,29,8,0,1,1,15,0,3,4.341393994747164,0,1,1,1,0,13,0.3076923076923077,8,0.8461538461538461,1
28,7,14,0,1,0,6,0,1,3.7089660826946225,0,0,0,0,0,5,0.0,7,1.0,0
45,10,10,0,1,3,10,0,0,4.330416151741,1,0,0,0,0,9,0.0,6,0.8888888888888888,0
65,12,26,0,1,3,12,0,1,4.542167822127462,0,0,0,0,0,11,0.0,9,1.0,0
87,37,7,2,3,1,16,0,4,4.484719437386892,0,1,1,1,0,14,0.2857142857142857,8,0.9285714285714286,1
58,13,8,2,3,11,13,1,0,4.508621780036167,0,1,1,1,0,11,0.0,8,1.0,1
72,25,7,0,1,3,14,0,3,4.4841613670010885,1,1,1,1,0,12,0.3333333333333333,6,0.9166666666666666,1
43,10,10,0,1,2,10,0,0,4.208485034316045,0,0,0,0,0,9,0.0,6,1.0,0
49,34,8,0,1,0,8,0,3,4.047485609023958,0,0,0,0,0,7,0.42857142857142855,8,1.0,1
77,25,7,0,1,3,14,0,3,4.391649277440385,0,1,1,1,0,12,0.3333333333333333,8,0.8333333333333334,1
50,9,13,0,1,3,11,0,0,4.391272380112911,1,0,0,0,0,10,0.0,7,1.0,0
79,31,7,0,1,1,15,0,4,4.269843444683759,1,1,1,1,0,13,0.3076923076923077,8,1.0,1
52,11,13,0,1,3,11,0,0,4.426119285323969,1,0,0,0,0,10,0.0,7,1.0,0
55,12,7,2,3,10,13,1,1,4.468092153937406,0,1,1,1,0,11,0.09090909090909091,9,1.0,1
35,11,16,0,1,0,7,0,0,4.0331536461849575,1,0,0,0,0,6,0.0,7,1.0,0
53,12,8,2,3,10,13,1,0,4.427642136964359,0,1,1,1,0,11,0.0,7,1.0,1
83,35,5,2,3,1,16,0,3,4.493369910876745,1,1,1,1,0,14,0.21428571428571427,7,1.0,1
35,11,0,0,1,3,8,0,0,4.400432302535624,0,0,0,0,0,7,0.0,7,1.0,0
32,11,13,0,1,0,6,0,1,4.054229296672174,1,0,0,0,0,5,0.0,7,1.0,0
50,9,13,0,1,3,11,0,0,4.393269689515108,1,0,0,0,0,10,0.0,7,1.0,0
62,10,24,0,1,3,12,0,0,4.549461085712668,1,0,0,0,0,11,0.0,9,1.0,0
54,39,8,2,3,0,9,0,3,4.142521717333137,0,0,0,0,0,8,0.5,8,0.875,1
50,37,5,2,3,0,9,0,3,4.138171939471838,1,0,0,0,0,8,0.375,7,1.0,1
36,11,17,0,1,0,6,0,0,3.974937501201926,1,0,0,0,0,5,0.0,8,1.0,0
37,13,16,0,1,0,6,0,0,3.9465059074343403,1,0,0,0,0,5,0.0,9,1.0,0
60,15,5,2,3,13,13,1,0,4.413318065096178,0,1,1,1,0,11,0.0,9,1.0,1
49,9,12,0,1,3,11,0,0,4.254930446501112,1,0,0,0,0,10,0.0,6,0.8,0
34,10,16,0,1,0,6,0,1,3.9032080616476805,1,0,0,0,0,5,0.0,7,1.0,0
34,10,16,0,1,0,6,0,0,3.771902372038558,1,0,0,0,0,5,0.0,7,1.0,0
85,35,8,0,1,1,15,0,4,4.620042408181286,0,1,1,1,0,13,0.3076923076923077,8,0.9230769230769231,1
37,23,7,0,1,2,7,0,2,4.303783770917413,0,0,0,0,0,6,0.3333333333333333,7,1.0,1
37,25,5,0,1,2,7,0,2,4.296630730201456,0,0,0,0,0,6,0.3333333333333333,6,1.0,1
35,9,18,0,1,0,7,0,0,3.932874360347045,1,0,0,0,0,6,0.0,7,0.8333333333333334,0
48,14,6,0,1,3,10,0,0,4.615601562950724,1,0,0,0,0,9,0.0,10,1.0,0
53,14,7,2,3,12,13,1,1,4.457245568421751,0,1,1,1,0,11,0.09090909090909091,6,1.0,1
34,11,16,0,1,0,6,0,0,3.7999793850498294,0,0,0,0,0,5,0.0,7,1.0,0
82,30,8,0,1,3,14,0,3,4.3070120408781465,0,1,1,1,0,12,0.3333333333333333,8,0.8333333333333334,1
80,23,8,0,1,3,14,0,3,4.3902401690801796,0,1,1,1,0,12,0.25,9,0.9166666666666666,1
40,13,0,0,1,2,9,0,0,4.477567157116929,1,0,0,0,0,8,0.0,9,1.0,0
44,11,5,0,1,3,10,0,0,4.40194695925137,1,0,0,0,0,9,0.0,7,1.0,0
78,31,7,0,1,3,14,0,3,4.406961684519441,1,1,1,1,0,12,0.3333333333333333,8,0.9166666666666666,1
36,11,17,0,1,0,6,0,0,4.030493056757481,1,0,0,0,0,5,0.0,8,1.0,0
44,12,8,0,1,3,9,0,0,4.498871107126151,0,0,0,0,0,8,0.0,8,1.0,0
57,12,8,2,3,10,13,1,0,4.349922332557376,0,1,1,1,0,11,0.0,8,1.0,1
56,14,7,2,3,12,13,1,1,4.330927261615671,0,1,1,1,0,11,0.09090909090909091,6,1.0,1
32,9,16,0,1,0,6,0,0,3.7806390622295662,0,0,0,0,0,5,0.0,9,1.0,0
87,32,7,0,1,3,14,0,2,4.3622915320155204,0,1,1,1,0,12,0.25,9,0.8333333333333334,1
76,25,7,0,1,3,14,0,2,4.514857549193035,0,1,1,1,0,12,0.16666666666666666,9,0.9166666666666666,1
35,10,0,0,1,1,9,0,0,4.229003731107052,0,0,0,0,0,8,0.0,6,1.0,0
44,12,5,0,1,3,10,0,0,4.498871107126151,0,0,0,0,0,9,0.0,8,1.0,0
26,10,8,0,1,0,5,0,0,3.5804621997271013,1,0,0,0,0,4,0.0,7,1.0,0
49,37,5,2,3,0,9,0,3,4.231558058180161,0,0,0,0,0,8,0.375,7,1.0,1
85,37,7,2,3,1,16,0,4,4.535973660847701,0,1,1,1,0,14,0.2857142857142857,9,0.9285714285714286,1
71,25,7,0,1,3,14,0,4,4.705713043452498,0,1,1,1,0,12,0.3333333333333333,8,0.9166666666666666,1
33,7,18,0,1,0,6,0,0,3.688968181382679,1,0,0,0,0,5,0.0,9,1.0,0
37,12,17,0,1,0,6,0,0,4.080414513985239,1,0,0,0,0,5,0.0,8,1.0,0
52,37,8,0,1,0,8,0,4,4.127546450029152,0,0,0,0,0,7,0.5714285714285714,8,1.0,1
80,31,8,0,1,1,15,0,4,4.479733117687181,0,1,1,1,0,13,0.3076923076923077,9,0.9230769230769231,1
52,13,7,2,3,11,13,1,1,4.40637013015618,0,1,1,1,0,11,0.09090909090909091,6,1.0,1
54,14,7,2,3,12,13,1,1,4.4411331132302445,0,1,1,1,0,11,0.09090909090909091,6,1.0,1
85,36,7,2,3,1,16,0,4,4.445772607618513,0,1,1,1,0,14,0.35714285714285715,8,0.8571428571428571,1
49,11,10,0,1,3,10,0,0,4.425635099084792,1,0,0,0,0,9,0.0,9,1.0,0
50,36,7,2,3,0,9,0,3,4.433269689515108,0,0,0,0,0,8,0.375,8,1.0,1
46,10,8,0,1,3,10,0,0,4.276081999855836,1,0,0,0,0,9,0.0,7,1.0,0
42,10,24,0,1,0,7,0,0,3.9963843160385055,1,0,0,0,0,6,0.0,9,1.0,0
42,7,8,0,1,2,10,0,0,4.492926053473585,1,0,0,0,0,9,0.0,7,1.0,0
39,11,0,0,1,3,9,0,0,4.458103180234289,1,0,0,0,0,8,0.0,7,1.0,0
44,30,7,0,1,0,8,0,4,4.092636948468716,0,0,0,0,0,7,0.5714285714285714,6,1.0,1
41,10,23,0,1,0,7,0,0,3.6723426404765998,1,0,0,0,0,6,0.0,8,0.8333333333333334,0
36,11,0,0,1,3,8,0,0,4.461320140211008,1,0,0,0,0,7,0.0,7,1.0,0
48,33,8,0,1,0,8,0,3,4.123734053066623,0,0,0,0,0,7,0.42857142857142855,7,1.0,1
47,31,8,0,1,0,8,0,3,4.261099755518676,1,0,0,0,0,7,0.42857142857142855,7,1.0,1
41,28,5,0,1,2,7,0,2,4.257078456355554,1,0,0,0,0,6,0.3333333333333333,7,1.0,1
49,36,5,0,1,0,8,0,3,4.321157232171246,1,0,0,0,0,7,0.42857142857142855,9,1.0,1
53,39,7,2,3,0,9,0,4,4.31294463456903,0,0,0,0,0,8,0.5,8,1.0,1
46,10,11,0,1,3,10,0,0,4.501397825434102,1,0,0,0,0,9,0.0,6,1.0,0
87,39,7,2,3,1,16,0,3,4.452499319834111,0,1,1,1,0,14,0.2857142857142857,8,0.8571428571428571,1
40,25,8,0,1,2,7,0,1,4.096439344671015,0,0,0,0,0,6,0.16666666666666666,7,0.8333333333333334,1
50,36,7,2,3,0,9,0,4,4.393269689515108,0,0,0,0,0,8,0.5,7,1.0,1
38,10,20,0,1,0,7,0,0,3.9483465138316336,1,0,0,0,0,6,0.0,9,1.0,0
73,29,7,0,1,3,14,0,3,4.545332992768977,0,1,1,1,0,12,0.25,8,0.9166666666666666,1
87,40,7,2,3,1,16,0,5,4.589271706956939,0,1,1,1,0,14,0.35714285714285715,8,0.9285714285714286,1
59,10,21,0,1,3,12,0,1,4.55656116872578,1,0,0,0,0,11,0.0,7,1.0,0
54,39,7,2,3,0,9,0,3,4.418980733877957,1,0,0,0,0,8,0.375,9,1.0,1
40,10,22,0,1,0,7,0,0,4.037326145256007,1,0,0,0,0,6,0.0,7,1.0,0
46,9,9,0,1,3,10,0,0,4.449995043334096,1,0,0,0,0,9,0.0,8,1.0,0
34,11,15,0,1,0,6,0,0,3.807763576417195,1,0,0,0,0,5,0.0,9,1.0,0
28,10,10,0,1,0,5,0,0,3.8248629576173565,1,0,0,0,0,4,0.0,9,1.0,0
17,10,0,0,1,0,4,0,0,3.4992275471326932,0,0,0,0,0,3,0.0,6,1.0,0
59,14,8,2,3,12,13,1,0,4.593781409198236,0,1,1,1,0,11,0.0,8,1.0,1
41,11,6,0,1,2,9,0,0,4.338663284842051,1,0,0,0,0,8,0.0,7,1.0,0
91,36,8,2,3,1,16,0,4,4.539194499550868,0,1,1,1,0,14,0.2857142857142857,9,0.9285714285714286,1
54,10,16,0,1,3,11,0,0,4.454168410357404,1,0,0,0,0,10,0.0,7,1.0,0
76,27,7,0,1,3,14,0,2,4.648331156538793,1,1,1,1,0,12,0.16666666666666666,7,0.9166666666666666,1
54,13,7,2,3,11,13,1,1,4.494111719041081,0,1,1,1,0,11,0.09090909090909091,8,1.0,1
77,34,8,2,3,1,16,0,4,4.249116531628481,0,1,1,1,0,14,0.2857142857142857,7,0.8571428571428571,1
56,10,18,0,1,3,11,0,0,4.399695610927062,1,0,0,0,0,10,0.0,9,1.0,0
37,7,5,0,1,3,9,0,0,4.391489514102184,1,0,0,0,0,8,0.0,5,1.0,0
31,10,13,0,1,0,6,0,0,4.0022680844408445,1,0,0,0,0,5,0.0,7,1.0,0
35,13,14,0,1,0,6,0,0,4.128724445269141,1,0,0,0,0,5,0.0,9,1.0,0
48,33,8,0,1,0,8,0,3,4.29040071973329,0,0,0,0,0,7,0.42857142857142855,7,1.0,1
39,9,22,0,1,0,7,0,0,3.570767208521816,1,0,0,0,0,6,0.0,7,0.8333333333333334,0
42,28,7,0,1,2,7,0,2,4.433634982148036,0,0,0,0,0,6,0.3333333333333333,8,1.0,1
50,36,7,2,3,0,9,0,4,4.456174630069642,0,0,0,0,0,8,0.5,7,1.0,1
55,13,5,2,3,11,13,1,0,4.364923644043811,0,1,1,1,0,11,0.0,8,1.0,1
34,10,16,0,1,0,6,0,0,3.616403652103177,1,0,0,0,0,5,0.0,7,0.8,0
31,9,15,0,1,0,6,0,0,3.9134007456613777,0,0,0,0,0,5,0.0,9,1.0,0
37,9,0,0,1,3,9,0,0,4.344588500764087,1,0,0,0,0,8,0.0,6,1.0,0
74,24,7,0,1,3,14,0,3,4.587213237856182,0,1,1,1,0,12,0.3333333333333333,9,0.8333333333333334,1
70,23,5,0,1,3,14,0,2,4.5496918849225665,1,1,1,1,0,12,0.16666666666666666,9,1.0,1
51,35,8,2,3,0,9,0,2,4.211066027991481,1,0,0,0,0,8,0.25,8,1.0,1
18,10,0,0,1,0,4,0,0,3.5724312513221195,1,0,0,0,0,3,0.0,6,1.0,0
75,25,7,0,1,3,14,0,3,4.555794250453383,0,1,1,1,0,12,0.3333333333333333,9,0.8333333333333334,1
50,35,7,2,3,0,9,0,4,4.313269689515108,1,0,0,0,0,8,0.5,7,1.0,1
40,11,21,0,1,0,7,0,0,3.9373261452560073,1,0,0,0,0,6,0.0,7,1.0,0
77,28,8,0,1,3,14,0,2,4.326324731908406,0,1,1,1,0,12,0.16666666666666666,8,0.75,1
52,13,5,2,3,11,13,1,0,4.351272380112911,0,1,1,1,0,11,0.0,6,1.0,1
35,11,16,0,1,0,6,0,0,3.8645783739023827,1,0,0,0,0,5,0.0,7,1.0,0
77,29,7,0,1,3,14,0,3,4.573111150432876,0,1,1,1,0,12,0.3333333333333333,9,0.8333333333333334,1
56,13,8,2,3,11,13,1,0,4.3412079386887035,0,1,1,1,0,11,0.0,7,1.0,1
48,10,10,0,1,3,10,0,0,4.563721875540869,1,0,0,0,0,9,0.0,9,1.0,0
26,10,8,0,1,0,5,0,1,3.8441065448145375,1,0,0,0,0,4,0.0,7,1.0,0
49,10,11,0,1,3,11,0,0,4.451045558224313,1,0,0,0,0,10,0.0,6,1.0,0
44,30,7,0,1,0,8,0,4,4.079225801519102,0,0,0,0,0,7,0.5714285714285714,6,1.0,1
39,9,5,0,1,3,9,0,0,4.3236131161871985,1,0,0,0,0,8,0.0,6,1.0,0
32,10,14,0,1,0,6,0,0,4.038909765557392,1,0,0,0,0,5,0.0,8,1.0,0
79,29,7,0,1,3,14,0,2,4.551785080327224,1,1,1,1,0,12,0.25,8,0.9166666666666666,1
25,9,8,0,1,0,5,0,0,3.639079570624173,1,0,0,0,0,4,0.0,7,1.0,0
55,14,16,0,1,3,10,0,0,4.362466985937245,1,0,0,0,0,9,0.0,10,0.8888888888888888,0
34,7,20,0,1,0,7,0,0,3.664976724291508,0,0,0,0,0,6,0.0,8,1.0,0
27,10,10,0,1,0,5,0,0,3.7360069464476564,0,0,0,0,0,4,0.0,9,1.0,0
54,14,7,2,3,12,13,1,1,4.611416824235501,0,1,1,1,0,11,0.09090909090909091,6,1.0,1
54,14,8,2,3,12,13,1,0,4.333255411798769,0,1,1,1,0,11,0.0,7,1.0,1
84,37,7,2,3,1,16,0,3,4.340990036848356,1,1,1,1,0,14,0.2857142857142857,7,0.9285714285714286,1
41,26,8,0,1,2,7,0,3,4.421831810066858,0,0,0,0,0,6,0.5,7,1.0,1
46,10,28,0,1,0,7,0,0,3.8147932835759746,1,0,0,0,0,6,0.0,9,0.8333333333333334,0
84,36,7,0,1,1,15,0,4,4.280796597229806,0,1,1,1,0,13,0.38461538461538464,8,0.8461538461538461,1
32,10,14,0,1,0,6,0,0,3.9139097655573916,1,0,0,0,0,5,0.0,8,1.0,0
34,10,16,0,1,0,6,0,0,3.881005488054637,1,0,0,0,0,5,0.0,7,1.0,0
84,38,7,2,3,1,16,0,3,4.247729355769776,0,1,1,1,0,14,0.2857142857142857,7,0.8571428571428571,1
39,10,21,0,1,0,7,0,0,3.8914399630519845,1,0,0,0,0,6,0.0,7,0.8333333333333334,0
45,11,9,0,1,3,9,0,0,4.519087818311512,1,0,0,0,0,8,0.0,8,1.0,0
43,11,24,0,1,0,7,0,0,3.8630256628678277,1,0,0,0,0,6,0.0,9,1.0,0
35,11,0,0,1,2,8,0,0,4.343289445392767,1,0,0,0,0,7,0.0,7,1.0,0
55,11,20,0,1,3,11,0,0,4.540653696115068,0,0,0,0,0,10,0.0,8,1.0,0
55,15,5,2,3,13,13,1,0,4.470765917146394,0,1,1,1,0,11,0.0,8,1.0,1
94,42,5,2,3,1,16,0,3,4.35223723398963,0,1,1,1,0,14,0.2857142857142857,9,0.8571428571428571,1
78,25,7,0,1,3,14,0,3,4.494527763888568,0,1,1,1,0,12,0.3333333333333333,9,0.8333333333333334,1
27,14,6,0,1,0,5,0,0,3.930270372293455,0,0,0,0,0,4,0.0,10,1.0,0
41,10,23,0,1,0,7,0,0,4.043544614839371,1,0,0,0,0,6,0.0,9,1.0,0
81,28,8,0,1,3,14,0,3,4.376009312660156,0,1,1,1,0,12,0.3333333333333333,9,0.8333333333333334,1
75,29,7,0,1,1,15,0,4,4.4082476760264395,0,1,1,1,0,13,0.3076923076923077,8,0.9230769230769231,1
28,11,10,0,1,0,6,0,0,3.8248629576173565,0,0,0,0,0,5,0.0,7,1.0,0
26,10,8,0,1,0,5,0,0,3.4885252948977477,1,0,0,0,0,4,0.0,7,1.0,0
22,14,0,0,1,0,4,0,0,4.004886164091841,1,0,0,0,0,3,0.0,10,1.0,0
41,9,8,0,1,3,9,0,0,4.324270834457101,0,0,0,0,0,8,0.0,7,1.0,0
75,28,7,0,1,3,14,0,4,4.435328667994874,0,1,1,1,0,12,0.3333333333333333,9,0.9166666666666666,1
82,35,7,2,3,1,16,0,3,4.573299152238228,0,1,1,1,0,14,0.21428571428571427,7,0.9285714285714286,1
51,12,7,2,3,10,13,1,1,4.344529620492199,0,1,1,1,0,11,0.09090909090909091,6,1.0,1
26,10,8,0,1,0,5,0,1,3.796217602590055,1,0,0,0,0,4,0.0,7,1.0,0
59,14,8,2,3,12,13,1,0,4.543698023719758,0,1,1,1,0,11,0.0,8,1.0,1
35,10,0,0,1,3,8,0,0,4.229003731107053,1,0,0,0,0,7,0.0,6,1.0,0
33,11,14,0,1,0,6,0,0,4.043801694853791,1,0,0,0,0,5,0.0,7,1.0,0
38,10,0,0,1,3,9,0,0,4.346225868535943,1,0,0,0,0,8,0.0,6,1.0,0
56,14,8,2,3,12,13,1,0,4.576931197081307,0,1,1,1,0,11,0.0,8,1.0,1
87,38,7,0,1,1,15,0,4,4.450066306945635,0,1,1,1,0,13,0.3076923076923077,9,0.9230769230769231,1
85,34,8,0,1,1,15,0,4,4.436870498327428,1,1,1,1,0,13,0.3076923076923077,9,1.0,1
25,10,8,0,1,0,5,0,0,3.7532696895151076,0,0,0,0,0,4,0.0,7,1.0,0
75,26,5,0,1,3,14,0,3,4.646958935823982,1,1,1,1,0,12,0.25,8,1.0,1
71,25,8,0,1,3,14,0,2,4.50641811701028,0,1,1,1,0,12,0.16666666666666666,7,0.9166666666666666,1
81,32,8,0,1,1,15,0,3,4.416025255175729,0,1,1,1,0,13,0.23076923076923078,8,0.9230769230769231,1
87,34,8,0,1,1,15,0,4,4.422708330953958,0,1,1,1,0,13,0.3076923076923077,8,0.8461538461538461,1
31,9,14,0,1,0,6,0,0,3.9134007456613777,1,0,0,0,0,5,0.0,8,1.0,0
30,10,13,0,1,0,6,0,0,3.602910079649727,0,0,0,0,0,5,0.0,7,1.0,0
44,32,5,0,1,2,7,0,2,4.2007025735178845,0,0,0,0,0,6,0.3333333333333333,8,1.0,1
26,10,9,0,1,0,5,0,0,3.7192945256669785,0,0,0,0,0,4,0.0,8,1.0,0
32,11,13,0,1,0,6,0,0,3.952819531114783,1,0,0,0,0,5,0.0,7,1.0,0
56,14,7,2,3,12,13,1,1,4.507034206140245,0,1,1,1,0,11,0.09090909090909091,8,1.0,1
88,39,7,2,3,1,16,0,4,4.451688736933201,0,1,1,1,0,14,0.2857142857142857,7,0.8571428571428571,1
69,23,8,0,1,3,14,0,2,4.304697123766059,0,1,1,1,0,12,0.25,9,0.8333333333333334,1
54,14,13,0,1,2,11,0,0,4.5088835666978335,1,0,0,0,0,10,0.0,10,1.0,0
17,10,0,0,1,0,4,0,0,3.572469458770136,0,0,0,0,0,3,0.0,6,1.0,0
79,26,8,0,1,3,14,0,2,4.350694905582235,1,1,1,1,0,12,0.25,8,0.9166666666666666,1
25,10,8,0,1,0,5,0,0,3.4790795706241737,0,0,0,0,0,4,0.0,7,1.0,0
89,36,7,2,3,1,16,0,4,4.465595439534378,1,1,1,1,0,14,0.35714285714285715,7,0.9285714285714286,1
41,10,23,0,1,0,7,0,1,4.0346536885808275,1,0,0,0,0,6,0.0,9,1.0,0
42,27,8,0,1,2,7,0,2,4.6061376606679545,0,0,0,0,0,6,0.3333333333333333,8,1.0,1
85,33,8,0,1,1,15,0,3,4.3198052450662985,1,1,1,1,0,13,0.3076923076923077,9,0.9230769230769231,1
52,37,7,2,3,0,9,0,4,4.306141766909978,1,0,0,0,0,8,0.5,7,1.0,1
33,9,16,0,1,0,6,0,1,4.020926316000352,1,0,0,0,0,5,0.0,7,1.0,0
83,34,5,2,3,1,16,0,4,4.392905702924688,0,1,1,1,0,14,0.2857142857142857,9,0.9285714285714286,1
38,10,21,0,1,0,7,0,0,3.8758494743010163,0,0,0,0,0,6,0.0,7,1.0,0
50,11,11,0,1,3,11,0,0,4.583465189601647,1,0,0,0,0,10,0.0,7,1.0,0
38,11,0,0,1,3,9,0,0,4.378991986900062,0,0,0,0,0,8,0.0,7,1.0,0
48,36,5,2,3,0,9,0,3,4.238521032323434,0,0,0,0,0,8,0.375,6,1.0,1
20,7,5,0,1,0,5,0,0,3.6841837197791887,1,0,0,0,0,4,0.0,5,1.0,0
85,33,8,0,1,1,15,0,3,4.325012516217257,0,1,1,1,0,13,0.23076923076923078,8,0.9230769230769231,1
24,9,8,0,1,0,5,0,0,3.8035088547976788,0,0,0,0,0,4,0.0,7,1.0,0
91,35,8,2,3,1,16,0,3,4.472690107151404,0,1,1,1,0,14,0.21428571428571427,8,0.8571428571428571,1
35,11,16,0,1,0,6,0,0,3.957295873840569,1,0,0,0,0,5,0.0,7,1.0,0
40,10,5,0,1,3,9,0,0,4.265311532225102,1,0,0,0,0,8,0.0,6,1.0,0
41,10,23,0,1,0,7,0,1,4.043544614839371,1,0,0,0,0,6,0.0,9,1.0,0
37,10,0,0,1,3,9,0,0,4.465945933079575,0,0,0,0,0,8,0.0,6,1.0,0
47,33,7,0,1,0,8,0,3,4.240239117404928,0,0,0,0,0,7,0.42857142857142855,7,1.0,1
52,10,14,0,1,3,11,0,0,4.479097891134805,1,0,0,0,0,10,0.0,7,1.0,0
79,33,7,0,1,1,15,0,4,4.5565192098934615,0,1,1,1,0,13,0.3076923076923077,8,0.9230769230769231,1
22,10,5,0,1,0,5,0,0,3.6069367321753205,0,0,0,0,0,4,0.0,6,1.0,0
58,14,16,0,1,3,11,0,0,4.464981210309103,1,0,0,0,0,10,0.0,10,0.9,0
81,32,8,0,1,1,15,0,4,4.5149676168207575,0,1,1,1,0,13,0.3076923076923077,9,0.9230769230769231,1
28,10,10,0,1,0,6,0,0,3.780394654123194,1,0,0,0,0,5,0.0,6,1.0,0
77,28,8,0,1,3,14,0,3,4.514107238040844,0,1,1,1,0,12,0.25,9,0.9166666666666666,1
73,27,7,0,1,3,14,0,3,4.418847781623259,0,1,1,1,0,12,0.25,8,0.9166666666666666,1
54,12,7,2,3,10,13,1,1,4.425811353958516,0,1,1,1,0,11,0.09090909090909091,6,1.0,1
61,15,8,2,3,13,13,1,1,4.458642838666864,0,1,1,1,0,11,0.09090909090909091,8,1.0,1
50,11,7,2,3,9,13,1,1,4.262380345401073,0,1,1,1,0,11,0.09090909090909091,6,1.0,1
71,27,7,0,1,3,14,0,3,4.544562094484908,0,1,1,1,0,12,0.25,9,0.9166666666666666,1
83,36,7,2,3,1,16,0,5,4.3913031643440394,0,1,1,1,0,14,0.35714285714285715,7,0.8571428571428571,1
82,34,8,0,1,1,15,0,4,4.304278166871093,0,1,1,1,0,13,0.3076923076923077,8,0.9230769230769231,1
40,11,21,0,1,0,7,0,0,3.903701696057347,1,0,0,0,0,6,0.0,7,1.0,0
35,10,0,0,1,3,8,0,0,4.243010159554855,1,0,0,0,0,7,0.0,6,1.0,0
28,13,8,0,1,0,5,0,1,3.9137995646056805,0,0,0,0,0,4,0.0,9,1.0,0
51,36,7,0,1,0,8,0,3,4.299109655357619,1,0,0,0,0,7,0.42857142857142855,7,1.0,1
51,10,14,0,1,3,11,0,0,4.390384597162591,0,0,0,0,0,10,0.0,8,1.0,0
76,27,5,0,1,3,14,0,2,4.464417096073428,1,1,1,1,0,12,0.16666666666666666,8,1.0,1
59,15,7,2,3,13,13,1,1,4.600629821927415,0,1,1,1,0,11,0.09090909090909091,8,1.0,1
48,13,8,0,1,3,10,0,0,4.490601562950724,0,0,0,0,0,9,0.0,9,1.0,0
35,11,16,0,1,0,6,0,0,4.0220005168831525,1,0,0,0,0,5,0.0,7,1.0,0
54,14,13,0,1,3,11,0,1,4.499805326037222,0,0,0,0,0,10,0.0,10,1.0,0
58,14,8,2,3,12,13,1,0,4.532639243749496,0,1,1,1,0,11,0.0,9,1.0,1
80,28,7,0,1,3,14,0,3,4.6018607140269765,1,1,1,1,0,12,0.25,9,1.0,1
24,10,6,0,1,0,5,0,0,3.688721875540868,1,0,0,0,0,4,0.0,6,1.0,0
89,38,8,0,1,1,15,0,3,4.417243243944185,1,1,1,1,0,13,0.23076923076923078,8,0.9230769230769231,1
78,31,7,0,1,3,14,0,3,4.462561190956055,1,1,1,1,0,12,0.25,9,1.0,1
45,30,8,0,1,0,8,0,3,4.144537752260993,0,0,0,0,0,7,0.42857142857142855,7,1.0,1
84,34,5,0,1,1,15,0,3,4.483446434523061,1,1,1,1,0,13,0.3076923076923077,9,0.9230769230769231,1
40,7,5,0,1,3,10,0,0,4.515311532225102,1,0,0,0,0,9,0.0,5,1.0,0
39,25,7,0,1,2,7,0,3,4.087221296985311,0,0,0,0,0,6,0.5,7,1.0,1
44,11,5,0,1,3,10,0,0,4.464558038845993,1,0,0,0,0,9,0.0,7,1.0,0
47,32,8,0,1,0,8,0,4,4.349712458420389,0,0,0,0,0,7,0.5714285714285714,8,1.0,1
54,11,18,0,1,3,10,0,1,4.545920603734871,1,0,0,0,0,9,0.0,9,1.0,0
36,9,19,0,1,0,7,0,0,3.8956388075276664,1,0,0,0,0,6,0.0,7,1.0,0
47,31,8,0,1,0,8,0,3,4.046209000835486,1,0,0,0,0,7,0.42857142857142855,7,1.0,1
29,14,8,0,1,0,5,0,1,3.978333581185264,0,0,0,0,0,4,0.0,10,1.0,0
25,7,10,0,1,0,5,0,0,3.723074189428569,1,0,0,0,0,4,0.0,9,1.0,0
28,13,8,0,1,0,5,0,0,3.896291529045928,0,0,0,0,0,4,0.0,9,1.0,0
43,10,5,0,1,3,10,0,0,4.530233940446729,1,0,0,0,0,9,0.0,6,1.0,0
36,10,18,0,1,0,7,0,0,3.7261981000246145,1,0,0,0,0,6,0.0,7,1.0,0
35,10,18,0,1,0,6,0,0,3.758592489772477,0,0,0,0,0,5,0.0,9,1.0,0
54,14,13,0,1,3,11,0,1,4.53684236307426,0,0,0,0,0,10,0.0,10,1.0,0
58,7,26,0,1,3,11,0,1,4.509035633790891,1,0,0,0,0,10,0.0,9,1.0,0
57,12,5,2,3,10,13,1,0,4.444527214700469,0,1,1,1,0,11,0.0,9,1.0,1
82,31,7,0,1,1,15,0,5,4.533494814175297,0,1,1,1,0,13,0.38461538461538464,9,0.9230769230769231,1
51,10,13,0,1,3,11,0,0,4.500377547641746,1,0,0,0,0,10,0.0,7,1.0,0
88,40,7,2,3,1,16,0,2,4.396481616620844,1,1,1,1,0,14,0.21428571428571427,9,0.9285714285714286,1
43,9,6,0,1,3,10,0,0,4.423487650544802,1,0,0,0,0,9,0.0,6,1.0,0
79,34,8,2,3,1,16,0,3,4.495646327124187,0,1,1,1,0,14,0.21428571428571427,7,0.8571428571428571,1
82,36,8,0,1,1,15,0,3,4.556198332810094,1,1,1,1,0,13,0.23076923076923078,8,1.0,1
35,12,15,0,1,0,6,0,0,3.9713023022883713,1,0,0,0,0,5,0.0,9,1.0,0
47,9,10,0,1,3,11,0,0,4.4265133195786195,1,0,0,0,0,10,0.0,6,0.9,0
40,13,19,0,1,0,7,0,1,4.037326145256007,1,0,0,0,0,6,0.0,9,1.0,0
80,30,8,0,1,1,15,0,4,4.52145382092709,0,1,1,1,0,13,0.3076923076923077,9,0.8461538461538461,1
24,11,5,0,1,0,5,0,0,3.7406015629507228,1,0,0,0,0,4,0.0,7,1.0,0
43,10,5,0,1,3,10,0,0,4.425810103338053,1,0,0,0,0,9,0.0,6,1.0,0
31,10,13,0,1,0,6,0,0,3.9621031651557947,1,0,0,0,0,5,0.0,7,1.0,0
35,10,0,0,1,3,8,0,0,4.229003731107053,1,0,0,0,0,7,0.0,6,1.0,0
79,25,7,0,1,3,14,0,3,4.478389178321987,0,1,1,1,0,12,0.25,8,0.9166666666666666,1
78,23,8,0,1,3,14,0,3,4.523775376079673,1,1,1,1,0,12,0.25,8,1.0,1
83,33,8,0,1,1,15,0,3,4.325866250451185,1,1,1,1,0,13,0.23076923076923078,9,1.0,1
85,38,7,2,3,1,16,0,5,4.502471021677505,0,1,1,1,0,14,0.35714285714285715,9,0.9285714285714286,1
24,10,6,0,1,0,5,0,0,3.709147917027245,1,0,0,0,0,4,0.0,6,1.0,0
56,15,7,2,3,13,13,1,1,4.534993002516669,0,1,1,1,0,11,0.09090909090909091,7,1.0,1
64,13,23,0,1,3,12,0,0,4.5992384298164914,1,0,0,0,0,11,0.0,9,1.0,0
44,9,8,0,1,3,10,0,0,4.356492413796823,0,0,0,0,0,9,0.0,7,1.0,0
45,9,8,0,1,3,10,0,0,4.400310530134925,1,0,0,0,0,9,0.0,7,0.8888888888888888,0
53,10,15,0,1,3,11,0,0,4.513495398400929,1,0,0,0,0,10,0.0,9,1.0,0
51,35,8,2,3,0,9,0,4,4.323523625903433,1,0,0,0,0,8,0.5,7,1.0,1
33,9,16,0,1,0,6,0,0,3.677139104850461,1,0,0,0,0,5,0.0,7,0.8,0
54,10,17,0,1,3,11,0,0,4.42620961398098,0,0,0,0,0,10,0.0,8,1.0,0
91,37,7,2,3,1,16,0,5,4.466922550050536,1,1,1,1,0,14,0.35714285714285715,7,0.9285714285714286,1
53,10,16,0,1,3,11,0,0,4.325303540834191,0,0,0,0,0,10,0.0,7,1.0,0
36,10,19,0,1,0,6,0,0,3.9403510429286888,0,0,0,0,0,5,0.0,9,1.0,0
44,10,9,0,1,3,9,0,0,4.4645580388459924,1,0,0,0,0,8,0.0,8,1.0,0
58,42,8,2,3,0,9,0,3,4.308869418714394,1,0,0,0,0,8,0.375,8,1.0,1
81,30,8,0,1,1,15,0,3,4.162914795493869,0,1,1,1,0,13,0.23076923076923078,7,0.8461538461538461,1
84,33,8,0,1,1,15,0,3,4.449024934143879,0,1,1,1,0,13,0.3076923076923077,8,0.7692307692307693,1
83,29,8,0,1,1,15,0,4,4.313564245236993,1,1,1,1,0,13,0.3076923076923077,8,1.0,1
36,10,18,0,1,0,6,0,1,3.972163460365541,1,0,0,0,0,5,0.0,9,1.0,0
53,12,5,2,3,10,13,1,0,4.326754940342268,0,1,1,1,0,11,0.0,8,1.0,1
61,12,22,0,1,2,12,0,0,4.457125609498447,1,0,0,0,0,11,0.0,8,1.0,0
78,33,5,0,1,1,15,0,4,4.509046225043308,0,1,1,1,0,13,0.3076923076923077,8,0.9230769230769231,1
78,26,7,0,1,3,14,0,3,4.518768265453308,1,1,1,1,0,12,0.3333333333333333,8,0.9166666666666666,1
55,12,5,2,3,10,13,1,0,4.326398285931238,0,1,1,1,0,11,0.0,9,1.0,1
45,10,8,0,1,3,10,0,0,4.394429141101805,0,0,0,0,0,9,0.0,7,1.0,0
44,11,6,0,1,2,10,0,0,4.453416561671605,1,0,0,0,0,9,0.0,7,1.0,0
82,35,7,0,1,1,15,0,3,4.4616542976933795,0,1,1,1,0,13,0.3076923076923077,9,0.8461538461538461,1
57,13,16,0,1,3,11,0,1,4.433338478887244,1,0,0,0,0,10,0.0,9,1.0,0
44,11,5,0,1,3,10,0,0,4.464558038845993,1,0,0,0,0,9,0.0,7,1.0,0
26,9,9,0,1,0,5,0,0,3.9500637564362093,1,0,0,0,0,4,0.0,8,1.0,0
35,10,0,0,1,3,8,0,0,4.185867302411998,1,0,0,0,0,7,0.0,6,1.0,0
60,14,7,2,3,12,13,1,1,4.528781272199972,0,1,1,1,0,11,0.09090909090909091,8,1.0,1
77,30,5,0,1,1,15,0,4,4.21780519207617,0,1,1,1,0,13,0.3076923076923077,8,0.7692307692307693,1
73,23,8,0,1,3,14,0,2,4.262236296006867,0,1,1,1,0,12,0.16666666666666666,8,0.9166666666666666,1
33,9,17,0,1,0,6,0,1,3.7834959231633984,0,0,0,0,0,5,0.0,8,1.0,0
29,9,13,0,1,0,6,0,0,3.9614292709896417,0,0,0,0,0,5,0.0,7,1.0,0
28,10,10,0,1,0,6,0,0,3.994680368408909,1,0,0,0,0,5,0.0,6,1.0,0
42,14,21,0,1,0,7,0,0,3.74623580587954,0,0,0,0,0,6,0.0,10,0.8333333333333334,0
35,10,0,0,1,3,8,0,0,4.3001530166977115,1,0,0,0,0,7,0.0,6,1.0,0
52,37,7,2,3,0,9,0,3,4.249941218809927,1,0,0,0,0,8,0.5,7,0.875,1
54,41,5,2,3,0,9,0,3,4.256853187541596,1,0,0,0,0,8,0.375,9,1.0,1
46,32,7,0,1,0,8,0,4,4.5391225535538755,0,0,0,0,0,7,0.5714285714285714,8,1.0,1
45,11,6,0,1,3,10,0,0,4.502312540485658,1,0,0,0,0,9,0.0,7,1.0,0
50,34,8,0,1,0,8,0,4,4.256174630069641,1,0,0,0,0,7,0.5714285714285714,8,1.0,1
33,10,16,0,1,0,6,0,0,3.7030407100708658,0,0,0,0,0,5,0.0,7,1.0,0
52,12,8,2,3,10,13,1,1,4.389275070710713,0,1,1,1,0,11,0.09090909090909091,7,1.0,1
36,10,0,0,1,2,9,0,0,4.218128820706466,0,0,0,0,0,8,0.0,6,1.0,0
80,32,8,0,1,1,15,0,5,4.428379971112487,0,1,1,1,0,13,0.38461538461538464,8,0.8461538461538461,1
40,12,0,0,1,3,9,0,0,4.393942707918269,1,0,0,0,0,8,0.0,8,1.0,0
38,26,5,0,1,2,7,0,2,4.260828171224455,0,0,0,0,0,6,0.3333333333333333,7,1.0,1
39,24,7,0,1,2,7,0,3,4.394251257268313,1,0,0,0,0,6,0.5,7,1.0,1
34,11,16,0,1,0,6,0,0,4.006436738245532,0,0,0,0,0,5,0.0,7,1.0,0
33,10,15,0,1,0,6,0,0,3.8212266049160206,1,0,0,0,0,5,0.0,8,1.0,0
71,25,5,0,1,3,14,0,2,4.4954777184282,0,1,1,1,0,12,0.16666666666666666,8,0.9166666666666666,1
44,14,22,0,1,0,7,0,1,3.973429846245158,1,0,0,0,0,6,0.0,10,1.0,0
40,25,8,0,1,2,7,0,2,4.303055907333276,0,0,0,0,0,6,0.3333333333333333,8,1.0,1
55,40,8,2,3,0,9,0,3,4.1124424418551895,0,0,0,0,0,8,0.5,9,0.875,1
39,11,0,0,1,3,9,0,0,4.4261772187513015,1,0,0,0,0,8,0.0,7,1.0,0
29,11,10,0,1,0,6,0,0,3.866433150225384,1,0,0,0,0,5,0.0,7,1.0,0
30,10,13,0,1,0,6,0,0,3.6695767463163937,0,0,0,0,0,5,0.0,7,1.0,0
55,13,14,0,1,3,11,0,0,4.513203241490942,1,0,0,0,0,10,0.0,9,1.0,0
43,10,26,0,1,0,7,0,0,3.819437221450915,0,0,0,0,0,6,0.0,9,1.0,0
39,10,21,0,1,0,7,0,1,3.9678617577018853,1,0,0,0,0,6,0.0,7,1.0,0
84,33,8,0,1,1,15,0,4,4.614748767781688,0,1,1,1,0,13,0.3076923076923077,8,0.9230769230769231,1
52,11,13,0,1,3,11,0,0,4.483435631311395,1,0,0,0,0,10,0.0,7,1.0,0
77,32,7,0,1,1,15,0,4,4.5753084442512835,0,1,1,1,0,13,0.3076923076923077,8,0.9230769230769231,1
54,39,7,2,3,0,9,0,3,4.0459861144321,1,0,0,0,0,8,0.5,7,0.875,1
77,32,7,0,1,1,15,0,4,4.621239690092034,0,1,1,1,0,13,0.3076923076923077,8,0.9230769230769231,1
84,35,7,2,3,1,16,0,3,4.3154996535395265,0,1,1,1,0,14,0.35714285714285715,8,0.7857142857142857,1
80,31,5,0,1,1,15,0,3,4.348547571978081,1,1,1,1,0,13,0.3076923076923077,8,0.9230769230769231,1
47,9,10,0,1,3,10,0,0,4.493433469104719,1,0,0,0,0,9,0.0,9,1.0,0
57,15,8,2,3,13,13,1,0,4.466110687567615,0,1,1,1,0,11,0.0,8,1.0,1
55,14,8,2,3,12,13,1,0,4.357558369976582,0,1,1,1,0,11,0.0,7,1.0,1
43,10,9,0,1,3,9,0,0,4.268719696310996,0,0,0,0,0,8,0.0,8,1.0,0
33,9,0,0,1,3,8,0,0,4.0895524525606675,0,0,0,0,0,7,0.0,5,1.0,0
35,10,17,0,1,0,6,0,0,3.7287244452691404,1,0,0,0,0,5,0.0,8,1.0,0
45,30,7,0,1,2,7,0,3,4.341310040533733,1,0,0,0,0,6,0.5,9,1.0,1
35,10,0,0,1,3,8,0,0,4.400432302535624,1,0,0,0,0,7,0.0,6,1.0,0
52,12,7,2,3,10,13,1,1,4.361076880026372,0,1,1,1,0,11,0.09090909090909091,6,1.0,1
60,15,8,2,3,13,13,1,0,4.256760901967627,0,1,1,1,0,11,0.0,8,1.0,1
55,14,8,2,3,12,13,1,0,4.415018399365578,0,1,1,1,0,11,0.0,7,1.0,1
28,10,10,0,1,0,6,0,0,3.994680368408909,1,0,0,0,0,5,0.0,6,1.0,0
40,11,22,0,1,0,7,0,0,4.037326145256008,0,0,0,0,0,6,0.0,8,1.0,0
54,10,16,0,1,3,11,0,0,4.483976567291419,1,0,0,0,0,10,0.0,7,1.0,0
31,7,16,0,1,0,6,0,1,3.7409821015340743,1,0,0,0,0,5,0.0,7,1.0,0
39,9,5,0,1,3,9,0,0,4.304257026388136,1,0,0,0,0,8,0.0,5,1.0,0
57,11,18,0,1,3,12,0,0,4.505719128344659,1,0,0,0,0,11,0.0,7,1.0,0
78,32,7,0,1,1,15,0,3,4.366983968699493,0,1,1,1,0,13,0.3076923076923077,8,0.7692307692307693,1
61,11,22,0,1,3,12,0,1,4.450198569060024,1,0,0,0,0,11,0.0,8,1.0,0
57,12,17,0,1,3,11,0,0,4.536849610990578,1,0,0,0,0,10,0.0,8,1.0,0
51,36,7,2,3,0,9,0,4,4.25028171426599,1,0,0,0,0,8,0.5,7,1.0,1
52,10,17,0,1,3,10,0,0,4.354782632544225,1,0,0,0,0,9,0.0,8,1.0,0
49,33,8,2,3,0,9,0,2,4.165858446978658,1,0,0,0,0,8,0.25,7,1.0,1
53,13,5,2,3,11,13,1,0,4.295193362412134,0,1,1,1,0,11,0.0,6,1.0,1
75,24,5,0,1,3,14,0,3,4.463042196574385,1,1,1,1,0,12,0.25,7,1.0,1
35,10,17,0,1,0,6,0,1,3.8861465882499098,1,0,0,0,0,5,0.0,8,1.0,0
48,11,9,0,1,3,10,0,0,4.542481250360579,1,0,0,0,0,9,0.0,8,1.0,0
56,41,8,2,3,0,9,0,3,4.367547949145272,0,0,0,0,0,8,0.375,8,1.0,1
51,10,16,0,1,3,10,0,0,4.3955740580741685,1,0,0,0,0,9,0.0,7,1.0,0
42,11,24,0,1,0,7,0,0,3.772888555373915,0,0,0,0,0,6,0.0,9,1.0,0
71,27,5,0,1,3,14,0,2,4.579539588859799,0,1,1,1,0,12,0.16666666666666666,8,0.9166666666666666,1
76,27,8,0,1,3,14,0,2,4.29697980518744,1,1,1,1,0,12,0.16666666666666666,7,1.0,1
73,23,8,0,1,3,14,0,3,4.42375645127955,1,1,1,1,0,12,0.25,7,1.0,1
43,9,27,0,1,0,7,0,0,4.074195789878432,0,0,0,0,0,6,0.0,9,1.0,0
91,35,7,2,3,1,16,0,3,4.3460811174419565,1,1,1,1,0,14,0.2857142857142857,8,0.9285714285714286,1
50,35,8,2,3,0,9,0,3,4.281076880026372,0,0,0,0,0,8,0.375,7,1.0,1
40,10,22,0,1,0,7,0,1,3.834829508503261,1,0,0,0,0,6,0.0,8,1.0,0
86,34,8,0,1,1,15,0,3,4.336551911690642,0,1,1,1,0,13,0.23076923076923078,9,0.8461538461538461,1
54,11,8,2,3,9,13,1,0,4.338345075385122,0,1,1,1,0,11,0.0,9,1.0,1
56,13,8,2,3,11,13,1,0,4.445090169696792,0,1,1,1,0,11,0.0,7,1.0,1
56,14,18,0,1,3,10,0,0,4.471748002067047,0,0,0,0,0,9,0.0,10,1.0,0
86,32,7,0,1,1,15,0,3,4.3234161611220685,0,1,1,1,0,13,0.3076923076923077,8,0.8461538461538461,1
36,9,0,0,1,3,9,0,0,4.350209029099896,0,0,0,0,0,8,0.0,5,1.0,0
34,10,16,0,1,0,6,0,1,3.785561002824151,1,0,0,0,0,5,0.0,7,1.0,0
42,13,21,0,1,0,7,0,1,4.103294434983102,1,0,0,0,0,6,0.0,9,1.0,0
34,14,13,0,1,0,6,0,1,3.939829017466402,0,0,0,0,0,5,0.0,10,1.0,0
59,15,8,2,3,13,13,1,1,4.33243760301859,0,1,1,1,0,11,0.09090909090909091,9,1.0,1
77,27,5,0,1,3,14,0,1,4.431909944222436,0,1,1,1,0,12,0.16666666666666666,9,0.8333333333333334,1
77,28,7,0,1,1,15,0,4,4.347515356585623,0,1,1,1,0,13,0.38461538461538464,8,0.8461538461538461,1
55,40,8,2,3,0,9,0,3,4.171444487270399,0,0,0,0,0,8,0.5,9,0.875,1
89,37,7,2,3,1,16,0,4,4.493039296579259,0,1,1,1,0,14,0.35714285714285715,9,0.8571428571428571,1
84,34,7,0,1,1,15,0,4,4.582565723866442,0,1,1,1,0,13,0.3076923076923077,8,0.9230769230769231,1
88,37,8,2,3,1,16,0,4,4.439663181161615,0,1,1,1,0,14,0.35714285714285715,9,0.8571428571428571,1
35,14,13,0,1,0,6,0,0,4.207435516759525,1,0,0,0,0,5,0.0,10,1.0,0
54,10,19,0,1,3,10,0,0,4.476747687188397,1,0,0,0,0,9,0.0,9,1.0,0
46,10,28,0,1,0,7,0,0,3.963809652538438,1,0,0,0,0,6,0.0,9,0.8333333333333334,0
33,11,14,0,1,0,6,0,0,3.9683403313485464,1,0,0,0,0,5,0.0,8,1.0,0
51,9,15,0,1,3,11,0,0,4.455972400455659,0,0,0,0,0,10,0.0,9,1.0,0
46,30,8,0,1,2,7,0,2,4.197611554759383,1,0,0,0,0,6,0.3333333333333333,8,1.0,1
41,14,20,0,1,0,7,0,0,4.11073699294092,0,0,0,0,0,6,0.0,10,1.0,0
91,38,7,2,3,1,16,0,5,4.5324866282934515,0,1,1,1,0,14,0.35714285714285715,8,0.9285714285714286,1
53,13,8,2,3,11,13,1,0,4.449591460077373,0,1,1,1,0,11,0.0,7,1.0,1
58,14,8,2,3,12,13,1,1,4.396005592778009,0,1,1,1,0,11,0.09090909090909091,9,1.0,1
28,7,13,0,1,0,6,0,0,3.601125010956985,1,0,0,0,0,5,0.0,7,1.0,0
51,9,14,0,1,3,11,0,0,4.38842645068985,1,0,0,0,0,10,0.0,7,1.0,0
53,13,5,2,3,11,13,1,0,4.299562353128292,0,1,1,1,0,11,0.0,8,1.0,1
19,11,0,0,1,0,4,0,0,3.681880802803402,1,0,0,0,0,3,0.0,7,1.0,0
46,12,10,0,1,3,10,0,0,4.4144413036949715,0,0,0,0,0,9,0.0,8,1.0,0
33,9,0,0,1,3,8,0,0,4.135303210267544,0,0,0,0,0,7,0.0,6,1.0,0
33,12,13,0,1,0,6,0,0,4.014091089055423,1,0,0,0,0,5,0.0,8,1.0,0
74,24,8,0,1,3,14,0,3,4.515304391065804,1,1,1,1,0,12,0.25,7,1.0,1
43,13,23,0,1,0,7,0,0,4.167219045692385,0,0,0,0,0,6,0.0,9,1.0,0
27,9,10,0,1,0,5,0,0,3.9023115759170297,1,0,0,0,0,4,0.0,9,1.0,0
33,12,13,0,1,0,6,0,0,3.9683403313485464,1,0,0,0,0,5,0.0,8,1.0,0
42,10,24,0,1,0,7,0,1,3.937708281593026,1,0,0,0,0,6,0.0,7,0.8333333333333334,0
53,9,17,0,1,3,11,0,0,4.444163850463052,0,0,0,0,0,10,0.0,8,1.0,0
45,9,8,0,1,3,10,0,0,4.374860596185443,1,0,0,0,0,9,0.0,7,1.0,0
40,10,23,0,1,0,7,0,0,3.9537016960573474,0,0,0,0,0,6,0.0,9,1.0,0
45,10,8,0,1,3,10,0,0,4.4855372626598005,0,0,0,0,0,9,0.0,7,1.0,0
60,7,25,0,1,3,12,0,0,4.44274940507578,1,0,0,0,0,11,0.0,8,1.0,0
55,14,8,2,3,12,13,1,1,4.37837729540602,0,1,1,1,0,11,0.09090909090909091,7,1.0,1
36,10,18,0,1,0,7,0,0,3.816340113853407,1,0,0,0,0,6,0.0,7,1.0,0
58,14,8,2,3,12,13,1,0,4.387998788926105,0,1,1,1,0,11,0.0,9,1.0,1
71,24,8,0,1,3,14,0,2,4.495477718428201,0,1,1,1,0,12,0.16666666666666666,7,0.9166666666666666,1
87,36,7,2,3,1,16,0,3,4.528140020338476,0,1,1,1,0,14,0.2857142857142857,8,0.8571428571428571,1
28,10,10,0,1,0,5,0,0,3.8248629576173565,1,0,0,0,0,4,0.0,9,1.0,0
46,10,8,0,1,3,10,0,0,4.363038521594966,1,0,0,0,0,9,0.0,7,1.0,0
52,10,18,0,1,3,11,0,0,4.36421003630717,0,0,0,0,0,10,0.0,7,1.0,0
37,10,19,0,1,0,7,0,0,4.118520177072186,1,0,0,0,0,6,0.0,7,1.0,0
38,10,20,0,1,0,7,0,0,4.060574474528749,1,0,0,0,0,6,0.0,9,1.0,0
86,36,7,0,1,1,15,0,5,4.383480227284172,0,1,1,1,0,13,0.38461538461538464,8,0.9230769230769231,1
57,14,7,2,3,12,13,1,1,4.37965818752828,0,1,1,1,0,11,0.09090909090909091,8,1.0,1
38,11,19,0,1,0,6,0,0,4.122798894965599,1,0,0,0,0,5,0.0,9,1.0,0
36,12,16,0,1,0,6,0,1,4.107017709595356,1,0,0,0,0,5,0.0,8,1.0,0
53,41,5,2,3,0,9,0,2,4.282574059579657,0,0,0,0,0,8,0.25,7,1.0,1
36,11,18,0,1,0,6,0,0,3.805496793698874,0,0,0,0,0,5,0.0,9,1.0,0
41,10,23,0,1,0,7,0,1,4.025132724542701,1,0,0,0,0,6,0.0,9,1.0,0
43,10,8,0,1,3,9,0,0,4.419655161326649,1,0,0,0,0,8,0.0,7,1.0,0
27,11,8,0,1,0,5,0,0,3.8282375018429557,1,0,0,0,0,4,0.0,7,1.0,0
22,10,5,0,1,0,5,0,0,3.6635327548042533,0,0,0,0,0,4,0.0,6,1.0,0
53,37,8,2,3,0,9,0,3,4.145873823771419,1,0,0,0,0,8,0.375,7,1.0,1
73,25,8,0,1,3,14,0,1,4.277777184003489,0,1,1,1,0,12,0.08333333333333333,7,0.75,1
37,10,0,0,1,3,9,0,0,4.344588500764087,0,0,0,0,0,8,0.0,6,1.0,0
93,40,7,2,3,1,16,0,3,4.467268920319001,1,1,1,1,0,14,0.21428571428571427,7,0.8571428571428571,1
56,13,8,2,3,11,13,1,0,4.505184845582654,0,1,1,1,0,11,0.0,7,1.0,1
18,10,0,0,1,0,4,0,0,3.4613201402110083,1,0,0,0,0,3,0.0,6,1.0,0
86,36,7,2,3,1,16,0,4,4.345155454083297,0,1,1,1,0,14,0.2857142857142857,8,0.9285714285714286,1
40,11,21,0,1,0,7,0,0,3.9628148954723548,1,0,0,0,0,6,0.0,7,1.0,0
55,13,7,2,3,11,13,1,1,4.4800154453666385,0,1,1,1,0,11,0.09090909090909091,6,1.0,1
89,38,5,2,3,1,16,0,4,4.437453129009015,0,1,1,1,0,14,0.2857142857142857,9,0.9285714285714286,1
36,29,0,0,1,0,6,0,1,4.162573265150912,0,0,0,0,0,5,0.2,8,1.0,1
61,14,8,2,3,12,13,1,0,4.340376634790806,0,1,1,1,0,11,0.0,8,0.9090909090909091,1
38,12,18,0,1,0,7,0,0,4.0407090139455,1,0,0,0,0,6,0.0,8,1.0,0
48,34,7,0,1,0,8,0,4,4.082067386399956,0,0,0,0,0,7,0.5714285714285714,8,1.0,1
79,31,7,0,1,3,14,0,2,4.617517469789825,1,1,1,1,0,12,0.16666666666666666,9,1.0,1
36,10,18,0,1,0,7,0,0,3.7817536555801703,1,0,0,0,0,6,0.0,7,1.0,0
57,14,8,2,3,12,13,1,1,4.474554204780526,0,1,1,1,0,11,0.09090909090909091,8,1.0,1
80,32,7,2,3,1,16,0,4,4.541105905422362,0,1,1,1,0,14,0.35714285714285715,8,0.8571428571428571,1
36,11,17,0,1,0,6,0,0,3.7153547798700814,1,0,0,0,0,5,0.0,8,1.0,0
42,13,21,0,1,0,7,0,1,3.999377102206906,1,0,0,0,0,6,0.0,9,1.0,0
54,38,8,2,3,0,9,0,4,4.439710650151359,1,0,0,0,0,8,0.5,8,1.0,1
41,26,7,0,1,2,7,0,3,4.159517480745797,1,0,0,0,0,6,0.5,8,1.0,1
46,34,5,0,1,0,8,0,2,4.370963042825407,0,0,0,0,0,7,0.2857142857142857,8,1.0,1
47,32,7,0,1,0,8,0,2,4.28279230889429,1,0,0,0,0,7,0.42857142857142855,7,0.8571428571428571,1
31,13,10,0,1,0,6,0,0,4.0022680844408445,1,0,0,0,0,5,0.0,9,1.0,0
51,36,7,2,3,0,9,0,3,4.179504450061346,1,0,0,0,0,8,0.375,7,1.0,1
88,41,8,2,3,1,16,0,3,4.388051996304089,0,1,1,1,0,14,0.21428571428571427,9,0.9285714285714286,1
51,38,5,2,3,0,9,0,2,4.2383973437407665,1,0,0,0,0,8,0.25,8,1.0,1
39,25,7,0,1,2,7,0,2,4.490029141717277,0,0,0,0,0,6,0.3333333333333333,7,1.0,1
60,15,8,2,3,13,13,1,0,4.53678805576394,0,1,1,1,0,11,0.0,8,1.0,1
36,10,18,0,1,0,6,0,1,4.027719015921097,1,0,0,0,0,5,0.0,9,1.0,0
49,11,13,0,1,3,10,0,0,4.369412905163088,1,0,0,0,0,9,0.0,7,1.0,0
71,26,7,0,1,3,14,0,3,4.366773594932023,1,1,1,1,0,12,0.3333333333333333,8,0.9166666666666666,1
39,11,21,0,1,0,7,0,0,4.006573937300012,0,0,0,0,0,6,0.0,7,0.8333333333333334,0
76,29,8,0,1,3,14,0,2,4.471004677600652,0,1,1,1,0,12,0.25,9,0.8333333333333334,1
84,25,8,0,1,3,14,0,2,4.39373714514249,0,1,1,1,0,12,0.25,9,0.8333333333333334,1
51,10,13,0,1,3,11,0,0,4.470774116184354,1,0,0,0,0,10,0.0,7,1.0,0
27,9,10,0,1,0,6,0,0,3.810081020521731,1,0,0,0,0,5,0.0,5,1.0,0
50,10,13,0,1,3,11,0,0,4.3394705707972525,0,0,0,0,0,10,0.0,7,1.0,0
84,33,8,0,1,1,15,0,3,4.472375938016961,0,1,1,1,0,13,0.23076923076923078,9,0.9230769230769231,1
54,9,17,0,1,3,11,0,0,4.461397290460426,1,0,0,0,0,10,0.0,8,1.0,0
52,37,8,2,3,0,9,0,3,4.390074997229215,0,0,0,0,0,8,0.375,7,1.0,1
74,25,8,0,1,3,14,0,2,4.528883641464242,0,1,1,1,0,12,0.16666666666666666,8,0.9166666666666666,1
55,10,17,0,1,3,11,0,1,4.454201196075732,1,0,0,0,0,10,0.0,8,1.0,0
59,13,8,2,3,11,13,1,0,4.628869128496481,0,1,1,1,0,11,0.0,8,1.0,1
38,10,0,0,1,3,9,0,0,4.5041206053780485,1,0,0,0,0,8,0.0,6,1.0,0
91,36,8,0,1,1,15,0,3,4.238500144738613,0,1,1,1,0,13,0.23076923076923078,8,0.7692307692307693,1
22,14,0,1,2,0,5,0,0,3.663532754804254,1,0,0,0,0,4,0.0,6,1.0,0
35,14,13,0,1,0,6,0,0,3.900153016697712,1,0,0,0,0,5,0.0,10,1.0,0
48,34,7,0,1,0,8,0,4,4.1887218755408675,0,0,0,0,0,7,0.5714285714285714,7,1.0,1
24,11,6,0,1,0,5,0,0,3.8239348962840563,0,0,0,0,0,4,0.0,7,1.0,0
34,12,14,0,1,0,6,0,0,4.160704752887782,1,0,0,0,0,5,0.0,8,1.0,0
83,34,7,0,1,1,15,0,5,4.507706447404277,0,1,1,1,0,13,0.38461538461538464,8,0.8461538461538461,1
32,7,17,0,1,0,6,0,0,3.890319531114783,1,0,0,0,0,5,0.0,8,1.0,0
87,35,5,2,3,1,16,0,3,4.30290182001228,0,1,1,1,0,14,0.21428571428571427,9,0.8571428571428571,1
26,13,5,0,1,0,5,0,0,3.9210296217376137,1,0,0,0,0,4,0.0,9,1.0,0
72,24,8,0,1,3,14,0,3,4.510937123871475,1,1,1,1,0,12,0.25,7,1.0,1
33,9,16,0,1,0,7,0,0,3.8738125895678266,1,0,0,0,0,6,0.0,5,0.8333333333333334,0
60,11,21,0,1,3,12,0,0,4.477747162910944,1,0,0,0,0,11,0.0,7,1.0,0
42,9,5,0,1,3,10,0,0,4.3087513512471665,1,0,0,0,0,9,0.0,5,1.0,0
53,11,14,0,1,3,11,0,0,4.381051058615007,1,0,0,0,0,10,0.0,7,1.0,0
56,12,7,2,3,10,13,1,1,4.432960132066171,0,1,1,1,0,11,0.09090909090909091,8,1.0,1
32,7,17,0,1,0,6,0,0,3.890319531114783,1,0,0,0,0,5,0.0,8,1.0,0
53,39,7,2,3,0,9,0,4,4.352564737778651,0,0,0,0,0,8,0.5,8,1.0,1
30,10,13,0,1,0,6,0,0,3.6280729963885094,0,0,0,0,0,5,0.0,7,1.0,0
59,13,8,2,3,11,13,1,0,4.4885182513035,0,1,1,1,0,11,0.0,8,1.0,1
83,35,7,0,1,1,15,0,4,4.514077515856573,0,1,1,1,0,13,0.3076923076923077,8,0.9230769230769231,1
88,39,7,2,3,1,16,0,4,4.5336117783008385,0,1,1,1,0,14,0.35714285714285715,8,0.8571428571428571,1
50,14,5,2,3,12,13,1,0,4.252167324657885,0,1,1,1,0,11,0.0,5,1.0,1
52,11,13,0,1,3,11,0,1,4.526986833359287,1,0,0,0,0,10,0.0,7,1.0,0
41,14,0,0,1,3,9,0,0,4.552197126358233,0,0,0,0,0,8,0.0,10,1.0,0
77,26,8,0,1,3,14,0,1,4.451482357880576,1,1,1,1,0,12,0.16666666666666666,8,0.8333333333333334,1
55,41,7,2,3,0,9,0,3,4.301649204701857,0,0,0,0,0,8,0.375,9,1.0,1
87,38,8,2,3,1,16,0,3,4.403993989758652,0,1,1,1,0,14,0.21428571428571427,8,0.8571428571428571,1
34,10,16,0,1,0,6,0,1,3.881005488054637,1,0,0,0,0,5,0.0,7,1.0,0
48,11,5,2,3,9,13,1,0,4.23043275050562,0,1,1,1,0,11,0.0,6,1.0,1
40,28,5,0,1,2,7,0,2,4.293942707918268,0,0,0,0,0,6,0.3333333333333333,9,1.0,1
54,13,13,0,1,3,11,0,0,4.521013604328457,1,0,0,0,0,10,0.0,9,1.0,0
31,10,13,0,1,0,6,0,0,3.744203568311812,1,0,0,0,0,5,0.0,7,1.0,0
40,13,19,0,1,0,6,0,0,4.184183719779189,1,0,0,0,0,5,0.0,9,1.0,0
48,33,8,0,1,0,8,0,3,4.233007230104884,0,0,0,0,0,7,0.42857142857142855,8,1.0,1
31,10,13,0,1,0,6,0,0,3.756795811071915,1,0,0,0,0,5,0.0,7,1.0,0
37,11,18,0,1,0,7,0,0,4.0573130823021755,1,0,0,0,0,6,0.0,7,1.0,0
84,39,8,2,3,1,16,0,5,4.469625175953758,0,1,1,1,0,14,0.35714285714285715,8,0.9285714285714286,1
49,35,7,0,1,0,8,0,3,4.40278988523247,0,0,0,0,0,7,0.42857142857142855,9,1.0,1
52,11,13,0,1,3,11,0,0,4.483435631311394,1,0,0,0,0,10,0.0,7,1.0,0
31,10,13,0,1,0,6,0,0,3.692279682039657,1,0,0,0,0,5,0.0,7,1.0,0
50,11,14,0,1,3,10,0,0,4.456174630069641,1,0,0,0,0,9,0.0,7,1.0,0
44,7,13,0,1,3,10,0,0,4.390805482076981,0,0,0,0,0,9,0.0,7,1.0,0
22,10,5,0,1,0,5,0,0,3.7544418457133446,0,0,0,0,0,4,0.0,6,1.0,0
55,13,5,2,3,11,13,1,0,4.41878690767161,0,1,1,1,0,11,0.0,8,1.0,1
77,29,8,0,1,3,14,0,3,4.4664444837662085,0,1,1,1,0,12,0.25,9,0.9166666666666666,1
40,10,22,0,1,0,7,0,0,3.9061983328100944,1,0,0,0,0,6,0.0,8,1.0,0
41,28,5,0,1,2,7,0,2,4.101846066682376,1,0,0,0,0,6,0.3333333333333333,7,1.0,1
41,11,5,0,1,3,9,0,0,4.375487065435391,1,0,0,0,0,8,0.0,7,1.0,0
84,33,7,0,1,1,15,0,4,4.563250980872858,0,1,1,1,0,13,0.3076923076923077,8,0.8461538461538461,1
83,35,5,0,1,1,15,0,3,4.383569256684387,0,1,1,1,0,13,0.23076923076923078,9,0.9230769230769231,1
82,36,7,2,3,1,16,0,4,4.389185952823221,0,1,1,1,0,14,0.2857142857142857,9,0.9285714285714286,1
38,10,21,0,1,0,7,0,1,3.8179618179794432,0,0,0,0,0,6,0.0,7,1.0,0
25,9,8,0,1,0,5,0,0,3.863465189601646,1,0,0,0,0,4,0.0,7,1.0,0
89,39,5,2,3,1,16,0,3,4.448988043694652,1,1,1,1,0,14,0.21428571428571427,9,1.0,1
51,10,16,0,1,3,10,0,0,4.239217813936186,1,0,0,0,0,9,0.0,7,0.8888888888888888,0
89,36,8,0,1,1,15,0,4,4.407418497136445,1,1,1,1,0,13,0.3076923076923077,8,0.9230769230769231,1
36,10,19,0,1,0,7,0,0,3.9511943630832222,0,0,0,0,0,6,0.0,7,1.0,0
78,25,8,0,1,3,14,0,4,4.342836561283447,0,1,1,1,0,12,0.3333333333333333,9,0.9166666666666666,1
44,10,10,0,1,3,9,0,0,4.362507470762515,0,0,0,0,0,8,0.0,9,1.0,0
42,14,0,0,1,3,9,0,0,4.606137660667955,1,0,0,0,0,8,0.0,10,1.0,0
40,11,22,0,1,0,7,0,0,4.0439427079182675,0,0,0,0,0,6,0.0,8,1.0,0
32,12,13,0,1,0,6,0,0,4.163909765557392,0,0,0,0,0,5,0.0,8,1.0,0
38,11,0,0,1,2,9,0,0,4.366091329119192,1,0,0,0,0,8,0.0,7,1.0,0
40,26,7,0,1,2,7,0,3,4.3153115322251026,0,0,0,0,0,6,0.5,9,1.0,1
55,14,8,2,3,12,13,1,0,4.442279596310035,0,1,1,1,0,11,0.0,7,1.0,1
33,10,15,0,1,0,7,0,0,3.9572940290273255,1,0,0,0,0,6,0.0,6,1.0,0
37,11,18,0,1,0,7,0,1,3.8588001642495695,1,0,0,0,0,6,0.0,7,0.8333333333333334,0
37,22,8,0,1,2,7,0,3,4.296630730201456,0,0,0,0,0,6,0.5,7,1.0,1
36,9,19,0,1,0,7,0,0,4.208003043578681,1,0,0,0,0,6,0.0,8,1.0,0
42,10,24,0,1,0,7,0,1,4.0236521024129495,1,0,0,0,0,6,0.0,7,1.0,0
36,10,18,0,1,0,6,0,1,4.027719015921096,1,0,0,0,0,5,0.0,9,1.0,0
88,38,7,2,3,1,16,0,5,4.522056912490478,1,1,1,1,0,14,0.35714285714285715,7,1.0,1
49,13,8,0,1,3,10,0,0,4.451045558224313,1,0,0,0,0,9,0.0,9,1.0,0
27,10,9,0,1,0,5,0,0,3.708048150071232,1,0,0,0,0,4,0.0,8,1.0,0
87,35,8,2,3,1,16,0,4,4.3766360137669755,0,1,1,1,0,14,0.35714285714285715,8,0.8571428571428571,1
32,11,13,0,1,0,6,0,1,4.054229296672174,1,0,0,0,0,5,0.0,7,1.0,0
33,9,16,0,1,0,6,0,0,3.899714194788231,1,0,0,0,0,5,0.0,7,1.0,0
74,26,8,0,1,3,14,0,3,4.618666883779661,0,1,1,1,0,12,0.25,8,0.9166666666666666,1
88,37,8,2,3,1,16,0,3,4.404098151877281,0,1,1,1,0,14,0.21428571428571427,9,0.9285714285714286,1
39,10,22,0,1,0,7,0,1,3.914019053340094,0,0,0,0,0,6,0.0,8,1.0,0
28,10,11,0,1,0,6,0,0,3.8787834934861753,0,0,0,0,0,5,0.0,6,1.0,0
91,39,8,0,1,1,15,0,3,4.50153283613431,1,1,1,1,0,13,0.3076923076923077,9,0.9230769230769231,1
22,10,5,0,1,0,5,0,0,3.6635327548042533,0,0,0,0,0,4,0.0,6,1.0,0
89,38,7,2,3,1,16,0,4,4.45216630603977,1,1,1,1,0,14,0.35714285714285715,9,0.9285714285714286,1
55,15,5,2,3,13,13,1,0,4.470765917146393,0,1,1,1,0,11,0.0,6,1.0,1
40,13,19,0,1,0,6,0,0,4.184183719779189,1,0,0,0,0,5,0.0,9,1.0,0
33,12,13,0,1,0,6,0,1,4.0060710131011685,1,0,0,0,0,5,0.0,8,1.0,0
41,9,24,0,1,0,7,0,1,3.89783318920432,1,0,0,0,0,6,0.0,7,1.0,0
78,32,8,0,1,1,15,0,3,4.493003054663392,0,1,1,1,0,13,0.23076923076923078,7,0.8461538461538461,1
48,9,11,0,1,3,11,0,0,4.337581188618507,1,0,0,0,0,10,0.0,5,1.0,0
26,10,8,0,1,0,5,0,1,3.8441065448145375,1,0,0,0,0,4,0.0,7,1.0,0
56,10,19,0,1,2,12,0,0,4.403723512519609,1,0,0,0,0,11,0.0,7,1.0,0
78,29,8,0,1,3,14,0,2,4.23494460802386,0,1,1,1,0,12,0.16666666666666666,8,0.8333333333333334,1
83,34,8,0,1,1,15,0,3,4.387553009729248,1,1,1,1,0,13,0.23076923076923078,7,1.0,1
50,36,7,2,3,0,9,0,3,4.401076880026372,0,0,0,0,0,8,0.375,7,1.0,1
50,38,5,2,3,0,9,0,3,4.103981820580905,0,0,0,0,0,8,0.375,7,1.0,1
77,31,7,0,1,1,15,0,3,4.208876261146091,0,1,1,1,0,13,0.38461538461538464,7,0.7692307692307693,1
46,34,5,0,1,0,8,0,3,4.255329425021417,0,0,0,0,0,7,0.42857142857142855,8,1.0,1
30,9,13,0,1,0,6,0,0,3.672905595320056,1,0,0,0,0,5,0.0,7,1.0,0
31,10,14,0,1,0,6,0,0,3.8087196973440705,0,0,0,0,0,5,0.0,8,1.0,0
81,35,8,2,3,1,16,0,4,4.472006893995269,1,1,1,1,0,14,0.2857142857142857,7,1.0,1
54,15,7,2,3,13,13,1,1,4.3257484978456295,0,1,1,1,0,11,0.09090909090909091,6,1.0,1
44,10,9,0,1,3,9,0,0,4.4645580388459924,1,0,0,0,0,8,0.0,8,1.0,0
59,11,23,0,1,3,11,0,0,4.448687813190182,1,0,0,0,0,10,0.0,8,1.0,0
75,25,7,0,1,3,14,0,3,4.492380682191868,1,1,1,1,0,12,0.3333333333333333,8,0.9166666666666666,1
50,10,15,0,1,3,10,0,0,4.413660689688186,1,0,0,0,0,9,0.0,9,1.0,0
31,11,13,0,1,0,6,0,0,3.897587036123537,0,0,0,0,0,5,0.0,7,1.0,0
40,26,7,0,1,2,7,0,3,4.425070520364182,0,0,0,0,0,6,0.5,8,1.0,1
60,13,19,0,1,3,12,0,0,4.54274940507578,1,0,0,0,0,11,0.0,9,1.0,0
47,32,8,0,1,0,8,0,2,3.843474290239973,0,0,0,0,0,7,0.2857142857142857,7,0.8571428571428571,1
30,12,10,0,1,0,6,0,0,4.015061012203069,1,0,0,0,0,5,0.0,8,1.0,0
50,35,8,2,3,0,9,0,3,4.448367439558377,0,0,0,0,0,8,0.375,7,1.0,1
41,25,8,0,1,2,7,0,2,4.113172736114331,1,0,0,0,0,6,0.3333333333333333,7,1.0,1
51,37,7,2,3,0,9,0,3,4.360781165705201,0,0,0,0,0,8,0.375,9,1.0,1
42,9,9,0,1,3,9,0,0,4.3297176493718394,0,0,0,0,0,8,0.0,8,1.0,0
51,35,8,0,1,0,8,0,3,4.208287411323318,1,0,0,0,0,7,0.42857142857142855,8,1.0,1
43,10,5,0,1,3,10,0,0,4.466166789233625,1,0,0,0,0,9,0.0,6,1.0,0
79,32,8,0,1,1,15,0,4,4.52107692478696,0,1,1,1,0,13,0.3076923076923077,8,0.8461538461538461,1
38,13,18,0,1,0,7,0,0,3.9983500540918997,0,0,0,0,0,6,0.0,9,1.0,0
55,13,7,2,3,11,13,1,1,4.582089210163188,0,1,1,1,0,11,0.09090909090909091,6,1.0,1
28,10,10,0,1,0,6,0,0,3.770942421748537,1,0,0,0,0,5,0.0,6,1.0,0
61,10,26,0,1,3,11,0,0,4.346389748807242,1,0,0,0,0,10,0.0,9,0.9,0
50,35,7,0,1,0,8,0,3,4.353269689515108,1,0,0,0,0,7,0.5714285714285714,9,0.8571428571428571,1
59,15,7,2,3,13,13,1,1,4.515458717150691,0,1,1,1,0,11,0.09090909090909091,8,1.0,1
86,33,8,0,1,1,15,0,2,4.451227245747083,1,1,1,1,0,13,0.15384615384615385,8,0.8461538461538461,1
33,11,14,0,1,0,6,0,0,4.028946391954607,1,0,0,0,0,5,0.0,8,1.0,0
40,9,23,0,1,0,7,0,0,4.015957320949174,1,0,0,0,0,6,0.0,9,1.0,0
67,25,5,0,1,3,14,0,3,4.462366422009106,0,1,1,1,0,12,0.25,7,0.9166666666666666,1
53,11,15,0,1,3,11,0,0,4.5011364921357675,0,0,0,0,0,10,0.0,9,1.0,0
48,9,14,0,1,3,10,0,0,4.363521032323434,1,0,0,0,0,9,0.0,7,1.0,0
28,12,8,0,1,0,5,0,0,3.967720100474499,1,0,0,0,0,4,0.0,8,1.0,0
94,43,7,2,3,1,16,0,3,4.409045452513264,0,1,1,1,0,14,0.21428571428571427,9,0.8571428571428571,1
26,10,8,0,1,0,5,0,0,3.7381493331928657,1,0,0,0,0,4,0.0,7,1.0,0
31,10,13,0,1,0,6,0,0,3.7843684875968617,1,0,0,0,0,5,0.0,7,1.0,0
48,34,7,0,1,0,8,0,3,4.1811275426950285,0,0,0,0,0,7,0.42857142857142855,7,1.0,1
97,41,8,2,3,1,16,0,4,4.3965768251217066,0,1,1,1,0,14,0.2857142857142857,9,0.9285714285714286,1
52,11,14,0,1,2,11,0,0,4.364210036307168,1,0,0,0,0,10,0.0,7,1.0,0
56,12,7,2,3,10,13,1,1,4.4163564848024714,0,1,1,1,0,11,0.09090909090909091,8,1.0,1
49,12,5,2,3,10,13,1,0,4.307159266931027,0,1,1,1,0,11,0.0,6,1.0,1
80,32,5,0,1,3,14,0,2,4.33345222622286,0,1,1,1,0,12,0.25,9,0.8333333333333334,1
43,10,5,0,1,3,10,0,0,4.454766207938904,1,0,0,0,0,9,0.0,6,1.0,0
86,27,8,0,1,3,14,0,3,4.403640864350163,0,1,1,1,0,12,0.3333333333333333,9,0.8333333333333334,1
79,33,7,0,1,1,15,0,4,4.417987705255831,1,1,1,1,0,13,0.38461538461538464,9,0.9230769230769231,1
53,38,8,2,3,0,9,0,3,4.284458313732673,0,0,0,0,0,8,0.375,8,1.0,1
77,24,8,0,1,3,14,0,2,4.412645365048352,0,1,1,1,0,12,0.16666666666666666,7,0.8333333333333334,1
19,7,5,0,1,0,5,0,0,3.6818808028034016,0,0,0,0,0,4,0.0,4,1.0,0
61,11,22,0,1,3,12,0,1,4.504610805436803,1,0,0,0,0,11,0.0,8,1.0,0
55,14,7,2,3,12,13,1,1,4.4169026535185925,0,1,1,1,0,11,0.09090909090909091,8,1.0,1
51,11,7,2,3,9,13,1,1,4.472379875726697,0,1,1,1,0,11,0.09090909090909091,6,1.0,1
54,12,7,2,3,10,13,1,1,4.532573257502619,0,1,1,1,0,11,0.09090909090909091,6,1.0,1
55,14,7,2,3,12,13,1,1,4.583973464316204,0,1,1,1,0,11,0.09090909090909091,7,1.0,1
55,10,17,0,1,3,11,0,0,4.459013241648285,1,0,0,0,0,10,0.0,8,1.0,0
40,7,5,0,1,3,10,0,0,4.515311532225102,1,0,0,0,0,9,0.0,5,1.0,0
45,7,13,0,1,3,10,0,1,4.368979207152324,1,0,0,0,0,9,0.0,7,1.0,0
53,13,7,2,3,11,13,1,1,4.402407696223126,0,1,1,1,0,11,0.09090909090909091,6,1.0,1
34,7,19,0,1,0,7,0,0,3.760421209521994,1,0,0,0,0,6,0.0,8,0.8333333333333334,0
24,11,5,0,1,0,5,0,0,4.053508854797679,1,0,0,0,0,4,0.0,7,1.0,0
31,10,13,0,1,0,6,0,1,3.9134007456613777,1,0,0,0,0,5,0.0,7,1.0,0
80,37,5,2,3,1,16,0,4,4.463886833803077,0,1,1,1,0,14,0.2857142857142857,8,0.9285714285714286,1
38,13,17,0,1,0,6,0,0,3.915580395467514,1,0,0,0,0,5,0.0,9,1.0,0
58,14,5,2,3,12,13,1,0,4.293588851822481,0,1,1,1,0,11,0.0,8,1.0,1
54,11,18,0,1,3,10,0,1,4.545920603734871,1,0,0,0,0,9,0.0,9,1.0,0
25,9,8,0,1,0,5,0,0,3.8332696895151077,1,0,0,0,0,4,0.0,7,1.0,0
69,24,8,0,1,3,14,0,3,4.384472914332422,1,1,1,1,0,12,0.25,7,1.0,1
65,13,24,0,1,3,12,0,0,4.330854937611928,1,0,0,0,0,11,0.0,9,1.0,0
23,10,5,0,1,0,5,0,0,3.675310868912364,1,0,0,0,0,4,0.0,6,1.0,0
50,36,7,2,3,0,9,0,4,4.236245381622648,0,0,0,0,0,8,0.5,8,1.0,1
83,36,8,2,3,1,16,0,3,4.407044555118843,1,1,1,1,0,14,0.2857142857142857,8,0.9285714285714286,1
38,26,5,0,1,2,7,0,2,4.366091329119192,0,0,0,0,0,6,0.3333333333333333,7,1.0,1
55,14,7,2,3,12,13,1,1,4.50582800299401,0,1,1,1,0,11,0.09090909090909091,7,1.0,1
58,14,5,2,3,12,13,1,0,4.385055984705025,0,1,1,1,0,11,0.0,8,1.0,1
43,11,24,0,1,0,7,0,0,4.0894288603913065,1,0,0,0,0,6,0.0,9,1.0,0
45,10,10,0,1,3,9,0,0,4.491418651692921,1,0,0,0,0,8,0.0,9,1.0,0
83,34,7,0,1,1,15,0,2,4.524915053616791,1,1,1,1,0,13,0.23076923076923078,9,0.8461538461538461,1
39,10,21,0,1,0,7,0,0,3.5895313089284633,1,0,0,0,0,6,0.0,7,0.8333333333333334,0
20,12,0,0,1,0,4,0,0,3.921928094887362,1,0,0,0,0,3,0.0,8,1.0,0
84,38,8,2,3,1,16,0,2,4.380085736864883,0,1,1,1,0,14,0.14285714285714285,9,0.9285714285714286,1
37,9,0,0,1,3,9,0,0,4.301084704157686,1,0,0,0,0,8,0.0,6,0.875,0
31,13,10,0,1,0,6,0,0,4.0022680844408445,1,0,0,0,0,5,0.0,9,1.0,0
53,13,5,2,3,11,13,1,0,4.255977676137625,0,1,1,1,0,11,0.0,6,1.0,1
43,12,23,0,1,0,7,0,0,4.04291723248433,1,0,0,0,0,6,0.0,9,1.0,0
58,11,22,0,1,3,11,0,0,4.407309176378992,1,0,0,0,0,10,0.0,8,1.0,0
56,14,18,0,1,3,11,0,0,4.414959056860515,0,0,0,0,0,10,0.0,10,1.0,0
45,11,26,0,1,0,7,0,0,3.9119956756674346,1,0,0,0,0,6,0.0,8,0.8333333333333334,0
38,10,0,0,1,3,9,0,0,4.346225868535943,1,0,0,0,0,8,0.0,6,1.0,0
53,7,21,0,1,3,11,0,0,4.301810852195766,1,0,0,0,0,10,0.0,7,1.0,0
48,10,10,0,1,3,11,0,0,4.371115365169273,1,0,0,0,0,10,0.0,6,1.0,0
46,10,8,0,1,3,10,0,0,4.3794491194680845,1,0,0,0,0,9,0.0,7,1.0,0
53,9,16,0,1,3,11,0,1,4.434914322242806,1,0,0,0,0,10,0.0,7,1.0,0
35,9,18,0,1,0,7,0,0,3.9900172174899016,1,0,0,0,0,6,0.0,7,1.0,0
50,36,7,2,3,0,9,0,4,4.201076880026371,0,0,0,0,0,8,0.5,7,1.0,1
63,10,25,0,1,3,12,0,0,4.539131368989951,1,0,0,0,0,11,0.0,9,1.0,0
51,36,7,2,3,0,9,0,3,4.17431498914977,1,0,0,0,0,8,0.5,7,0.875,1
88,37,8,2,3,1,16,0,4,4.604622715805613,0,1,1,1,0,14,0.2857142857142857,9,0.8571428571428571,1
48,33,8,0,1,0,8,0,4,4.323934896284057,0,0,0,0,0,7,0.5714285714285714,7,1.0,1
53,39,7,2,3,0,9,0,4,4.223229776037644,0,0,0,0,0,8,0.5,8,1.0,1
35,11,16,0,1,0,6,0,0,3.8045822176135284,1,0,0,0,0,5,0.0,9,1.0,0
91,38,7,2,3,1,16,0,4,4.42401215169725,1,1,1,1,0,14,0.35714285714285715,8,0.8571428571428571,1
55,41,7,2,3,0,9,0,4,4.250799541390403,0,0,0,0,0,8,0.5,8,1.0,1
48,12,8,0,1,3,10,0,0,4.3915414066556515,1,0,0,0,0,9,0.0,8,1.0,0
33,9,16,0,1,0,6,0,1,3.8212266049160206,1,0,0,0,0,5,0.0,7,1.0,0
39,11,0,0,1,3,9,0,0,4.560667282798391,1,0,0,0,0,8,0.0,7,1.0,0
26,10,8,0,1,0,5,0,0,3.5073801024236353,1,0,0,0,0,4,0.0,7,1.0,0
87,35,8,2,3,1,16,0,4,4.462061012929799,0,1,1,1,0,14,0.2857142857142857,8,0.9285714285714286,1
27,10,9,0,1,0,5,0,0,3.8100810205217313,1,0,0,0,0,4,0.0,8,1.0,0
53,39,7,2,3,0,9,0,4,4.331443691009523,0,0,0,0,0,8,0.5,7,1.0,1
54,11,16,0,1,3,12,0,0,4.417131373320368,0,0,0,0,0,11,0.0,7,0.9090909090909091,0
84,37,8,2,3,1,16,0,3,4.3320128282080965,1,1,1,1,0,14,0.21428571428571427,7,1.0,1
75,25,8,0,1,3,14,0,3,4.467594772402052,0,1,1,1,0,12,0.25,9,0.9166666666666666,1
59,14,8,2,3,12,13,1,1,4.304198296449525,0,1,1,1,0,11,0.09090909090909091,8,1.0,1
23,10,5,0,1,0,5,0,0,3.7622673906514947,1,0,0,0,0,4,0.0,6,1.0,0
27,14,5,0,1,0,5,0,0,3.9302703722934544,1,0,0,0,0,4,0.0,10,1.0,0
34,10,0,0,1,3,8,0,0,4.182907326480826,0,0,0,0,0,7,0.0,6,1.0,0
43,10,8,0,1,3,9,0,0,4.408254580031927,1,0,0,0,0,8,0.0,7,1.0,0
38,9,21,0,1,0,7,0,0,3.8732214356139143,1,0,0,0,0,6,0.0,7,1.0,0
44,10,10,0,1,3,10,0,0,4.362507470762515,0,0,0,0,0,9,0.0,6,1.0,0
51,12,5,2,3,10,13,1,0,4.497790334866218,0,1,1,1,0,11,0.0,8,1.0,1
73,24,8,0,1,3,14,0,3,4.587272514299785,0,1,1,1,0,12,0.25,7,0.9166666666666666,1
40,10,5,0,1,3,9,0,0,4.3086949695628425,1,0,0,0,0,8,0.0,6,1.0,0
60,15,7,2,3,13,13,1,1,4.571270814384629,0,1,1,1,0,11,0.09090909090909091,9,1.0,1
82,37,7,0,1,1,15,0,4,4.3745817701478344,0,1,1,1,0,13,0.3076923076923077,9,0.8461538461538461,1
51,36,8,2,3,0,9,0,3,4.3607811657052,0,0,0,0,0,8,0.375,7,1.0,1
50,10,13,0,1,3,11,0,0,4.376174630069642,0,0,0,0,0,10,0.0,7,1.0,0
35,11,16,0,1,0,6,0,0,4.0220005168831525,1,0,0,0,0,5,0.0,7,1.0,0
84,38,7,2,3,1,16,0,4,4.494525712294812,0,1,1,1,0,14,0.35714285714285715,9,0.7857142857142857,1
31,9,15,0,1,0,6,0,0,3.937751955408586,0,0,0,0,0,5,0.0,9,1.0,0
32,7,0,0,1,3,8,0,0,4.3125,1,0,0,0,0,7,0.0,5,1.0,0
81,30,8,0,1,1,15,0,4,4.509291907761179,1,1,1,1,0,13,0.3076923076923077,7,1.0,1
24,11,6,0,1,0,5,0,0,3.5739348962840563,0,0,0,0,0,4,0.0,7,1.0,0
37,12,0,0,1,3,8,0,0,4.378240189894804,1,0,0,0,0,7,0.0,8,1.0,0
91,41,8,2,3,1,16,0,3,4.454917278770524,0,1,1,1,0,14,0.21428571428571427,8,0.8571428571428571,1
45,10,8,0,1,3,10,0,0,4.366759974483214,0,0,0,0,0,9,0.0,7,1.0,0
32,10,14,0,1,0,6,0,0,3.827819531114783,1,0,0,0,0,5,0.0,8,1.0,0
79,30,7,0,1,1,15,0,4,4.415883866733585,0,1,1,1,0,13,0.3076923076923077,8,0.9230769230769231,1
39,24,8,0,1,2,7,0,2,4.31682689807206,0,0,0,0,0,6,0.3333333333333333,8,1.0,1
45,29,8,0,1,2,7,0,1,4.233426641149882,1,0,0,0,0,6,0.16666666666666666,9,0.8333333333333334,1
58,15,8,2,3,13,13,1,0,4.472907494321881,0,1,1,1,0,11,0.0,7,1.0,1
39,26,5,0,1,2,7,0,2,4.455542527154549,1,0,0,0,0,6,0.3333333333333333,9,1.0,1
76,22,7,0,1,3,14,0,3,4.521698595499477,0,1,1,1,0,12,0.25,8,0.9166666666666666,1
35,12,16,0,1,0,6,0,0,3.968449003142374,0,0,0,0,0,5,0.0,8,1.0,0
83,32,8,0,1,1,15,0,4,4.38783804165893,0,1,1,1,0,13,0.38461538461538464,8,0.7692307692307693,1
52,14,10,0,1,3,10,0,0,4.622764717808252,1,0,0,0,0,9,0.0,10,1.0,0
93,38,8,2,3,1,16,0,3,4.532996872036998,0,1,1,1,0,14,0.21428571428571427,8,0.9285714285714286,1
47,11,8,0,1,3,10,0,0,4.591094968376697,1,0,0,0,0,9,0.0,7,1.0,0
52,14,10,0,1,3,11,0,0,4.534493747312425,1,0,0,0,0,10,0.0,10,1.0,0
78,30,5,0,1,3,14,0,2,4.416343836127297,0,1,1,1,0,12,0.25,8,0.8333333333333334,1
56,12,7,2,3,10,13,1,1,4.567128882026105,0,1,1,1,0,11,0.09090909090909091,8,1.0,1
37,10,0,0,1,3,9,0,0,4.283381405994076,0,0,0,0,0,8,0.0,6,1.0,0
52,14,13,0,1,3,10,0,1,4.48151514150159,1,0,0,0,0,9,0.0,10,1.0,0
83,36,7,0,1,1,15,0,3,4.611610040916945,0,1,1,1,0,13,0.3076923076923077,8,0.8461538461538461,1
19,12,0,0,1,0,4,0,0,3.8268748818646365,0,0,0,0,0,3,0.0,8,1.0,0
48,7,13,0,1,3,11,0,0,4.462581188618508,1,0,0,0,0,10,0.0,7,1.0,0
39,14,0,0,1,3,8,0,0,4.458103180234289,1,0,0,0,0,7,0.0,10,1.0,0
53,37,8,2,3,0,9,0,2,4.456522756728214,1,0,0,0,0,8,0.25,8,1.0,1
43,11,24,0,1,0,7,0,0,4.03383910398286,1,0,0,0,0,6,0.0,7,0.8333333333333334,0
53,39,7,2,3,0,9,0,4,4.230107662388592,0,0,0,0,0,8,0.5,9,1.0,1
33,12,13,0,1,0,6,0,0,4.043801694853791,1,0,0,0,0,5,0.0,8,1.0,0
73,27,7,0,1,3,14,0,3,4.416890521237094,1,1,1,1,0,12,0.25,9,1.0,1
43,29,7,0,1,2,7,0,3,4.4173327085333955,0,0,0,0,0,6,0.5,8,1.0,1
72,24,8,0,1,3,14,0,2,4.473377259827324,1,1,1,1,0,12,0.25,8,0.9166666666666666,1
58,13,8,2,3,11,13,1,0,4.522101914003373,0,1,1,1,0,11,0.0,8,1.0,1
25,9,9,0,1,0,5,0,0,3.783465189601646,0,0,0,0,0,4,0.0,8,1.0,0
47,10,12,0,1,3,10,0,0,4.307159266931027,1,0,0,0,0,9,0.0,6,0.8888888888888888,0
43,7,9,0,1,3,10,0,0,4.547789463752856,0,0,0,0,0,9,0.0,8,1.0,0
26,10,8,0,1,0,5,0,0,3.8441065448145375,1,0,0,0,0,4,0.0,7,1.0,0
74,26,7,0,1,3,14,0,3,4.47135989910207,1,1,1,1,0,12,0.25,8,1.0,1
54,13,8,2,3,11,13,1,0,4.37680661384666,0,1,1,1,0,11,0.0,7,1.0,1
37,22,7,0,1,2,7,0,3,4.175273297885967,1,0,0,0,0,6,0.5,6,1.0,1
43,10,26,0,1,0,7,0,1,3.9147829300581214,0,0,0,0,0,6,0.0,9,0.8333333333333334,0
48,32,8,0,1,2,7,0,2,4.1735332098491895,1,0,0,0,0,6,0.5,8,0.8333333333333334,1
54,13,7,2,3,11,13,1,1,4.571034795964158,0,1,1,1,0,11,0.09090909090909091,8,1.0,1
47,33,7,2,3,0,9,0,4,4.3839601280892575,0,0,0,0,0,8,0.5,6,1.0,1
90,35,7,0,1,1,15,0,4,4.358398164685606,0,1,1,1,0,13,0.3076923076923077,8,0.9230769230769231,1
55,10,18,0,1,3,12,0,0,4.454201196075733,0,0,0,0,0,11,0.0,7,1.0,0
45,33,5,0,1,0,8,0,3,4.064323519495731,0,0,0,0,0,7,0.42857142857142855,9,1.0,1
95,43,7,2,3,1,16,0,5,4.396423398235076,0,1,1,1,0,14,0.35714285714285715,9,0.8571428571428571,1
39,10,21,0,1,0,7,0,0,3.8088942976962503,1,0,0,0,0,6,0.0,7,1.0,0
42,26,8,0,1,2,7,0,2,4.261747340508189,1,0,0,0,0,6,0.3333333333333333,9,1.0,1
41,7,26,0,1,0,7,0,0,3.695626017120093,1,0,0,0,0,6,0.0,8,0.8333333333333334,0
79,29,8,0,1,3,14,0,3,4.5501882873867805,1,1,1,1,0,12,0.25,7,1.0,1
47,9,11,0,1,2,11,0,0,4.365773894636634,1,0,0,0,0,10,0.0,6,1.0,0
37,9,0,0,1,3,9,0,0,4.301084704157686,1,0,0,0,0,8,0.0,6,0.875,0
51,11,16,0,1,3,10,0,1,4.358316518272401,0,0,0,0,0,9,0.0,7,1.0,0
47,10,13,0,1,2,10,0,0,4.376204213693507,1,0,0,0,0,9,0.0,7,1.0,0
50,10,16,0,1,2,10,0,0,4.046886761135437,1,0,0,0,0,9,0.0,7,0.8888888888888888,0
30,13,10,0,1,0,6,0,0,3.9898980954642873,0,0,0,0,0,5,0.0,9,1.0,0
54,12,7,2,3,10,13,1,1,4.303724516543194,0,1,1,1,0,11,0.09090909090909091,8,1.0,1
36,11,0,0,1,3,8,0,0,4.384795487373133,1,0,0,0,0,7,0.0,7,1.0,0
39,14,0,0,1,3,8,0,0,4.50938523151634,1,0,0,0,0,7,0.0,10,1.0,0
56,13,8,2,3,11,13,1,0,4.644254753070191,0,1,1,1,0,11,0.0,8,1.0,1
30,10,13,0,1,0,6,0,0,3.8062389286533893,0,0,0,0,0,5,0.0,7,1.0,0
89,40,8,2,3,1,16,0,5,4.335426567674497,1,1,1,1,0,14,0.35714285714285715,8,1.0,1
57,14,8,2,3,12,13,1,0,4.590742559790766,0,1,1,1,0,11,0.0,8,1.0,1
86,33,7,2,3,1,16,0,4,4.5600150061331055,1,1,1,1,0,14,0.35714285714285715,8,0.9285714285714286,1
53,13,16,0,1,3,10,0,0,4.562365029830795,0,0,0,0,0,9,0.0,9,1.0,0
63,14,21,0,1,3,12,0,0,4.525153836906837,1,0,0,0,0,11,0.0,10,1.0,0
56,13,7,2,3,11,13,1,1,4.504409957064758,0,1,1,1,0,11,0.09090909090909091,7,1.0,1
85,32,8,0,1,1,15,0,3,4.491668648758954,0,1,1,1,0,13,0.23076923076923078,8,0.8461538461538461,1
59,14,8,2,3,12,13,1,0,4.578785743018003,0,1,1,1,0,11,0.0,8,1.0,1
41,10,5,0,1,2,10,0,0,4.417812370155136,0,0,0,0,0,9,0.0,6,1.0,0
36,12,16,0,1,0,6,0,0,3.985780821356459,1,0,0,0,0,5,0.0,8,1.0,0
83,33,8,0,1,1,15,0,4,4.264897843880739,0,1,1,1,0,13,0.3076923076923077,9,0.9230769230769231,1
22,10,5,0,1,0,5,0,0,3.7544418457133446,0,0,0,0,0,4,0.0,6,1.0,0
27,12,8,0,1,0,5,0,0,4.004344446367529,0,0,0,0,0,4,0.0,8,1.0,0
86,36,8,0,1,1,15,0,3,4.5200032156694165,0,1,1,1,0,13,0.23076923076923078,8,0.9230769230769231,1
32,14,10,0,1,0,6,0,0,4.054229296672174,1,0,0,0,0,5,0.0,10,1.0,0
52,11,13,0,1,3,11,0,0,4.57487577558377,1,0,0,0,0,10,0.0,7,1.0,0
33,10,16,0,1,0,6,0,0,3.8391081341821707,0,0,0,0,0,5,0.0,7,1.0,0
29,11,10,0,1,0,6,0,0,3.9093680639438846,1,0,0,0,0,5,0.0,7,0.8,0
57,15,7,2,3,13,13,1,1,4.55619465924731,0,1,1,1,0,11,0.09090909090909091,9,1.0,1
55,14,7,2,3,12,13,1,1,4.453848993519228,0,1,1,1,0,11,0.09090909090909091,7,1.0,1
36,11,18,0,1,0,7,0,0,3.9302252658009036,0,0,0,0,0,6,0.0,7,1.0,0
42,27,7,0,1,2,7,0,2,4.481254029767084,1,0,0,0,0,6,0.3333333333333333,8,1.0,1
50,36,7,0,1,0,8,0,3,4.378171939471839,0,0,0,0,0,7,0.5714285714285714,9,0.8571428571428571,1
29,11,10,0,1,0,6,0,0,3.866433150225384,1,0,0,0,0,5,0.0,7,0.8,0
39,25,7,0,1,2,7,0,3,4.387465039153175,0,0,0,0,0,6,0.5,8,1.0,1
22,7,8,0,1,0,5,0,1,3.754441845713344,0,0,0,0,0,4,0.0,7,1.0,0
80,27,8,0,1,3,14,0,3,4.451316962119151,0,1,1,1,0,12,0.25,8,0.9166666666666666,1
58,15,7,2,3,13,13,1,1,4.510405092002415,0,1,1,1,0,11,0.09090909090909091,9,1.0,1
32,11,13,0,1,0,6,0,0,3.8514097655573916,1,0,0,0,0,5,0.0,7,1.0,0
51,14,10,0,1,3,10,0,0,4.622447400370818,0,0,0,0,0,9,0.0,10,1.0,0
60,15,8,2,3,13,13,1,0,4.474552875170201,0,1,1,1,0,11,0.0,8,1.0,1
45,12,5,0,1,3,10,0,0,4.58030754058181,1,0,0,0,0,9,0.0,8,1.0,0
53,10,18,0,1,3,10,0,0,4.3036951063487825,1,0,0,0,0,9,0.0,9,1.0,0
38,24,7,0,1,2,7,0,3,4.1261067112569885,0,0,0,0,0,6,0.5,6,1.0,1
80,33,7,0,1,1,15,0,2,4.319602027999064,0,1,1,1,0,13,0.23076923076923078,7,0.7692307692307693,1
25,9,8,0,1,0,5,0,0,3.593269689515108,1,0,0,0,0,4,0.0,7,1.0,0
40,14,18,0,1,0,6,0,0,4.1275671571169275,1,0,0,0,0,5,0.0,10,1.0,0
76,27,7,0,1,3,14,0,3,4.570261136626954,1,1,1,1,0,12,0.25,8,0.9166666666666666,1
37,25,5,0,1,2,7,0,2,4.283381405994076,0,0,0,0,0,6,0.3333333333333333,7,1.0,1
80,31,7,0,1,3,14,0,2,4.300658629753598,0,1,1,1,0,12,0.25,9,0.8333333333333334,1
59,10,21,0,1,3,12,0,1,4.361480236449053,1,0,0,0,0,11,0.0,7,1.0,0
29,14,8,0,1,0,5,0,0,3.926272374139508,0,0,0,0,0,4,0.0,10,1.0,0
33,9,16,0,1,0,6,0,0,3.4873008470780245,1,0,0,0,0,5,0.0,7,0.8,0
93,41,5,2,3,1,16,0,4,4.412186779073363,0,1,1,1,0,14,0.2857142857142857,8,0.8571428571428571,1
21,7,6,0,1,0,5,0,0,3.52257158913636,1,0,0,0,0,4,0.0,5,1.0,0
41,26,8,0,1,2,7,0,2,4.3506199920535895,0,0,0,0,0,6,0.3333333333333333,7,1.0,1
77,25,8,0,1,3,14,0,4,4.59543877764231,0,1,1,1,0,12,0.3333333333333333,8,0.9166666666666666,1
82,34,8,0,1,1,15,0,4,4.364037155010172,1,1,1,1,0,13,0.38461538461538464,9,0.9230769230769231,1
89,35,8,0,1,1,15,0,4,4.3581818996729265,0,1,1,1,0,13,0.3076923076923077,8,0.9230769230769231,1
35,14,13,0,1,0,6,0,0,4.071581588126283,1,0,0,0,0,5,0.0,10,1.0,0
48,33,8,0,1,0,8,0,4,4.240601562950724,0,0,0,0,0,7,0.5714285714285714,9,1.0,1
39,25,7,0,1,2,7,0,3,4.355539077670187,0,0,0,0,0,6,0.5,6,1.0,1
74,25,7,0,1,3,14,0,2,4.362798141185996,1,1,1,1,0,12,0.3333333333333333,8,0.8333333333333334,1
39,14,0,0,1,3,8,0,0,4.458103180234289,1,0,0,0,0,7,0.0,10,1.0,0
44,10,9,0,1,3,9,0,0,4.39080548207698,1,0,0,0,0,8,0.0,8,1.0,0
87,38,8,2,3,1,16,0,2,4.561453730761641,0,1,1,1,0,14,0.21428571428571427,8,0.8571428571428571,1
51,37,7,2,3,0,9,0,3,4.414798567708407,0,0,0,0,0,8,0.375,7,1.0,1
33,10,16,0,1,0,6,0,1,3.9912157102019847,0,0,0,0,0,5,0.0,7,1.0,0
44,10,8,0,1,2,10,0,0,4.328194402482357,0,0,0,0,0,9,0.0,7,1.0,0
42,12,5,0,1,3,9,0,0,4.463280517810811,1,0,0,0,0,8,0.0,8,1.0,0
75,25,7,0,1,3,14,0,4,4.497471136053527,1,1,1,1,0,12,0.3333333333333333,7,1.0,1
36,13,15,0,1,0,6,0,0,4.204511459715548,1,0,0,0,0,5,0.0,9,1.0,0
36,10,18,0,1,0,6,0,0,4.016875695766563,1,0,0,0,0,5,0.0,9,1.0,0
38,10,0,0,1,3,9,0,0,4.523986065961298,1,0,0,0,0,8,0.0,6,1.0,0
83,29,8,0,1,3,14,0,4,4.4974728495856295,0,1,1,1,0,12,0.3333333333333333,9,0.9166666666666666,1
59,14,8,2,3,12,13,1,0,4.613873462316249,0,1,1,1,0,11,0.0,8,1.0,1
84,36,8,0,1,1,15,0,2,4.372379219233794,0,1,1,1,0,13,0.15384615384615385,9,0.9230769230769231,1
54,10,16,0,1,3,11,0,1,4.386844854368521,1,0,0,0,0,10,0.0,7,1.0,0
31,10,13,0,1,0,6,0,1,3.824533406881911,1,0,0,0,0,5,0.0,7,1.0,0
42,10,5,0,1,2,10,0,0,4.558518613048907,1,0,0,0,0,9,0.0,6,1.0,0
83,27,8,0,1,3,14,0,2,4.618663547980164,1,1,1,1,0,12,0.16666666666666666,9,1.0,1
29,14,8,0,1,0,5,0,0,3.8404025467025056,0,0,0,0,0,4,0.0,10,1.0,0
58,43,7,2,3,0,9,0,2,4.226888599711575,1,0,0,0,0,8,0.375,9,0.875,1
42,9,6,0,1,3,10,0,0,4.368042422572716,0,0,0,0,0,9,0.0,5,1.0,0
37,13,16,0,1,0,6,0,1,3.864198297769022,1,0,0,0,0,5,0.0,9,0.8,0
23,10,6,0,1,0,5,0,0,3.675310868912364,0,0,0,0,0,4,0.0,6,1.0,0
44,9,8,0,1,2,10,0,0,4.25217217593812,1,0,0,0,0,9,0.0,7,1.0,0
46,10,9,0,1,3,10,0,0,4.457919564564537,0,0,0,0,0,9,0.0,8,1.0,0
43,10,5,0,1,3,10,0,0,4.5653449870589835,1,0,0,0,0,9,0.0,6,1.0,0
43,7,8,0,1,3,10,0,1,4.530233940446729,1,0,0,0,0,9,0.0,7,1.0,0
75,26,8,0,1,3,14,0,2,4.463042196574385,1,1,1,1,0,12,0.16666666666666666,7,1.0,1
29,13,8,0,1,0,5,0,0,3.9228287372391675,1,0,0,0,0,4,0.0,9,1.0,0
53,13,8,2,3,11,13,1,0,4.481659538967565,0,1,1,1,0,11,0.0,7,1.0,1
26,10,8,0,1,0,5,0,0,3.796217602590056,1,0,0,0,0,4,0.0,7,1.0,0
90,41,7,2,3,1,16,0,4,4.354334324907503,1,1,1,1,0,14,0.35714285714285715,9,0.8571428571428571,1
42,27,8,0,1,2,7,0,2,4.433634982148036,0,0,0,0,0,6,0.3333333333333333,9,1.0,1
60,11,21,0,1,3,12,0,0,4.496834613373055,1,0,0,0,0,11,0.0,7,1.0,0
54,14,7,2,3,12,13,1,1,4.347772479148065,0,1,1,1,0,11,0.09090909090909091,6,1.0,1
46,10,8,0,1,3,10,0,0,4.449995043334097,1,0,0,0,0,9,0.0,7,1.0,0
44,11,5,0,1,3,10,0,0,4.49285605016046,1,0,0,0,0,9,0.0,7,1.0,0
47,11,8,0,1,3,10,0,0,4.562478415867197,1,0,0,0,0,9,0.0,7,1.0,0
90,36,7,0,1,1,15,0,3,4.536993801284173,0,1,1,1,0,13,0.3076923076923077,9,0.7692307692307693,1
57,14,16,0,1,2,11,0,1,4.457387768657583,1,0,0,0,0,10,0.0,10,1.0,0
44,10,26,0,1,0,7,0,1,3.919690574049696,1,0,0,0,0,6,0.0,9,0.8333333333333334,0
42,10,5,0,1,2,10,0,0,4.2072117677593,1,0,0,0,0,9,0.0,6,1.0,0
31,10,14,0,1,0,6,0,0,3.7040386490267627,0,0,0,0,0,5,0.0,8,1.0,0
53,38,8,2,3,0,9,0,2,4.338321577360471,0,0,0,0,0,8,0.25,7,0.875,1
52,37,8,0,1,0,8,0,3,4.223632265843569,0,0,0,0,0,7,0.42857142857142855,9,1.0,1
55,12,7,2,3,10,13,1,1,4.63406821963797,0,1,1,1,0,11,0.09090909090909091,8,1.0,1
88,39,8,0,1,1,15,0,4,4.3138839067631665,1,1,1,1,0,13,0.38461538461538464,8,0.8461538461538461,1
41,11,22,0,1,0,7,0,0,3.8484226636198593,1,0,0,0,0,6,0.0,8,1.0,0
60,13,8,2,3,11,13,1,0,4.345073995785254,0,1,1,1,0,11,0.0,8,1.0,1
53,13,8,2,3,11,13,1,0,4.30753043070803,0,1,1,1,0,11,0.0,7,1.0,1
49,34,8,2,3,0,9,0,4,4.1599299968673655,0,0,0,0,0,8,0.5,7,1.0,1
40,26,7,0,1,2,7,0,2,4.177567157116928,0,0,0,0,0,6,0.5,9,0.8333333333333334,1
85,35,7,0,1,1,15,0,4,4.167191680522954,0,1,1,1,0,13,0.3076923076923077,7,0.8461538461538461,1
60,10,22,0,1,3,12,0,0,4.444413829577612,1,0,0,0,0,11,0.0,8,1.0,0
42,10,8,0,1,3,9,0,0,4.168886994558423,0,0,0,0,0,8,0.0,7,1.0,0
39,24,8,0,1,2,7,0,3,4.192346052629153,0,0,0,0,0,6,0.5,7,1.0,1
76,28,8,0,1,3,14,0,2,4.3526953870308756,0,1,1,1,0,12,0.16666666666666666,8,0.8333333333333334,1
79,33,8,0,1,1,15,0,4,4.589738697225959,0,1,1,1,0,13,0.3076923076923077,8,0.9230769230769231,1
29,10,11,0,1,0,6,0,0,3.7974676329840045,1,0,0,0,0,5,0.0,6,1.0,0
38,11,0,0,1,3,9,0,0,4.326360407952693,0,0,0,0,0,8,0.0,7,1.0,0
52,14,10,0,1,3,11,0,0,4.512469766009989,1,0,0,0,0,10,0.0,10,1.0,0
48,7,13,0,1,3,11,0,0,4.537782031835941,1,0,0,0,0,10,0.0,7,1.0,0
62,10,24,0,1,3,12,0,1,4.341451457450737,1,0,0,0,0,11,0.0,7,0.9090909090909091,0
32,10,14,0,1,0,6,0,0,3.7150182662886326,1,0,0,0,0,5,0.0,7,1.0,0
36,13,15,0,1,0,7,0,0,3.951194363083222,1,0,0,0,0,6,0.0,9,0.8333333333333334,0
48,11,10,0,1,2,11,0,0,4.394974678246913,1,0,0,0,0,10,0.0,7,1.0,0
55,9,18,0,1,3,11,0,1,4.465641023041017,1,0,0,0,0,10,0.0,9,1.0,0
38,10,0,0,1,3,9,0,0,4.378991986900062,1,0,0,0,0,8,0.0,6,1.0,0
55,13,8,2,3,11,13,1,0,4.551231247457532,0,1,1,1,0,11,0.0,8,1.0,1
57,13,8,2,3,11,13,1,0,4.554378923427131,0,1,1,1,0,11,0.0,8,1.0,1
76,23,7,0,1,3,14,0,3,4.472354210980513,0,1,1,1,0,12,0.3333333333333333,8,0.8333333333333334,1
35,12,15,0,1,0,6,0,0,4.0360069453309535,1,0,0,0,0,5,0.0,9,1.0,0
37,11,18,0,1,0,6,0,1,3.935955649986687,1,0,0,0,0,5,0.0,9,1.0,0
48,33,8,0,1,0,8,0,4,4.433208073322318,0,0,0,0,0,7,0.5714285714285714,8,1.0,1
34,10,0,0,1,3,8,0,0,4.2339466645252255,0,0,0,0,0,7,0.0,6,1.0,0
72,25,7,0,1,3,14,0,3,4.391443867062902,0,1,1,1,0,12,0.3333333333333333,7,0.8333333333333334,1
86,36,7,0,1,1,15,0,3,4.471886025431721,0,1,1,1,0,13,0.38461538461538464,9,0.6923076923076923,1
84,33,8,0,1,1,15,0,4,4.418604218524292,0,1,1,1,0,13,0.3076923076923077,8,0.9230769230769231,1
57,12,5,2,3,10,13,1,0,4.394438351024769,0,1,1,1,0,11,0.0,9,1.0,1
34,11,15,0,1,0,7,0,0,4.113362385992581,1,0,0,0,0,6,0.0,7,1.0,0
55,15,8,2,3,13,13,1,0,4.280202417710357,0,1,1,1,0,11,0.0,7,0.9090909090909091,1
89,38,8,2,3,1,16,0,3,4.446347485043488,1,1,1,1,0,14,0.21428571428571427,9,1.0,1
50,35,8,2,3,0,9,0,3,4.383465189601647,0,0,0,0,0,8,0.375,7,1.0,1
42,9,25,0,1,0,7,0,0,3.976033054793903,1,0,0,0,0,6,0.0,8,1.0,0
42,11,24,0,1,0,7,0,0,3.940086030881356,0,0,0,0,0,6,0.0,9,1.0,0
30,9,13,0,1,0,6,0,0,3.973557262275185,1,0,0,0,0,5,0.0,7,1.0,0
39,10,21,0,1,0,7,0,0,3.933375143139157,1,0,0,0,0,6,0.0,7,1.0,0
35,14,13,0,1,0,6,0,0,4.25057194545458,1,0,0,0,0,5,0.0,10,1.0,0
46,32,7,0,1,0,8,0,3,4.083587370023806,0,0,0,0,0,7,0.42857142857142855,8,1.0,1
44,10,26,0,1,0,7,0,1,4.118665290007957,1,0,0,0,0,6,0.0,9,1.0,0
25,10,8,0,1,0,5,0,0,3.703465189601646,0,0,0,0,0,4,0.0,7,1.0,0
59,14,7,2,3,12,13,1,1,4.510362330212912,0,1,1,1,0,11,0.09090909090909091,9,1.0,1
80,34,7,2,3,1,16,0,3,4.394081148699789,0,1,1,1,0,14,0.2857142857142857,6,0.7857142857142857,1
26,11,8,0,1,0,5,0,0,3.8441065448145375,0,0,0,0,0,4,0.0,7,1.0,0
39,11,0,0,1,3,9,0,0,4.458103180234289,1,0,0,0,0,8,0.0,7,1.0,0
55,41,7,2,3,0,9,0,4,4.367748696036396,0,0,0,0,0,8,0.5,8,1.0,1
41,10,23,0,1,0,7,0,1,4.0346536885808275,1,0,0,0,0,6,0.0,9,1.0,0
39,25,7,0,1,2,7,0,3,4.50938523151634,0,0,0,0,0,6,0.5,7,1.0,1
77,33,8,2,3,1,16,0,3,4.2567343192567595,0,1,1,1,0,14,0.21428571428571427,7,0.9285714285714286,1
69,25,7,0,1,3,14,0,3,4.561462325525312,1,1,1,1,0,12,0.25,7,1.0,1
59,14,5,2,3,12,13,1,0,4.4026130416150835,0,1,1,1,0,11,0.0,9,1.0,1
84,31,7,0,1,3,14,0,3,4.373912109710291,1,1,1,1,0,12,0.3333333333333333,8,0.9166666666666666,1
36,13,15,0,1,0,6,0,0,4.18354236243323,1,0,0,0,0,5,0.0,9,1.0,0
83,34,7,0,1,1,15,0,4,4.536734342567925,0,1,1,1,0,13,0.38461538461538464,9,0.8461538461538461,1
43,7,8,0,1,3,10,0,0,4.536388882458134,1,0,0,0,0,9,0.0,7,1.0,0
57,13,7,2,3,11,13,1,1,4.6634698325180395,0,1,1,1,0,11,0.09090909090909091,8,1.0,1
53,9,17,0,1,3,11,0,0,4.4546385025751984,0,0,0,0,0,10,0.0,8,0.9,0
85,38,5,0,1,1,15,0,3,4.37663840323686,1,1,1,1,0,13,0.23076923076923078,9,0.9230769230769231,1
84,33,8,0,1,1,15,0,3,4.423595450212083,0,1,1,1,0,13,0.23076923076923078,7,0.9230769230769231,1
35,11,17,0,1,0,6,0,0,3.8645783739023827,0,0,0,0,0,5,0.0,8,1.0,0
18,11,0,0,1,0,4,0,0,3.7254805569978675,0,0,0,0,0,3,0.0,7,1.0,0
47,12,8,0,1,3,10,0,0,4.477372032888475,0,0,0,0,0,9,0.0,8,1.0,0
41,11,23,0,1,0,7,0,1,3.906724115462864,0,0,0,0,0,6,0.0,9,1.0,0
57,13,7,2,3,11,13,1,1,4.447103750156401,0,1,1,1,0,11,0.09090909090909091,8,1.0,1
34,10,16,0,1,0,6,0,0,3.7711426205984733,1,0,0,0,0,5,0.0,7,1.0,0
87,35,7,0,1,1,15,0,3,4.450066306945636,0,1,1,1,0,13,0.23076923076923078,9,0.8461538461538461,1
53,14,11,0,1,3,11,0,0,4.53887234119237,1,0,0,0,0,10,0.0,10,1.0,0
62,15,7,2,3,13,13,1,1,4.522964554947562,0,1,1,1,0,11,0.09090909090909091,9,1.0,1
70,25,5,0,1,3,14,0,2,4.552115370751692,1,1,1,1,0,12,0.16666666666666666,7,1.0,1
35,11,16,0,1,0,6,0,1,4.150292659616668,1,0,0,0,0,5,0.0,7,1.0,0
26,11,8,0,1,0,5,0,0,3.8150724101159423,0,0,0,0,0,4,0.0,7,1.0,0
27,11,8,0,1,0,5,0,0,3.676390632579627,1,0,0,0,0,4,0.0,7,1.0,0
33,9,0,0,1,2,8,0,0,4.150158513166728,1,0,0,0,0,7,0.0,5,1.0,0
52,7,18,0,1,2,11,0,1,4.507380102423636,1,0,0,0,0,10,0.0,9,1.0,0
53,13,7,2,3,11,13,1,1,4.42764213696436,0,1,1,1,0,11,0.09090909090909091,6,1.0,1
52,13,7,2,3,11,13,1,1,4.454177320667444,0,1,1,1,0,11,0.09090909090909091,6,1.0,1
55,10,18,0,1,2,11,0,0,4.445288014336222,1,0,0,0,0,10,0.0,9,1.0,0
84,36,5,0,1,1,15,0,3,4.508296865913388,0,1,1,1,0,13,0.3076923076923077,8,0.7692307692307693,1
35,10,0,0,1,3,8,0,0,4.243010159554855,1,0,0,0,0,7,0.0,6,1.0,0
44,13,23,0,1,0,7,0,0,4.2290005848323515,1,0,0,0,0,6,0.0,9,1.0,0
22,10,5,0,1,0,5,0,0,3.663532754804254,0,0,0,0,0,4,0.0,6,1.0,0
82,34,5,0,1,1,15,0,4,4.535354621742511,1,1,1,1,0,13,0.3076923076923077,8,1.0,1
37,11,18,0,1,0,6,0,0,3.9723064058771302,1,0,0,0,0,5,0.0,9,1.0,0
27,10,9,0,1,0,5,0,0,3.736006946447657,1,0,0,0,0,4,0.0,8,1.0,0
54,14,5,2,3,12,13,1,0,4.392439479083332,0,1,1,1,0,11,0.0,6,1.0,1
54,13,8,2,3,11,13,1,0,4.417188642118004,0,1,1,1,0,11,0.0,7,1.0,1
33,14,11,0,1,0,6,0,0,4.150158513166728,1,0,0,0,0,5,0.0,10,1.0,0
38,10,21,0,1,0,7,0,1,3.810317237572777,0,0,0,0,0,6,0.0,7,1.0,0
55,11,7,2,3,9,13,1,1,4.366807898196829,0,1,1,1,0,11,0.09090909090909091,8,1.0,1
44,28,8,0,1,2,7,0,3,4.166389505237727,1,0,0,0,0,6,0.5,8,1.0,1
83,34,7,0,1,1,15,0,5,4.417346615071148,0,1,1,1,0,13,0.38461538461538464,8,0.9230769230769231,1
44,11,5,0,1,3,10,0,0,4.481714572986071,1,0,0,0,0,9,0.0,7,1.0,0
86,33,7,0,1,1,15,0,2,4.365199196887865,1,1,1,1,0,13,0.3076923076923077,8,0.8461538461538461,1
72,23,8,0,1,3,14,0,2,4.353616054537861,0,1,1,1,0,12,0.16666666666666666,7,0.8333333333333334,1
45,33,5,2,3,0,9,0,3,4.172206918879581,0,0,0,0,0,8,0.375,6,1.0,1
23,10,6,0,1,0,5,0,0,3.5883543471732335,0,0,0,0,0,4,0.0,6,1.0,0
55,13,5,2,3,11,13,1,0,4.381051058615007,0,1,1,1,0,11,0.0,8,1.0,1
44,29,8,0,1,2,7,0,2,4.261043983337284,0,0,0,0,0,6,0.3333333333333333,7,1.0,1
84,32,7,0,1,1,15,0,4,4.334532840602571,0,1,1,1,0,13,0.38461538461538464,8,0.7692307692307693,1
79,28,5,0,1,3,14,0,1,4.441314464396358,0,1,1,1,0,12,0.08333333333333333,9,0.9166666666666666,1
51,12,16,0,1,1,10,0,0,4.349210764415339,1,0,0,0,0,9,0.0,8,1.0,0
37,10,20,0,1,0,7,0,0,3.9900097040407405,0,0,0,0,0,6,0.0,9,1.0,0
46,10,8,0,1,3,10,0,0,4.417173847587858,1,0,0,0,0,9,0.0,7,1.0,0
47,33,7,2,3,0,9,0,4,4.453005074851737,0,0,0,0,0,8,0.5,6,1.0,1
37,11,18,0,1,0,6,0,0,3.905003027615696,1,0,0,0,0,5,0.0,9,1.0,0
28,10,10,0,1,0,6,0,0,3.780394654123195,1,0,0,0,0,5,0.0,6,1.0,0
52,37,8,2,3,0,9,0,3,4.2526664005421635,0,0,0,0,0,8,0.375,8,1.0,1
38,13,17,0,1,0,6,0,1,3.977804815904363,1,0,0,0,0,5,0.0,9,1.0,0
58,7,23,0,1,3,12,0,0,4.573438004368642,1,0,0,0,0,11,0.0,9,1.0,0
86,35,7,0,1,1,15,0,4,4.402002759063059,0,1,1,1,0,13,0.38461538461538464,9,0.8461538461538461,1
86,34,8,0,1,1,15,0,4,4.437400763152992,0,1,1,1,0,13,0.3076923076923077,8,0.9230769230769231,1
84,34,7,0,1,1,15,0,4,4.482373731534451,1,1,1,1,0,13,0.3076923076923077,8,1.0,1
31,13,10,0,1,0,6,0,0,3.9779168746936358,1,0,0,0,0,5,0.0,9,0.8,0
87,38,7,2,3,1,16,0,4,4.520926160902157,1,1,1,1,0,14,0.2857142857142857,7,1.0,1
60,14,8,2,3,12,13,1,1,4.4094290566619945,0,1,1,1,0,11,0.09090909090909091,9,1.0,1
54,13,5,2,3,11,13,1,0,4.5078240944679475,0,1,1,1,0,11,0.0,7,1.0,1
83,27,7,0,1,3,14,0,3,4.4659277068455845,1,1,1,1,0,12,0.3333333333333333,9,0.9166666666666666,1
84,32,8,0,1,1,15,0,3,4.496340158701849,0,1,1,1,0,13,0.23076923076923078,8,0.8461538461538461,1
78,31,7,0,1,1,15,0,5,4.493426606521031,0,1,1,1,0,13,0.38461538461538464,8,0.9230769230769231,1
76,26,8,0,1,3,14,0,1,4.460238035950248,0,1,1,1,0,12,0.08333333333333333,9,0.75,1
31,10,13,0,1,0,6,0,0,3.9377519554085865,1,0,0,0,0,5,0.0,7,1.0,0
33,9,16,0,1,0,6,0,0,3.6919944077496454,1,0,0,0,0,5,0.0,7,1.0,0
72,27,8,0,1,3,14,0,4,4.474304853631191,0,1,1,1,0,12,0.3333333333333333,8,0.9166666666666666,1
62,14,8,2,3,12,13,1,0,4.502910079649726,0,1,1,1,0,11,0.0,9,1.0,1
38,12,18,0,1,0,6,0,0,4.0433370526326025,1,0,0,0,0,5,0.0,9,1.0,0
35,13,15,0,1,0,7,0,0,4.0471600746327585,0,0,0,0,0,6,0.0,9,1.0,0
54,14,7,2,3,12,13,1,1,4.274690381844599,0,1,1,1,0,11,0.09090909090909091,6,1.0,1
50,34,8,0,1,0,8,0,4,4.119079570624174,1,0,0,0,0,7,0.5714285714285714,9,1.0,1
50,36,7,0,1,0,8,0,4,4.161076880026371,0,0,0,0,0,7,0.5714285714285714,8,1.0,1
55,11,19,0,1,3,11,0,1,4.386285968921012,1,0,0,0,0,10,0.0,7,1.0,0
42,10,24,0,1,0,7,0,0,3.8424701863549307,1,0,0,0,0,6,0.0,7,0.8333333333333334,0
23,10,5,0,1,0,5,0,0,3.7622673906514947,1,0,0,0,0,4,0.0,6,1.0,0
25,7,10,0,1,0,6,0,0,3.7638561897747236,1,0,0,0,0,5,0.0,5,1.0,0
49,36,5,0,1,0,8,0,3,4.1853404560068865,1,0,0,0,0,7,0.42857142857142855,7,1.0,1
52,36,8,2,3,0,9,0,3,4.388154507419409,1,0,0,0,0,8,0.375,8,1.0,1
49,37,5,0,1,0,8,0,3,4.125042120448045,0,0,0,0,0,7,0.42857142857142855,9,1.0,1
55,10,17,0,1,3,11,0,0,4.494196304079727,1,0,0,0,0,10,0.0,8,1.0,0
39,11,0,0,1,3,9,0,0,4.3748951674692504,1,0,0,0,0,8,0.0,7,1.0,0
25,10,8,0,1,0,5,0,0,3.639079570624174,0,0,0,0,0,4,0.0,7,1.0,0
90,37,7,2,3,1,16,0,4,4.151399205022007,0,1,1,1,0,14,0.2857142857142857,8,0.8571428571428571,1
28,10,10,0,1,0,6,0,0,3.869331261111518,1,0,0,0,0,5,0.0,6,1.0,0
83,31,7,0,1,1,15,0,4,4.470713084165394,1,1,1,1,0,13,0.3076923076923077,7,1.0,1
37,11,18,0,1,0,6,0,0,3.990009704040741,1,0,0,0,0,5,0.0,9,1.0,0
51,37,7,0,1,0,8,0,4,4.201960274134418,0,0,0,0,0,7,0.5714285714285714,9,1.0,1
43,11,5,0,1,3,10,0,0,4.425810103338054,0,0,0,0,0,9,0.0,7,1.0,0
55,14,7,2,3,12,13,1,1,4.5158670402702255,0,1,1,1,0,11,0.09090909090909091,6,1.0,1
42,28,7,0,1,2,7,0,3,4.3680424225727155,0,0,0,0,0,6,0.5,8,1.0,1
31,10,13,0,1,0,6,0,0,3.768554778059021,1,0,0,0,0,5,0.0,7,1.0,0
81,36,5,2,3,1,16,0,3,4.29438423651197,0,1,1,1,0,14,0.21428571428571427,8,0.8571428571428571,1
24,11,5,0,1,0,5,0,0,3.772055208874201,1,0,0,0,0,4,0.0,7,1.0,0
57,13,8,2,3,11,13,1,0,4.410740113792764,0,1,1,1,0,11,0.0,9,1.0,1
80,29,7,0,1,1,15,0,5,4.3375540215302335,0,1,1,1,0,13,0.38461538461538464,7,0.8461538461538461,1
87,41,5,2,3,1,16,0,3,4.4040752847719125,0,1,1,1,0,14,0.2857142857142857,9,0.8571428571428571,1
53,13,8,2,3,11,13,1,0,4.324796793869526,0,1,1,1,0,11,0.0,7,1.0,1
43,10,8,0,1,3,9,0,0,4.303830742923251,1,0,0,0,0,8,0.0,7,1.0,0
31,10,13,0,1,0,6,0,0,3.9377519554085865,1,0,0,0,0,5,0.0,7,1.0,0
61,14,7,2,3,12,13,1,1,4.54545910038589,0,1,1,1,0,11,0.09090909090909091,9,1.0,1
88,38,8,0,1,1,15,0,3,4.550981110548785,0,1,1,1,0,13,0.23076923076923078,8,0.9230769230769231,1
34,13,14,0,1,0,6,0,0,4.043057694064253,0,0,0,0,0,5,0.0,9,1.0,0
94,36,8,2,3,1,16,0,4,4.4269963704959086,1,1,1,1,0,14,0.2857142857142857,8,1.0,1
56,41,8,2,3,0,9,0,3,4.405045546825804,0,0,0,0,0,8,0.375,9,1.0,1
56,15,8,2,3,13,13,1,0,4.445090169696792,0,1,1,1,0,11,0.0,7,1.0,1
36,14,14,0,1,0,6,0,0,3.9539684039196077,1,0,0,0,0,5,0.0,10,1.0,0
35,10,17,0,1,0,6,0,0,3.8645783739023827,1,0,0,0,0,5,0.0,8,1.0,0
47,10,13,0,1,2,10,0,0,4.256300553621172,1,0,0,0,0,9,0.0,7,1.0,0
87,35,8,0,1,1,15,0,3,4.511174144157327,0,1,1,1,0,13,0.23076923076923078,8,0.8461538461538461,1
39,12,19,0,1,0,7,0,0,4.019143808983936,1,0,0,0,0,6,0.0,8,1.0,0
80,34,7,2,3,1,16,0,3,4.39280082215992,0,1,1,1,0,14,0.21428571428571427,7,0.9285714285714286,1
54,9,17,0,1,3,11,0,0,4.445090169696792,1,0,0,0,0,10,0.0,8,0.9,0
82,36,7,2,3,1,16,0,4,4.43683739503966,0,1,1,1,0,14,0.2857142857142857,8,0.9285714285714286,1
54,14,7,2,3,12,13,1,1,4.443053603040051,0,1,1,1,0,11,0.09090909090909091,6,1.0,1
34,9,17,0,1,0,6,0,0,3.7999793850498294,1,0,0,0,0,5,0.0,8,1.0,0
84,37,8,2,3,1,16,0,4,4.494015419856198,0,1,1,1,0,14,0.2857142857142857,8,0.9285714285714286,1
76,23,7,0,1,3,14,0,4,4.5206981371056,0,1,1,1,0,12,0.3333333333333333,9,0.9166666666666666,1
36,10,18,0,1,0,6,0,0,3.687033946296363,1,0,0,0,0,5,0.0,8,0.8,0
53,39,7,2,3,0,9,0,3,4.481899699519657,0,0,0,0,0,8,0.375,8,1.0,1
43,11,8,0,1,3,9,0,0,4.344187428818822,0,0,0,0,0,8,0.0,7,1.0,0
42,27,8,0,1,2,7,0,3,4.368042422572716,0,0,0,0,0,6,0.5,8,1.0,1
39,10,5,0,1,3,9,0,0,4.348752859555048,0,0,0,0,0,8,0.0,6,1.0,0
52,13,7,2,3,11,13,1,1,4.494177320667443,0,1,1,1,0,11,0.09090909090909091,6,1.0,1
87,36,8,2,3,1,16,0,4,4.595802960626865,1,1,1,1,0,14,0.2857142857142857,9,0.9285714285714286,1
45,12,25,0,1,0,7,0,0,4.0117784533490575,1,0,0,0,0,6,0.0,8,1.0,0
42,28,7,0,1,2,7,0,2,4.0799503875701,0,0,0,0,0,6,0.5,8,0.8333333333333334,1
42,10,24,0,1,0,7,0,1,3.858897708638094,1,0,0,0,0,6,0.0,7,1.0,0
23,11,5,0,1,0,5,0,0,3.6753108689123644,0,0,0,0,0,4,0.0,7,1.0,0
48,10,13,0,1,3,10,0,1,4.3949746782469115,1,0,0,0,0,9,0.0,7,1.0,0
87,39,8,2,3,1,16,0,2,4.437356713281446,0,1,1,1,0,14,0.14285714285714285,8,0.9285714285714286,1
31,7,17,0,1,0,6,0,0,3.615171310247296,0,0,0,0,0,5,0.0,8,1.0,0
35,14,14,0,1,0,6,0,0,4.09314980247381,0,0,0,0,0,5,0.0,10,1.0,0
38,10,0,0,1,3,9,0,0,4.576617644908667,1,0,0,0,0,8,0.0,6,1.0,0
38,10,21,0,1,0,7,0,0,3.932817817363661,0,0,0,0,0,6,0.0,9,1.0,0
35,10,0,0,1,3,8,0,0,4.4575751596784805,1,0,0,0,0,7,0.0,6,1.0,0
57,14,7,2,3,12,13,1,1,4.467926423387794,0,1,1,1,0,11,0.09090909090909091,8,1.0,1
27,9,10,0,1,0,6,0,0,3.6437763910523584,1,0,0,0,0,5,0.0,5,1.0,0
53,10,18,0,1,3,11,0,0,4.296817219997834,1,0,0,0,0,10,0.0,7,1.0,0
54,38,8,2,3,0,9,0,4,4.251952030013997,1,0,0,0,0,8,0.5,9,1.0,1
43,10,5,0,1,3,10,0,0,4.3327868475241,1,0,0,0,0,9,0.0,6,1.0,0
40,11,21,0,1,0,7,0,1,3.7914460711655207,1,0,0,0,0,6,0.0,7,1.0,0
37,10,0,0,1,3,9,0,0,4.5199999871336285,0,0,0,0,0,8,0.0,6,1.0,0
55,41,7,2,3,0,9,0,4,4.438190568416891,0,0,0,0,0,8,0.5,8,1.0,1
41,10,23,0,1,0,7,0,0,3.945983639229615,1,0,0,0,0,6,0.0,9,1.0,0
36,11,18,0,1,0,6,0,0,3.6971597234241487,0,0,0,0,0,5,0.0,9,1.0,0
42,14,20,0,1,0,7,0,0,4.20483401847097,1,0,0,0,0,6,0.0,10,1.0,0
80,26,8,0,1,3,14,0,2,4.516504739735793,0,1,1,1,0,12,0.16666666666666666,8,0.9166666666666666,1
41,10,8,0,1,2,9,0,0,4.201842785465543,0,0,0,0,0,8,0.0,7,1.0,0
53,10,16,0,1,2,11,0,0,4.3253035408341916,1,0,0,0,0,10,0.0,7,0.9,0
48,34,7,0,1,0,8,0,2,4.183208073322318,0,0,0,0,0,7,0.42857142857142855,9,0.8571428571428571,1
30,10,13,0,1,0,6,0,0,3.7395722619867224,0,0,0,0,0,5,0.0,7,1.0,0
88,36,7,2,3,1,16,0,5,4.465305929685405,0,1,1,1,0,14,0.35714285714285715,8,0.8571428571428571,1
44,30,7,0,1,0,8,0,3,4.3736489479369025,0,0,0,0,0,7,0.42857142857142855,7,1.0,1
55,40,8,2,3,0,9,0,3,4.288393641916392,0,0,0,0,0,8,0.375,8,1.0,1
58,14,8,2,3,12,13,1,0,4.447730538353719,0,1,1,1,0,11,0.0,9,1.0,1
47,33,7,0,1,0,8,0,3,4.325345500383651,0,0,0,0,0,7,0.42857142857142855,7,1.0,1
35,14,13,0,1,0,6,0,0,4.050013373778756,1,0,0,0,0,5,0.0,10,1.0,0
50,36,7,0,1,0,8,0,4,4.408367439558377,0,0,0,0,0,7,0.5714285714285714,8,1.0,1
21,13,0,0,1,0,4,0,0,3.8801799226757367,1,0,0,0,0,3,0.0,9,1.0,0
86,37,7,2,3,1,16,0,3,4.6242280668856495,0,1,1,1,0,14,0.2857142857142857,8,0.8571428571428571,1
50,10,13,0,1,3,11,0,0,4.558562939644916,0,0,0,0,0,10,0.0,7,1.0,0
38,10,0,0,1,3,9,0,0,4.5041206053780485,1,0,0,0,0,8,0.0,6,1.0,0
46,32,7,0,1,0,8,0,4,4.257500413502067,0,0,0,0,0,7,0.5714285714285714,7,1.0,1
51,7,16,0,1,3,11,0,0,4.3544002253269145,1,0,0,0,0,10,0.0,7,0.9,0
52,37,8,2,3,0,9,0,3,4.1977673049215225,0,0,0,0,0,8,0.375,8,1.0,1
81,32,7,2,3,1,16,0,4,4.433872211305059,1,1,1,1,0,14,0.35714285714285715,9,0.8571428571428571,1
76,27,5,0,1,3,14,0,3,4.459141967349603,0,1,1,1,0,12,0.25,8,0.9166666666666666,1
53,13,7,2,3,11,13,1,1,4.457245568421751,0,1,1,1,0,11,0.09090909090909091,6,1.0,1
39,11,21,0,1,0,7,0,0,4.055295335502323,0,0,0,0,0,6,0.0,7,1.0,0
46,7,13,0,1,2,11,0,0,4.517808423307222,0,0,0,0,0,10,0.0,7,1.0,0
43,30,5,0,1,0,8,0,3,4.248841720211617,1,0,0,0,0,7,0.42857142857142855,7,1.0,1
40,11,22,0,1,0,7,0,0,3.825070520364181,0,0,0,0,0,6,0.0,9,0.8333333333333334,0
32,11,13,0,1,0,6,0,0,3.8514097655573916,1,0,0,0,0,5,0.0,7,1.0,0
87,36,7,0,1,1,15,0,4,4.512727737231332,1,1,1,1,0,13,0.3076923076923077,8,0.9230769230769231,1
39,14,0,0,1,3,8,0,0,4.458103180234289,1,0,0,0,0,7,0.0,10,1.0,0
43,9,26,0,1,0,7,0,0,3.941416581865718,1,0,0,0,0,6,0.0,9,1.0,0
38,23,8,0,1,2,7,0,1,4.253863368422076,0,0,0,0,0,6,0.16666666666666666,7,1.0,1
55,39,8,2,3,0,9,0,2,4.397014886480702,1,0,0,0,0,8,0.375,8,0.875,1
51,13,7,2,3,11,13,1,1,4.244925854752682,0,1,1,1,0,11,0.09090909090909091,6,1.0,1
34,10,16,0,1,0,6,0,1,3.785561002824151,1,0,0,0,0,5,0.0,7,0.8,0
51,9,14,0,1,3,11,0,0,4.478428224528731,1,0,0,0,0,10,0.0,8,1.0,0
53,38,8,2,3,0,9,0,4,4.330956303293241,0,0,0,0,0,8,0.5,9,1.0,1
50,37,5,0,1,0,8,0,3,4.32637013015618,1,0,0,0,0,7,0.42857142857142855,9,1.0,1
25,10,8,0,1,0,5,0,0,3.639079570624174,0,0,0,0,0,4,0.0,7,1.0,0
54,9,17,0,1,3,11,0,0,4.521013604328457,1,0,0,0,0,10,0.0,8,1.0,0
53,39,7,2,3,0,9,0,3,4.253600351027017,0,0,0,0,0,8,0.5,8,0.875,1
43,31,5,0,1,2,7,0,1,4.251164173004868,0,0,0,0,0,6,0.16666666666666666,7,1.0,1
34,9,0,0,1,3,8,0,0,4.219528282299547,1,0,0,0,0,7,0.0,5,1.0,0
30,10,13,0,1,0,6,0,0,3.773557262275185,0,0,0,0,0,5,0.0,7,1.0,0
56,42,7,2,3,0,9,0,2,4.264432993594961,0,0,0,0,0,8,0.375,9,0.875,1
47,14,8,0,1,3,9,0,0,4.3678986918730125,1,0,0,0,0,8,0.0,10,1.0,0
59,13,8,2,3,11,13,1,0,4.5454500495111585,0,1,1,1,0,11,0.0,9,1.0,1
39,10,21,0,1,0,7,0,0,3.884653744936846,1,0,0,0,0,6,0.0,7,1.0,0
50,10,13,0,1,2,11,0,1,4.414177320667444,1,0,0,0,0,10,0.0,7,1.0,0
85,35,8,2,3,1,16,0,4,4.581869701988143,0,1,1,1,0,14,0.2857142857142857,8,0.9285714285714286,1
77,26,8,0,1,3,14,0,2,4.50215261201098,1,1,1,1,0,12,0.16666666666666666,8,1.0,1
40,14,18,0,1,0,6,0,0,4.196439344671015,1,0,0,0,0,5,0.0,10,1.0,0
87,36,5,0,1,1,15,0,3,4.3084298361537785,1,1,1,1,0,13,0.3076923076923077,8,0.8461538461538461,1
89,35,8,2,3,1,16,0,4,4.480091128371621,1,1,1,1,0,14,0.2857142857142857,9,1.0,1
86,38,5,2,3,1,16,0,2,4.406791608475048,0,1,1,1,0,14,0.14285714285714285,8,0.9285714285714286,1
50,10,13,0,1,3,11,0,0,4.471272380112911,0,0,0,0,0,10,0.0,7,1.0,0
40,11,21,0,1,0,7,0,0,4.015957320949174,1,0,0,0,0,6,0.0,7,0.8333333333333334,0
35,10,17,0,1,0,6,0,0,3.747439360470672,1,0,0,0,0,5,0.0,8,1.0,0
62,12,22,0,1,3,12,0,0,4.486555690069278,1,0,0,0,0,11,0.0,8,1.0,0
35,10,17,0,1,0,6,0,1,3.7830140032660013,1,0,0,0,0,5,0.0,8,1.0,0
59,14,5,2,3,12,13,1,0,4.424457120524496,0,1,1,1,0,11,0.0,9,1.0,1
40,10,22,0,1,0,7,0,0,3.987326145256007,1,0,0,0,0,6,0.0,8,1.0,0
54,13,5,2,3,11,13,1,0,4.334371209686142,0,1,1,1,0,11,0.0,9,1.0,1
26,13,5,0,1,0,5,0,0,3.950063756436209,1,0,0,0,0,4,0.0,9,1.0,0
49,35,7,0,1,0,8,0,3,4.402789885232471,0,0,0,0,0,7,0.42857142857142855,9,1.0,1
58,14,8,2,3,12,13,1,0,4.303090083530328,0,1,1,1,0,11,0.0,8,1.0,1
79,28,8,0,1,3,14,0,2,4.128908262740712,1,1,1,1,0,12,0.3333333333333333,7,0.8333333333333334,1
48,10,13,0,1,3,10,0,0,4.389460876028362,1,0,0,0,0,9,0.0,7,1.0,0
31,10,13,0,1,0,6,0,1,3.824533406881911,1,0,0,0,0,5,0.0,7,1.0,0
55,13,5,2,3,11,13,1,0,4.456522756728216,0,1,1,1,0,11,0.0,8,1.0,1
90,40,7,2,3,1,16,0,4,4.184792455151321,1,1,1,1,0,14,0.2857142857142857,8,0.9285714285714286,1
56,13,5,2,3,11,13,1,0,4.379319447765434,0,1,1,1,0,11,0.0,9,1.0,1
35,14,13,0,1,0,6,0,0,4.022000516883152,1,0,0,0,0,5,0.0,10,1.0,0
26,10,8,0,1,0,5,0,0,3.7962176025900556,1,0,0,0,0,4,0.0,7,1.0,0
72,27,7,0,1,3,14,0,3,4.509281725284143,0,1,1,1,0,12,0.3333333333333333,8,0.8333333333333334,1
33,10,15,0,1,0,6,0,0,3.945464952495108,1,0,0,0,0,5,0.0,9,1.0,0
87,37,8,2,3,1,16,0,3,4.291703296721402,1,1,1,1,0,14,0.2857142857142857,8,0.9285714285714286,1
80,35,8,2,3,1,16,0,4,4.368978700740046,1,1,1,1,0,14,0.2857142857142857,8,1.0,1
54,10,17,0,1,2,11,0,0,4.451840687781982,1,0,0,0,0,10,0.0,8,1.0,0
56,13,16,0,1,3,11,0,0,4.469964690100799,0,0,0,0,0,10,0.0,9,1.0,0
39,10,22,0,1,0,7,0,0,3.843380912258979,0,0,0,0,0,6,0.0,8,1.0,0
39,11,0,0,1,3,9,0,0,4.438747090435226,1,0,0,0,0,8,0.0,7,1.0,0
53,37,8,0,1,0,8,0,4,4.277580427381723,1,0,0,0,0,7,0.5714285714285714,7,1.0,1
55,14,5,2,3,12,13,1,0,4.362249880834825,0,1,1,1,0,11,0.0,9,1.0,1
41,11,23,0,1,0,7,0,0,3.915615041721407,0,0,0,0,0,6,0.0,9,1.0,0
80,32,8,0,1,1,15,0,4,4.356740002760774,1,1,1,1,0,13,0.38461538461538464,7,0.9230769230769231,1
58,14,8,2,3,12,13,1,0,4.461210672320924,0,1,1,1,0,11,0.0,9,1.0,1
57,42,8,2,3,0,9,0,2,4.30158804021484,0,0,0,0,0,8,0.25,9,0.875,1
54,41,5,2,3,0,9,0,3,4.2076861128739385,1,0,0,0,0,8,0.375,7,1.0,1
50,34,8,0,1,0,8,0,3,4.2561746300696415,1,0,0,0,0,7,0.42857142857142855,8,1.0,1
42,27,8,0,1,2,7,0,2,4.3680424225727155,0,0,0,0,0,6,0.3333333333333333,9,1.0,1
49,13,8,0,1,3,10,0,0,4.494427130042125,1,0,0,0,0,9,0.0,9,1.0,0
89,41,7,2,3,1,16,0,5,4.28472949133312,0,1,1,1,0,14,0.35714285714285715,8,0.9285714285714286,1
84,33,8,0,1,1,15,0,3,4.369118164731976,0,1,1,1,0,13,0.23076923076923078,8,0.7692307692307693,1
57,13,8,2,3,11,13,1,0,4.5042900597514315,0,1,1,1,0,11,0.0,8,1.0,1
35,7,0,0,1,3,9,0,0,4.500711588373536,1,0,0,0,0,8,0.0,5,1.0,0
52,37,8,2,3,0,9,0,3,4.26768022844844,0,0,0,0,0,8,0.375,8,1.0,1
79,27,8,0,1,3,14,0,3,4.605329925215719,1,1,1,1,0,12,0.25,8,0.9166666666666666,1
87,40,5,2,3,1,16,0,3,4.355233772206787,0,1,1,1,0,14,0.21428571428571427,8,0.9285714285714286,1
43,27,8,0,1,2,7,0,2,4.228963744112236,1,0,0,0,0,6,0.3333333333333333,9,1.0,1
43,9,9,0,1,3,9,0,0,4.489877254551158,1,0,0,0,0,8,0.0,8,1.0,0
79,26,7,0,1,3,14,0,2,4.612447865561731,0,1,1,1,0,12,0.16666666666666666,8,0.9166666666666666,1
26,10,8,0,1,0,5,0,0,3.767183467891461,1,0,0,0,0,4,0.0,7,1.0,0
24,7,10,0,1,0,5,0,0,3.6258145836939115,0,0,0,0,0,4,0.0,9,1.0,0
62,13,24,0,1,3,11,0,1,4.392856151123204,1,0,0,0,0,10,0.0,9,1.0,0
35,9,18,0,1,0,6,0,0,3.761445788918474,1,0,0,0,0,5,0.0,8,0.8,0
22,9,5,0,1,0,5,0,0,3.6635327548042538,1,0,0,0,0,4,0.0,5,1.0,0
44,28,8,0,1,2,7,0,1,4.343081266847211,1,0,0,0,0,6,0.16666666666666666,8,1.0,1
40,11,21,0,1,0,7,0,1,4.131687083026441,1,0,0,0,0,6,0.0,7,1.0,0
44,7,9,0,1,3,10,0,0,4.555467129755083,1,0,0,0,0,9,0.0,8,1.0,0
52,11,14,0,1,2,11,0,0,4.382568083276077,1,0,0,0,0,10,0.0,7,1.0,0
74,25,7,0,1,3,14,0,3,4.380091370322615,0,1,1,1,0,12,0.3333333333333333,9,0.75,1
41,12,21,0,1,0,7,0,0,4.0251327245427015,1,0,0,0,0,6,0.0,8,1.0,0
75,26,5,0,1,3,14,0,2,4.203743745979585,0,1,1,1,0,12,0.16666666666666666,8,0.8333333333333334,1
73,27,7,0,1,3,14,0,3,4.502312092593018,0,1,1,1,0,12,0.3333333333333333,9,0.8333333333333334,1
54,13,13,0,1,3,11,0,0,4.527764122413647,1,0,0,0,0,10,0.0,9,1.0,0
28,11,10,0,1,0,5,0,0,3.699513850319966,0,0,0,0,0,4,0.0,9,1.0,0
27,11,8,0,1,0,5,0,0,3.884155094595805,1,0,0,0,0,4,0.0,7,1.0,0
38,10,20,0,1,0,6,0,0,3.747413039531641,1,0,0,0,0,5,0.0,9,0.8,0
36,14,14,0,1,0,6,0,0,4.218128820706467,1,0,0,0,0,5,0.0,10,1.0,0
75,26,8,0,1,3,14,0,2,4.6266309432847486,0,1,1,1,0,12,0.16666666666666666,8,0.9166666666666666,1
80,27,8,0,1,3,14,0,2,4.552395450566415,0,1,1,1,0,12,0.16666666666666666,9,0.8333333333333334,1
31,10,13,0,1,0,6,0,0,3.889049535914169,1,0,0,0,0,5,0.0,7,1.0,0
29,9,13,0,1,0,6,0,0,3.9093680639438846,0,0,0,0,0,5,0.0,7,1.0,0
42,27,8,0,1,2,7,0,2,4.451608494104311,0,0,0,0,0,6,0.3333333333333333,8,1.0,1
48,10,10,0,1,3,11,0,0,4.522055208874202,1,0,0,0,0,10,0.0,6,1.0,0
42,27,8,0,1,2,7,0,2,4.528873077386132,0,0,0,0,0,6,0.3333333333333333,8,1.0,1
74,28,7,0,1,3,14,0,3,4.436452779907942,0,1,1,1,0,12,0.3333333333333333,7,0.8333333333333334,1
78,24,7,0,1,3,14,0,4,4.47062932322036,1,1,1,1,0,12,0.3333333333333333,9,1.0,1
39,10,21,0,1,0,7,0,0,3.8401579117699334,1,0,0,0,0,6,0.0,7,1.0,0
74,28,7,0,1,3,14,0,3,4.669740717159745,0,1,1,1,0,12,0.25,8,0.9166666666666666,1
47,32,7,0,1,0,8,0,3,4.232483203009177,1,0,0,0,0,7,0.42857142857142855,8,1.0,1
55,40,8,2,3,0,9,0,3,4.403642667873434,0,0,0,0,0,8,0.375,8,1.0,1
31,10,13,0,1,0,6,0,0,3.824533406881911,1,0,0,0,0,5,0.0,7,1.0,0
33,11,15,0,1,0,6,0,0,3.8848588918890474,0,0,0,0,0,5,0.0,9,1.0,0
96,44,8,2,3,1,16,0,3,4.332002320944343,1,1,1,1,0,14,0.21428571428571427,9,0.8571428571428571,1
60,15,7,2,3,13,13,1,1,4.4868467290011855,0,1,1,1,0,11,0.09090909090909091,8,1.0,1
31,7,17,0,1,0,7,0,0,3.5875986337223496,0,0,0,0,0,6,0.0,5,0.8333333333333334,0
56,13,8,2,3,11,13,1,0,4.510086003110254,0,1,1,1,0,11,0.0,7,1.0,1
55,10,22,0,1,2,11,0,0,4.218662678941492,0,0,0,0,0,10,0.0,7,1.0,0
43,29,7,0,1,2,7,0,2,4.295353348118593,0,0,0,0,0,6,0.5,9,0.8333333333333334,1
40,10,22,0,1,0,7,0,0,3.856198332810094,1,0,0,0,0,6,0.0,7,0.8333333333333334,0
22,10,5,0,1,0,5,0,0,3.7887549139935026,0,0,0,0,0,4,0.0,6,1.0,0
28,10,10,0,1,0,6,0,0,3.9232517969803373,1,0,0,0,0,5,0.0,6,1.0,0
58,14,7,2,3,12,13,1,1,4.431719878492294,0,1,1,1,0,11,0.09090909090909091,8,1.0,1
52,12,5,2,3,10,13,1,0,4.173340441068115,0,1,1,1,0,11,0.0,8,1.0,1
80,34,5,0,1,1,15,0,4,4.552064276861763,1,1,1,1,0,13,0.3076923076923077,8,1.0,1
79,26,5,0,1,3,14,0,3,4.532177612738561,0,1,1,1,0,12,0.25,9,0.9166666666666666,1
37,7,23,0,1,0,7,0,0,4.0573130823021755,0,0,0,0,0,6,0.0,9,1.0,0
26,10,8,0,1,0,5,0,0,3.76718346789146,1,0,0,0,0,4,0.0,7,1.0,0
34,10,16,0,1,0,6,0,0,3.7999793850498294,1,0,0,0,0,5,0.0,7,1.0,0
57,11,22,0,1,3,11,0,1,4.4470353043456,0,0,0,0,0,10,0.0,8,1.0,0
62,14,8,2,3,12,13,1,1,4.467214922148455,0,1,1,1,0,11,0.09090909090909091,9,1.0,1
32,11,13,0,1,0,6,0,0,4.054229296672174,1,0,0,0,0,5,0.0,7,1.0,0
34,10,16,0,1,0,6,0,0,3.7015976801102295,1,0,0,0,0,5,0.0,7,0.8,0
22,9,6,0,1,0,5,0,0,3.6292196865240967,0,0,0,0,0,4,0.0,6,1.0,0
39,13,18,0,1,0,6,0,0,4.128494129663178,1,0,0,0,0,5,0.0,9,1.0,0
35,11,16,0,1,0,6,0,0,3.76429908806447,1,0,0,0,0,5,0.0,7,1.0,0
55,14,16,0,1,3,10,0,1,4.395199150660522,1,0,0,0,0,9,0.0,10,1.0,0
27,11,8,0,1,0,5,0,0,3.722505910277276,1,0,0,0,0,4,0.0,7,1.0,0
34,10,0,0,1,2,8,0,0,4.2339466645252255,1,0,0,0,0,7,0.0,6,1.0,0
51,10,16,0,1,3,10,0,0,4.3955740580741685,1,0,0,0,0,9,0.0,7,1.0,0
38,10,21,0,1,0,7,0,0,3.735192159355057,0,0,0,0,0,6,0.0,7,1.0,0
31,10,13,0,1,0,6,0,0,3.9377519554085865,1,0,0,0,0,5,0.0,7,1.0,0
23,10,5,0,1,0,5,0,0,3.816402716644387,1,0,0,0,0,4,0.0,6,1.0,0
75,25,7,0,1,3,14,0,3,4.478730512022693,0,1,1,1,0,12,0.3333333333333333,8,0.75,1
58,13,7,2,3,11,13,1,1,4.461210672320924,0,1,1,1,0,11,0.09090909090909091,8,1.0,1
28,7,13,0,1,0,6,0,0,3.824862957617356,1,0,0,0,0,5,0.0,7,1.0,0
61,10,23,0,1,3,12,0,0,4.446387543399207,1,0,0,0,0,11,0.0,9,1.0,0
45,33,5,0,1,0,8,0,3,4.205757474531292,0,0,0,0,0,7,0.42857142857142855,9,1.0,1
75,27,8,0,1,3,14,0,3,4.479581609229587,0,1,1,1,0,12,0.3333333333333333,9,0.8333333333333334,1
30,9,13,0,1,0,6,0,1,3.8980685120588383,1,0,0,0,0,5,0.0,7,1.0,0
29,13,8,0,1,0,5,0,0,3.883337460421007,1,0,0,0,0,4,0.0,9,1.0,0
27,11,9,0,1,0,5,0,0,3.9121138909722295,0,0,0,0,0,4,0.0,8,1.0,0
31,10,13,0,1,0,6,0,0,3.8732358263763285,1,0,0,0,0,5,0.0,7,1.0,0
80,35,7,0,1,1,15,0,4,4.398253302024054,0,1,1,1,0,13,0.3076923076923077,8,0.9230769230769231,1
90,37,8,2,3,1,16,0,3,4.498982688012055,1,1,1,1,0,14,0.21428571428571427,8,0.9285714285714286,1
85,34,5,2,3,1,16,0,4,4.3680812700798795,0,1,1,1,0,14,0.2857142857142857,7,0.9285714285714286,1
80,34,8,0,1,1,15,0,4,4.534856148588843,0,1,1,1,0,13,0.3076923076923077,8,0.9230769230769231,1
41,25,8,0,1,2,7,0,2,4.338663284842051,1,0,0,0,0,6,0.3333333333333333,7,1.0,1
64,11,25,0,1,3,12,0,1,4.502367633875558,1,0,0,0,0,11,0.0,8,1.0,0
56,10,18,0,1,3,12,0,0,4.345775075058243,1,0,0,0,0,11,0.0,7,0.9090909090909091,0
89,35,8,2,3,1,16,0,4,4.348543101258026,1,1,1,1,0,14,0.2857142857142857,8,1.0,1
72,28,8,0,1,3,14,0,2,4.3272977956961425,1,1,1,1,0,12,0.16666666666666666,7,1.0,1
88,41,5,2,3,1,16,0,2,4.477161162344172,0,1,1,1,0,14,0.14285714285714285,8,0.8571428571428571,1
43,28,8,0,1,2,7,0,2,4.0328659881696876,0,0,0,0,0,6,0.5,8,0.8333333333333334,1
29,10,11,0,1,0,6,0,0,3.9353986674667634,1,0,0,0,0,5,0.0,6,1.0,0
92,38,7,2,3,1,16,0,4,4.517365841440164,1,1,1,1,0,14,0.2857142857142857,9,1.0,1
57,13,7,2,3,11,13,1,1,4.518015287063494,0,1,1,1,0,11,0.09090909090909091,8,1.0,1
56,10,18,0,1,3,11,0,0,4.561382823650152,1,0,0,0,0,10,0.0,9,1.0,0
54,14,16,0,1,3,10,0,0,4.409902493217346,0,0,0,0,0,9,0.0,10,1.0,0
81,31,5,0,1,1,15,0,3,4.419375413485733,0,1,1,1,0,13,0.23076923076923078,9,0.8461538461538461,1
23,10,5,0,1,0,5,0,0,3.6096684774198886,1,0,0,0,0,4,0.0,6,1.0,0
39,10,21,0,1,0,7,0,0,3.9872178475009483,1,0,0,0,0,6,0.0,7,1.0,0
78,29,8,0,1,3,14,0,2,4.500427514095234,0,1,1,1,0,12,0.16666666666666666,8,0.8333333333333334,1
55,41,7,2,3,0,9,0,3,4.260473522765667,0,0,0,0,0,8,0.5,8,0.875,1
38,9,21,0,1,0,7,0,0,3.8301826981560265,1,0,0,0,0,6,0.0,7,1.0,0
80,37,7,2,3,1,16,0,3,4.379158027912753,0,1,1,1,0,14,0.35714285714285715,8,0.7142857142857143,1
84,39,5,2,3,1,16,0,2,4.385885458913305,0,1,1,1,0,14,0.14285714285714285,9,0.8571428571428571,1
58,14,8,2,3,12,13,1,0,4.532639243749496,0,1,1,1,0,11,0.0,9,1.0,1
75,27,7,0,1,3,14,0,3,4.518056065492239,0,1,1,1,0,12,0.25,8,0.9166666666666666,1
55,13,5,2,3,11,13,1,0,4.456522756728214,0,1,1,1,0,11,0.0,8,1.0,1
33,12,13,0,1,0,6,0,1,4.0060710131011685,1,0,0,0,0,5,0.0,8,1.0,0
43,7,8,0,1,3,10,0,0,4.454766207938903,1,0,0,0,0,9,0.0,7,1.0,0
82,25,7,0,1,3,14,0,3,4.565634426587138,0,1,1,1,0,12,0.25,8,0.9166666666666666,1
82,32,7,0,1,1,15,0,4,4.431723446049344,1,1,1,1,0,13,0.3076923076923077,7,1.0,1
32,9,16,0,1,0,6,0,0,3.866729296672175,0,0,0,0,0,5,0.0,7,1.0,0
84,36,7,2,3,1,16,0,4,4.4238770061426225,0,1,1,1,0,14,0.35714285714285715,8,0.8571428571428571,1
49,12,9,0,1,3,10,0,0,4.525238864824307,1,0,0,0,0,9,0.0,8,1.0,0
56,41,7,2,3,0,9,0,4,4.276129815595917,1,0,0,0,0,8,0.5,9,1.0,1
57,13,7,2,3,11,13,1,1,4.569919886559373,0,1,1,1,0,11,0.09090909090909091,8,1.0,1
60,11,21,0,1,3,12,0,0,4.423661954613669,1,0,0,0,0,11,0.0,7,1.0,0
52,37,7,2,3,0,9,0,4,4.305645006352999,1,0,0,0,0,8,0.5,8,1.0,1
44,7,12,0,1,3,10,0,0,4.305911448133582,1,0,0,0,0,9,0.0,5,0.8888888888888888,0
55,10,18,0,1,3,12,0,0,4.556194659247311,0,0,0,0,0,11,0.0,7,1.0,0
28,10,10,0,1,0,6,0,0,3.6995138503199656,1,0,0,0,0,5,0.0,6,1.0,0
83,37,8,2,3,1,16,0,3,4.439486849437236,0,1,1,1,0,14,0.21428571428571427,7,0.9285714285714286,1
42,9,5,0,1,3,10,0,0,4.2344795541337445,1,0,0,0,0,9,0.0,5,1.0,0
40,14,18,0,1,0,7,0,0,4.0061983328100945,1,0,0,0,0,6,0.0,10,1.0,0
36,13,15,0,1,0,7,0,0,4.062305474194334,1,0,0,0,0,6,0.0,9,1.0,0
81,31,8,0,1,1,15,0,3,4.44857378773422,1,1,1,1,0,13,0.23076923076923078,8,1.0,1
77,26,7,0,1,3,14,0,3,4.636817484945779,1,1,1,1,0,12,0.3333333333333333,8,0.9166666666666666,1
41,10,23,0,1,0,7,0,0,4.1411055904491265,1,0,0,0,0,6,0.0,9,1.0,0
54,10,16,0,1,3,11,0,0,4.3498078173314845,1,0,0,0,0,10,0.0,7,1.0,0
85,33,7,0,1,1,15,0,4,4.4011894318393505,0,1,1,1,0,13,0.38461538461538464,9,0.8461538461538461,1
32,9,16,0,1,0,6,0,0,3.5498008763572906,0,0,0,0,0,5,0.0,7,0.8,0
28,10,10,0,1,0,6,0,0,3.610577243331642,1,0,0,0,0,5,0.0,6,1.0,0
87,37,7,2,3,1,16,0,5,4.480997959687879,0,1,1,1,0,14,0.35714285714285715,8,0.9285714285714286,1
79,25,7,0,1,3,14,0,4,4.4868040728252705,0,1,1,1,0,12,0.3333333333333333,8,0.9166666666666666,1
26,10,8,0,1,0,5,0,1,3.8441065448145375,1,0,0,0,0,4,0.0,7,1.0,0
34,13,13,0,1,0,6,0,0,3.9590943713503313,1,0,0,0,0,5,0.0,9,1.0,0
39,13,18,0,1,0,7,0,0,4.067865207186247,1,0,0,0,0,6,0.0,9,1.0,0
22,9,5,0,1,0,5,0,0,3.754441845713344,1,0,0,0,0,4,0.0,5,1.0,0
60,14,7,2,3,12,13,1,1,4.522050935552332,0,1,1,1,0,11,0.09090909090909091,8,1.0,1
53,10,18,0,1,3,10,0,0,4.442279596310035,1,0,0,0,0,9,0.0,9,1.0,0
81,33,5,0,1,1,15,0,4,4.350895545963999,0,1,1,1,0,13,0.3076923076923077,8,0.9230769230769231,1
42,27,7,0,1,2,7,0,3,4.302449862997395,1,0,0,0,0,6,0.5,7,1.0,1
51,11,13,0,1,3,11,0,0,4.459203714894492,0,0,0,0,0,10,0.0,7,1.0,0
54,14,5,2,3,12,13,1,0,4.38064759346627,0,1,1,1,0,11,0.0,8,1.0,1
55,12,8,2,3,10,13,1,0,4.445388974354951,0,1,1,1,0,11,0.0,7,1.0,1
35,7,0,0,1,3,9,0,0,4.500711588373536,1,0,0,0,0,8,0.0,5,1.0,0
52,37,8,2,3,0,9,0,3,4.188031969793126,0,0,0,0,0,8,0.375,9,1.0,1
44,10,6,0,1,3,10,0,0,4.527169118440617,1,0,0,0,0,9,0.0,6,1.0,0
87,36,7,0,1,1,15,0,4,4.551397813440778,0,1,1,1,0,13,0.3076923076923077,8,0.9230769230769231,1
58,14,17,0,1,3,12,0,0,4.569548995934459,0,0,0,0,0,11,0.0,10,0.9090909090909091,0
40,9,23,0,1,0,7,0,0,3.8848295085032607,1,0,0,0,0,6,0.0,8,1.0,0
44,11,8,0,1,3,9,0,1,4.419103493391448,1,0,0,0,0,8,0.0,7,1.0,0
87,36,8,0,1,1,15,0,3,4.4925326654684214,1,1,1,1,0,13,0.23076923076923078,9,0.9230769230769231,1
40,12,0,0,1,3,9,0,0,4.443942707918269,1,0,0,0,0,8,0.0,8,1.0,0
84,34,8,2,3,1,16,0,4,4.403224646221365,1,1,1,1,0,14,0.2857142857142857,7,0.9285714285714286,1
82,38,5,2,3,1,16,0,3,4.440634426587138,1,1,1,1,0,14,0.21428571428571427,8,1.0,1
52,9,15,0,1,3,11,0,0,4.496032208850887,1,0,0,0,0,10,0.0,8,1.0,0
50,14,13,0,1,2,10,0,0,4.448367439558378,0,0,0,0,0,9,0.0,10,1.0,0
56,11,8,2,3,9,13,1,1,4.446939530254383,0,1,1,1,0,11,0.09090909090909091,8,1.0,1
26,11,8,0,1,0,5,0,0,3.9500637564362093,0,0,0,0,0,4,0.0,7,1.0,0
52,38,7,2,3,0,9,0,4,4.291127939003702,0,0,0,0,0,8,0.5,7,1.0,1
42,26,8,0,1,2,7,0,2,4.481254029767085,1,0,0,0,0,6,0.3333333333333333,9,1.0,1
38,10,20,0,1,0,7,0,0,3.985449396311029,1,0,0,0,0,6,0.0,9,0.8333333333333334,0
41,13,20,0,1,0,6,0,0,4.1291488832375896,1,0,0,0,0,5,0.0,9,0.8,0
23,7,8,0,1,0,5,0,0,3.4472624994412104,1,0,0,0,0,4,0.0,7,1.0,0
32,10,15,0,1,0,6,0,0,3.8667292966721747,0,0,0,0,0,5,0.0,9,1.0,0
33,11,14,0,1,0,6,0,0,4.028946391954607,1,0,0,0,0,5,0.0,7,1.0,0
55,13,7,2,3,11,13,1,1,4.404543747253432,0,1,1,1,0,11,0.09090909090909091,8,1.0,1
34,9,17,0,1,0,6,0,0,3.782623783115037,1,0,0,0,0,5,0.0,8,1.0,0
56,14,7,2,3,12,13,1,1,4.602316558505553,0,1,1,1,0,11,0.09090909090909091,6,1.0,1
57,13,7,2,3,11,13,1,1,4.32247187793325,0,1,1,1,0,11,0.09090909090909091,8,0.9090909090909091,1
57,13,7,2,3,11,13,1,1,4.358835514296886,0,1,1,1,0,11,0.09090909090909091,8,1.0,1
51,36,8,0,1,0,8,0,3,4.149901018603956,0,0,0,0,0,7,0.42857142857142855,9,1.0,1
40,10,22,0,1,0,7,0,0,4.118453957701921,1,0,0,0,0,6,0.0,8,1.0,0
37,10,19,0,1,0,7,0,0,3.9696073391174043,1,0,0,0,0,6,0.0,7,1.0,0
53,41,5,2,3,0,9,0,3,4.26595925729218,0,0,0,0,0,8,0.375,8,1.0,1
56,10,21,0,1,3,11,0,0,4.4529179322011,1,0,0,0,0,10,0.0,9,1.0,0
87,38,7,2,3,1,16,0,4,4.4210734428666925,1,1,1,1,0,14,0.35714285714285715,9,0.9285714285714286,1
37,10,0,0,1,2,9,0,0,4.303783770917412,1,0,0,0,0,8,0.0,6,1.0,0
33,9,16,0,1,0,6,0,0,3.7526004683557055,1,0,0,0,0,5,0.0,7,1.0,0
59,14,8,2,3,12,13,1,0,4.413699610838756,0,1,1,1,0,11,0.0,8,1.0,1
35,11,17,0,1,0,6,0,1,4.057575159678481,0,0,0,0,0,5,0.0,8,1.0,0
59,14,8,2,3,12,13,1,0,4.3135328398817965,0,1,1,1,0,11,0.0,8,1.0,1
81,33,5,0,1,1,15,0,4,4.564246849410496,1,1,1,1,0,13,0.3076923076923077,8,1.0,1
32,10,14,0,1,0,6,0,0,3.952819531114783,1,0,0,0,0,5,0.0,8,1.0,0
20,7,5,0,1,0,5,0,0,3.5464393446710147,1,0,0,0,0,4,0.0,5,1.0,0
57,10,19,0,1,3,12,0,0,4.411947585047354,1,0,0,0,0,11,0.0,8,1.0,0
32,11,13,0,1,0,6,0,1,4.101409765557392,1,0,0,0,0,5,0.0,7,1.0,0
75,27,8,0,1,3,14,0,2,4.42358213463964,0,1,1,1,0,12,0.16666666666666666,8,0.9166666666666666,1
46,32,7,0,1,2,7,0,3,4.251185325340039,0,0,0,0,0,6,0.5,9,1.0,1
22,9,5,0,1,0,5,0,0,3.5160276412662297,1,0,0,0,0,4,0.0,5,1.0,0
24,12,5,0,1,0,5,0,0,3.8035088547976788,0,0,0,0,0,4,0.0,8,1.0,0
28,10,10,0,1,0,6,0,0,3.8518232255517657,1,0,0,0,0,5,0.0,6,1.0,0
87,38,8,2,3,1,16,0,4,4.456597560615561,0,1,1,1,0,14,0.2857142857142857,8,0.8571428571428571,1
32,7,17,0,1,0,6,0,0,3.8042292966721747,1,0,0,0,0,5,0.0,8,1.0,0
43,10,5,0,1,3,10,0,0,4.443365626644181,1,0,0,0,0,9,0.0,6,1.0,0
39,10,21,0,1,0,7,0,1,3.8820930918571053,1,0,0,0,0,6,0.0,7,1.0,0
37,10,0,0,1,3,9,0,0,4.283381405994075,0,0,0,0,0,8,0.0,6,1.0,0
32,9,0,0,1,1,8,0,0,4.125,1,0,0,0,0,7,0.0,6,1.0,0
42,11,23,0,1,0,7,0,0,4.150913482602149,1,0,0,0,0,6,0.0,9,1.0,0
40,26,7,0,1,2,7,0,3,4.3275671571169285,0,0,0,0,0,6,0.5,6,1.0,1
47,33,7,0,1,0,8,0,4,4.333651022204145,0,0,0,0,0,7,0.5714285714285714,8,1.0,1
27,10,10,0,1,0,5,0,0,3.708048150071232,0,0,0,0,0,4,0.0,9,1.0,0
51,10,13,0,1,3,11,0,1,4.451549606550117,1,0,0,0,0,10,0.0,7,1.0,0
42,10,5,0,1,2,10,0,0,4.433634982148036,1,0,0,0,0,9,0.0,6,1.0,0
58,12,18,0,1,3,12,0,0,4.494298513579281,1,0,0,0,0,11,0.0,8,0.9090909090909091,0
83,30,7,0,1,3,14,0,3,4.4420379730958395,0,1,1,1,0,12,0.25,9,0.8333333333333334,1
37,12,0,0,1,3,8,0,0,4.378240189894804,1,0,0,0,0,7,0.0,8,1.0,0
76,25,7,0,1,3,14,0,3,4.433464473702439,1,1,1,1,0,12,0.25,8,1.0,1
91,39,5,2,3,1,16,0,3,4.387188528786944,1,1,1,1,0,14,0.21428571428571427,9,1.0,1
43,7,11,0,1,3,10,0,0,4.408254580031926,1,0,0,0,0,9,0.0,5,1.0,0
80,32,7,0,1,1,15,0,4,4.36033839939531,0,1,1,1,0,13,0.3076923076923077,7,0.7692307692307693,1
78,31,7,0,1,1,15,0,3,4.497155802575669,1,1,1,1,0,13,0.3076923076923077,9,0.9230769230769231,1
40,10,5,0,1,3,9,0,0,4.196439344671015,1,0,0,0,0,8,0.0,6,1.0,0
47,11,8,0,1,3,10,0,0,4.564603213103578,1,0,0,0,0,9,0.0,7,1.0,0
54,13,13,0,1,3,11,0,1,4.423881891405558,1,0,0,0,0,10,0.0,9,1.0,0
31,10,13,0,1,0,6,0,0,3.80871969734407,1,0,0,0,0,5,0.0,7,1.0,0
38,11,19,0,1,0,6,0,0,3.9026797376866447,1,0,0,0,0,5,0.0,9,1.0,0
51,12,11,0,1,3,11,0,0,4.578808920190765,1,0,0,0,0,10,0.0,8,1.0,0
48,36,5,2,3,0,9,0,3,4.130994793599888,0,0,0,0,0,8,0.375,8,1.0,1
56,41,8,2,3,0,9,0,3,4.175210450338717,0,0,0,0,0,8,0.375,9,1.0,1
54,39,8,2,3,0,9,0,2,4.298791382106234,0,0,0,0,0,8,0.25,8,0.875,1
54,9,17,0,1,3,11,0,0,4.440189012169193,1,0,0,0,0,10,0.0,8,1.0,0
19,11,0,0,1,0,4,0,0,3.6818808028034016,1,0,0,0,0,3,0.0,7,1.0,0
32,12,13,0,1,0,6,0,0,3.890319531114783,0,0,0,0,0,5,0.0,8,1.0,0
85,39,7,2,3,1,16,0,4,4.588054190927627,0,1,1,1,0,14,0.2857142857142857,8,0.9285714285714286,1
38,12,0,0,1,2,9,0,0,4.323732369265592,0,0,0,0,0,8,0.0,8,1.0,0
93,41,8,2,3,1,16,0,4,4.52023396502707,0,1,1,1,0,14,0.2857142857142857,8,0.9285714285714286,1
56,13,7,2,3,11,13,1,1,4.59323831784494,0,1,1,1,0,11,0.09090909090909091,8,1.0,1
77,27,7,0,1,3,14,0,4,4.454703356816393,0,1,1,1,0,12,0.3333333333333333,8,0.9166666666666666,1
51,10,14,0,1,2,11,0,0,4.515179263370441,1,0,0,0,0,10,0.0,8,1.0,0
39,13,18,0,1,0,7,0,0,4.089781950065051,1,0,0,0,0,6,0.0,9,1.0,0
30,10,13,0,1,0,6,0,1,3.8565647621309544,0,0,0,0,0,5,0.0,7,1.0,0
57,14,7,2,3,12,13,1,1,4.531740514375557,0,1,1,1,0,11,0.09090909090909091,8,1.0,1
31,10,13,0,1,0,6,0,0,3.6638737297417134,1,0,0,0,0,5,0.0,7,1.0,0
47,12,8,0,1,3,10,0,0,4.477372032888474,0,0,0,0,0,9,0.0,8,1.0,0
45,11,11,0,1,1,10,0,0,4.252421151644845,1,0,0,0,0,9,0.0,7,1.0,0
43,31,5,0,1,2,7,0,2,4.1405853938847885,0,0,0,0,0,6,0.3333333333333333,9,1.0,1
38,13,18,0,1,0,7,0,0,4.0407090139455,0,0,0,0,0,6,0.0,9,1.0,0
84,38,7,2,3,1,16,0,4,4.5415780360743705,1,1,1,1,0,14,0.35714285714285715,9,0.8571428571428571,1
61,10,26,0,1,3,11,0,1,4.42502469113724,1,0,0,0,0,10,0.0,9,1.0,0
50,10,13,0,1,2,11,0,0,4.43127238011291,1,0,0,0,0,10,0.0,7,1.0,0
57,15,7,2,3,13,13,1,1,4.55437892342713,0,1,1,1,0,11,0.09090909090909091,8,1.0,1
42,27,8,0,1,2,7,0,2,4.379714446279219,0,0,0,0,0,6,0.3333333333333333,7,1.0,1
42,30,5,0,1,0,8,0,3,4.01435782799478,0,0,0,0,0,7,0.42857142857142855,6,1.0,1
39,10,21,0,1,0,7,0,0,3.5614203373269366,1,0,0,0,0,6,0.0,7,0.8333333333333334,0
83,37,8,2,3,1,16,0,5,4.471463274940728,1,1,1,1,0,14,0.35714285714285715,8,0.9285714285714286,1
50,35,8,0,1,0,8,0,2,4.136691261048899,0,0,0,0,0,7,0.2857142857142857,9,0.8571428571428571,1
75,29,7,0,1,3,14,0,2,4.740640313101649,0,1,1,1,0,12,0.16666666666666666,9,0.9166666666666666,1
61,14,7,2,3,12,13,1,1,4.500850041983357,0,1,1,1,0,11,0.09090909090909091,9,1.0,1
86,34,7,0,1,1,15,0,3,4.3153949893873556,0,1,1,1,0,13,0.38461538461538464,8,0.7692307692307693,1
40,12,0,0,1,3,9,0,0,4.503055907333276,1,0,0,0,0,8,0.0,8,1.0,0
52,11,8,2,3,9,13,1,0,4.454177320667443,0,1,1,1,0,11,0.0,7,1.0,1
39,11,0,0,1,3,9,0,0,4.458103180234289,1,0,0,0,0,8,0.0,7,1.0,0
48,33,8,0,1,0,8,0,3,4.1811275426950285,0,0,0,0,0,7,0.42857142857142855,7,1.0,1
84,37,5,2,3,1,16,0,4,4.527611608906972,0,1,1,1,0,14,0.2857142857142857,8,0.9285714285714286,1
45,7,10,0,1,3,10,0,0,4.563532262755954,1,0,0,0,0,9,0.0,9,1.0,0
51,10,14,0,1,3,11,0,1,4.421946175092725,0,0,0,0,0,10,0.0,7,1.0,0
45,30,8,0,1,0,8,0,4,4.188982196705437,0,0,0,0,0,7,0.5714285714285714,7,1.0,1
36,10,18,0,1,0,6,0,1,4.027719015921097,1,0,0,0,0,5,0.0,9,1.0,0
23,10,5,0,1,0,5,0,0,3.6424896731661263,1,0,0,0,0,4,0.0,6,1.0,0
23,10,5,0,1,0,5,0,0,3.7950885863977324,1,0,0,0,0,4,0.0,6,1.0,0
55,14,13,0,1,3,11,0,0,4.4990083496522795,1,0,0,0,0,10,0.0,10,1.0,0
81,33,7,2,3,1,16,0,4,4.3305203500850515,0,1,1,1,0,14,0.35714285714285715,9,0.8571428571428571,1
50,36,7,0,1,0,8,0,3,4.353269689515108,0,0,0,0,0,7,0.5714285714285714,8,0.8571428571428571,1
32,7,0,0,1,3,8,0,0,4.3125,1,0,0,0,0,7,0.0,5,1.0,0
54,10,16,0,1,3,11,0,0,4.425731251963148,1,0,0,0,0,10,0.0,7,0.9,0
48,13,10,0,1,3,10,0,0,4.371115365169272,1,0,0,0,0,9,0.0,9,1.0,0
73,26,8,0,1,3,14,0,3,4.531887662594565,1,1,1,1,0,12,0.25,7,1.0,1
33,11,15,0,1,0,6,0,0,3.8471282101364253,0,0,0,0,0,5,0.0,9,1.0,0
45,10,10,0,1,3,10,0,0,4.23564587381899,1,0,0,0,0,9,0.0,6,1.0,0
56,10,18,0,1,3,11,0,1,4.541393261529371,1,0,0,0,0,10,0.0,9,1.0,0
49,34,8,2,3,0,9,0,3,4.486460609112263,0,0,0,0,0,8,0.375,7,1.0,1
32,11,13,0,1,0,6,0,0,3.9139097655573916,1,0,0,0,0,5,0.0,7,1.0,0
46,10,8,0,1,3,10,0,0,4.484987227560983,1,0,0,0,0,9,0.0,7,1.0,0
41,28,5,0,1,2,7,0,2,4.33866328484205,1,0,0,0,0,6,0.3333333333333333,8,1.0,1
53,10,18,0,1,3,10,0,0,4.494258605784819,1,0,0,0,0,9,0.0,8,0.8888888888888888,0
56,13,8,2,3,11,13,1,0,4.593238317844942,0,1,1,1,0,11,0.0,8,1.0,1
32,10,14,0,1,0,6,0,0,3.840018266288633,1,0,0,0,0,5,0.0,7,1.0,0
40,10,23,0,1,0,7,0,0,3.9750705203641803,0,0,0,0,0,6,0.0,9,1.0,0
27,11,8,0,1,0,5,0,0,3.8561962982193805,1,0,0,0,0,4,0.0,7,1.0,0
54,13,7,2,3,11,13,1,1,4.320658834259276,0,1,1,1,0,11,0.09090909090909091,8,1.0,1
81,34,7,2,3,1,16,0,3,4.375682331027715,0,1,1,1,0,14,0.21428571428571427,7,0.8571428571428571,1
39,12,19,0,1,0,7,0,0,4.14785021946224,1,0,0,0,0,6,0.0,8,1.0,0
86,34,8,2,3,1,16,0,2,4.466548156197118,0,1,1,1,0,14,0.14285714285714285,9,0.8571428571428571,1
54,10,16,0,1,3,11,0,1,4.43111077150858,1,0,0,0,0,10,0.0,7,1.0,0
48,10,10,0,1,3,11,0,0,4.438721875540868,1,0,0,0,0,10,0.0,6,1.0,0
25,9,8,0,1,0,5,0,0,3.6732696895151076,1,0,0,0,0,4,0.0,7,1.0,0
29,11,10,0,1,0,5,0,0,4.064203408622267,1,0,0,0,0,4,0.0,9,1.0,0
55,14,8,2,3,12,13,1,1,4.381051058615006,0,1,1,1,0,11,0.09090909090909091,7,1.0,1
48,10,10,0,1,3,11,0,0,4.480388542207535,1,0,0,0,0,10,0.0,6,1.0,0
41,10,6,0,1,3,9,0,0,4.424267553240269,1,0,0,0,0,8,0.0,6,1.0,0
42,7,27,0,1,0,7,0,0,3.9580595428376295,1,0,0,0,0,6,0.0,9,1.0,0
84,37,8,2,3,1,16,0,4,4.392519273555784,0,1,1,1,0,14,0.35714285714285715,9,0.8571428571428571,1
82,32,8,0,1,1,15,0,4,4.539386108210763,0,1,1,1,0,13,0.3076923076923077,9,0.9230769230769231,1
35,10,18,0,1,0,7,0,0,3.8373035612628614,0,0,0,0,0,6,0.0,7,1.0,0
46,10,8,0,1,3,10,0,0,4.379449119468085,1,0,0,0,0,9,0.0,7,1.0,0
59,14,8,2,3,12,13,1,1,4.332437603018592,0,1,1,1,0,11,0.09090909090909091,8,1.0,1
53,13,5,2,3,11,13,1,0,4.191527549121881,0,1,1,1,0,11,0.0,8,1.0,1
28,10,10,0,1,0,6,0,0,3.699513850319965,1,0,0,0,0,5,0.0,6,0.8,0
29,9,13,0,1,0,6,0,0,3.9093680639438846,0,0,0,0,0,5,0.0,7,1.0,0
56,14,5,2,3,12,13,1,0,4.595087678402532,0,1,1,1,0,11,0.0,8,1.0,1
51,37,7,2,3,0,9,0,2,4.235479998537294,0,0,0,0,0,8,0.375,9,0.875,1
40,10,22,0,1,0,7,0,0,3.8373261452560072,1,0,0,0,0,6,0.0,7,1.0,0
43,10,5,0,1,3,10,0,0,4.547789463752856,1,0,0,0,0,9,0.0,6,1.0,0
34,7,19,0,1,0,7,0,0,3.713078842626793,1,0,0,0,0,6,0.0,7,1.0,0
57,11,18,0,1,3,11,0,0,4.538601636781979,1,0,0,0,0,10,0.0,9,1.0,0
53,13,5,2,3,11,13,1,0,4.444401999165797,0,1,1,1,0,11,0.0,6,1.0,1
40,25,8,0,1,2,7,0,2,4.434183719779188,0,0,0,0,0,6,0.3333333333333333,8,1.0,1
33,10,15,0,1,0,6,0,0,3.858957286668643,1,0,0,0,0,5,0.0,8,1.0,0
48,10,13,0,1,3,10,0,0,4.363521032323435,1,0,0,0,0,9,0.0,7,1.0,0
79,28,7,0,1,3,14,0,4,4.388766734881963,0,1,1,1,0,12,0.3333333333333333,9,0.9166666666666666,1
38,14,0,0,1,3,8,0,0,4.45148902643068,0,0,0,0,0,7,0.0,10,1.0,0
38,23,8,0,1,2,7,0,2,4.135699552746469,0,0,0,0,0,6,0.3333333333333333,7,1.0,1
77,25,8,0,1,3,14,0,3,4.491779610831411,0,1,1,1,0,12,0.25,8,0.9166666666666666,1
36,12,16,0,1,0,6,0,0,3.947702779220089,1,0,0,0,0,5,0.0,8,1.0,0
54,13,13,0,1,3,11,0,0,4.43296013206617,1,0,0,0,0,10,0.0,9,1.0,0
73,29,7,0,1,3,14,0,2,4.621165077068333,0,1,1,1,0,12,0.25,9,0.8333333333333334,1
75,31,5,0,1,1,15,0,4,4.462725928268846,0,1,1,1,0,13,0.3076923076923077,7,0.9230769230769231,1
40,10,22,0,1,0,7,0,1,3.847085133395087,1,0,0,0,0,6,0.0,7,0.8333333333333334,0
77,28,8,0,1,3,14,0,2,4.251258277267309,0,1,1,1,0,12,0.3333333333333333,9,0.75,1
53,38,8,0,1,0,8,0,2,4.338321577360471,0,0,0,0,0,7,0.2857142857142857,8,0.8571428571428571,1
50,37,5,2,3,0,9,0,3,4.378171939471838,1,0,0,0,0,8,0.375,8,1.0,1
43,13,5,0,1,3,9,0,0,4.454766207938903,1,0,0,0,0,8,0.0,9,1.0,0
78,30,5,0,1,1,15,0,3,4.206710159918124,0,1,1,1,0,13,0.3076923076923077,8,0.8461538461538461,1
51,36,8,2,3,0,9,0,2,4.144657754502994,0,0,0,0,0,8,0.25,7,1.0,1
56,10,18,0,1,3,11,0,0,4.530394654123196,1,0,0,0,0,10,0.0,8,0.9,0
59,14,8,2,3,12,13,1,0,4.5569416641085905,0,1,1,1,0,11,0.0,8,1.0,1
35,10,17,0,1,0,6,0,0,4.014438730983426,1,0,0,0,0,5,0.0,8,1.0,0
39,7,24,0,1,0,7,0,1,3.9627404515424045,1,0,0,0,0,6,0.0,7,1.0,0
37,9,0,0,1,3,9,0,0,4.3374354600481295,1,0,0,0,0,8,0.0,5,1.0,0
35,10,17,0,1,0,6,0,1,3.932874360347045,1,0,0,0,0,5,0.0,8,1.0,0
51,7,16,0,1,3,11,0,0,4.470774116184354,1,0,0,0,0,10,0.0,9,1.0,0
39,14,17,0,1,0,6,0,0,3.9208052714552326,1,0,0,0,0,5,0.0,10,1.0,0
31,7,16,0,1,0,6,0,1,3.824533406881911,1,0,0,0,0,5,0.0,7,1.0,0
60,14,7,2,3,12,13,1,1,4.5927382712438805,0,1,1,1,0,11,0.09090909090909091,8,1.0,1
52,37,7,2,3,0,9,0,4,4.474008227548452,1,0,0,0,0,8,0.5,8,1.0,1
86,35,8,0,1,1,15,0,2,4.338206262731328,0,1,1,1,0,13,0.15384615384615385,7,0.7692307692307693,1
52,37,7,2,3,0,9,0,4,4.402671574768707,1,0,0,0,0,8,0.5,8,1.0,1
42,9,5,0,1,3,10,0,0,4.368042422572716,1,0,0,0,0,9,0.0,5,1.0,0
44,30,7,0,1,2,7,0,2,4.2998963911678905,0,0,0,0,0,6,0.5,9,0.8333333333333334,1
41,10,23,0,1,0,7,0,0,3.939528456144483,1,0,0,0,0,6,0.0,9,1.0,0
76,30,8,0,1,3,14,0,3,4.588436514572177,0,1,1,1,0,12,0.25,8,0.9166666666666666,1
46,34,5,0,1,0,8,0,3,4.1727148802435865,0,0,0,0,0,7,0.42857142857142855,8,1.0,1
28,7,13,0,1,0,6,0,0,3.508621780036165,1,0,0,0,0,5,0.0,7,1.0,0
39,25,7,0,1,2,7,0,3,4.2849009365890725,0,0,0,0,0,6,0.5,7,1.0,1
82,37,5,2,3,1,16,0,4,4.451641733102591,1,1,1,1,0,14,0.2857142857142857,8,1.0,1
48,10,10,0,1,3,11,0,0,4.365601562950724,1,0,0,0,0,10,0.0,6,1.0,0
35,11,16,0,1,0,6,0,0,3.8045822176135284,1,0,0,0,0,5,0.0,9,1.0,0
59,14,20,0,1,3,10,0,0,4.516046600495895,1,0,0,0,0,9,0.0,10,0.8888888888888888,0
56,13,8,2,3,11,13,1,1,4.453393521839508,0,1,1,1,0,11,0.09090909090909091,7,1.0,1
48,7,13,0,1,3,11,0,1,4.422995052579129,1,0,0,0,0,10,0.0,7,1.0,0
31,10,14,0,1,0,6,0,0,3.9621031651557947,0,0,0,0,0,5,0.0,7,1.0,0
87,41,8,2,3,1,16,0,5,4.426044613063678,0,1,1,1,0,14,0.35714285714285715,9,0.9285714285714286,1
43,12,23,0,1,0,7,0,0,4.118384964992156,1,0,0,0,0,6,0.0,9,1.0,0
27,7,13,0,1,0,6,0,0,3.8100810205217317,0,0,0,0,0,5,0.0,7,1.0,0
88,35,8,0,1,1,15,0,2,4.434215482874757,0,1,1,1,0,13,0.15384615384615385,8,0.8461538461538461,1
75,27,5,0,1,3,14,0,2,4.627645106588131,0,1,1,1,0,12,0.16666666666666666,8,0.9166666666666666,1
54,13,5,2,3,11,13,1,0,4.454845488657111,0,1,1,1,0,11,0.0,9,1.0,1
52,12,8,2,3,10,13,1,0,4.491663380285988,0,1,1,1,0,11,0.0,7,1.0,1
79,30,7,0,1,3,14,0,4,4.483666736199476,0,1,1,1,0,12,0.3333333333333333,9,0.9166666666666666,1
40,25,7,0,1,2,7,0,3,4.3653115322251015,1,0,0,0,0,6,0.5,8,1.0,1
51,36,8,2,3,0,9,0,2,4.277160332244605,0,0,0,0,0,8,0.25,7,1.0,1
89,37,8,2,3,1,16,0,4,4.381571944544642,0,1,1,1,0,14,0.2857142857142857,7,0.9285714285714286,1
51,10,16,0,1,3,11,0,0,4.442443852693055,1,0,0,0,0,10,0.0,6,0.9,0
52,14,5,2,3,12,13,1,0,4.338633691197924,0,1,1,1,0,11,0.0,6,1.0,1
31,10,13,0,1,0,6,0,1,3.9134007456613773,1,0,0,0,0,5,0.0,7,1.0,0
49,33,8,0,1,0,8,0,4,4.369412905163088,1,0,0,0,0,7,0.5714285714285714,8,1.0,1
84,34,8,0,1,1,15,0,4,4.441614780250455,0,1,1,1,0,13,0.38461538461538464,9,0.7692307692307693,1
38,10,20,0,1,0,7,0,0,4.0407090139454995,1,0,0,0,0,6,0.0,9,1.0,0
34,9,17,0,1,0,6,0,0,3.9957153271690524,1,0,0,0,0,5,0.0,8,1.0,0
35,9,0,0,1,2,9,0,0,4.329283016944965,0,0,0,0,0,8,0.0,6,1.0,0
28,9,11,0,1,0,6,0,0,3.896291529045928,1,0,0,0,0,5,0.0,5,1.0,0
85,33,8,0,1,1,15,0,3,4.319805245066298,0,1,1,1,0,13,0.23076923076923078,8,0.8461538461538461,1
91,39,8,0,1,1,15,0,2,4.3104818521157675,0,1,1,1,0,13,0.15384615384615385,9,0.7692307692307693,1
41,26,7,0,1,2,7,0,2,4.1315846264110005,1,0,0,0,0,6,0.5,6,0.8333333333333334,1
43,28,7,0,1,2,7,0,3,4.4173327085333955,1,0,0,0,0,6,0.5,8,1.0,1
34,11,15,0,1,0,6,0,0,3.925410635240724,1,0,0,0,0,5,0.0,9,1.0,0
55,40,7,2,3,0,9,0,4,4.2812961959970615,1,0,0,0,0,8,0.5,7,1.0,1
83,33,7,0,1,1,15,0,5,4.35382504682761,0,1,1,1,0,13,0.38461538461538464,8,0.9230769230769231,1
57,10,23,0,1,2,11,0,0,4.482123023643846,1,0,0,0,0,10,0.0,9,1.0,0
75,31,8,0,1,1,15,0,3,4.271098308560084,0,1,1,1,0,13,0.23076923076923078,7,0.9230769230769231,1
34,10,17,0,1,0,6,0,0,3.9842341646524884,0,0,0,0,0,5,0.0,8,1.0,0
28,9,11,0,1,0,6,0,0,3.869331261111518,1,0,0,0,0,5,0.0,6,1.0,0
53,38,8,2,3,0,9,0,4,4.2108708697724815,0,0,0,0,0,8,0.5,7,1.0,1
41,9,24,0,1,0,7,0,1,3.9530688600943305,1,0,0,0,0,6,0.0,7,1.0,0
36,7,5,0,1,3,9,0,0,4.329239931817577,0,0,0,0,0,8,0.0,4,1.0,0
68,14,26,0,1,3,12,0,0,4.534184768562374,1,0,0,0,0,11,0.0,10,0.9090909090909091,0
27,11,8,0,1,0,5,0,1,4.032303242743954,1,0,0,0,0,4,0.0,7,1.0,0
38,10,0,0,1,3,9,0,0,4.431623565847432,1,0,0,0,0,8,0.0,6,1.0,0
50,9,13,0,1,3,11,0,0,4.423465189601647,1,0,0,0,0,10,0.0,7,1.0,0
24,11,5,0,1,0,5,0,0,3.772055208874201,1,0,0,0,0,4,0.0,7,1.0,0
47,10,13,0,1,3,10,0,0,4.238114320168548,0,0,0,0,0,9,0.0,7,1.0,0
35,10,18,0,1,0,6,0,0,3.857016588002657,0,0,0,0,0,5,0.0,9,1.0,0
26,10,8,0,1,0,5,0,0,3.7192945256669785,1,0,0,0,0,4,0.0,7,1.0,0
46,31,8,0,1,2,7,0,2,4.464234652726565,0,0,0,0,0,6,0.3333333333333333,8,1.0,1
30,12,10,0,1,0,5,0,0,3.981076011914607,1,0,0,0,0,4,0.0,9,1.0,0
26,10,9,0,1,0,5,0,0,3.6902603909683833,0,0,0,0,0,4,0.0,8,1.0,0
34,9,0,0,1,3,8,0,0,4.160704752887782,1,0,0,0,0,7,0.0,5,1.0,0
44,7,10,0,1,3,11,0,0,4.356492413796824,0,0,0,0,0,10,0.0,4,1.0,0
34,9,18,0,1,0,7,0,1,4.0323362829877745,0,0,0,0,0,6,0.0,7,1.0,0
50,10,13,0,1,3,11,0,0,4.431272380112911,0,0,0,0,0,10,0.0,7,1.0,0
83,33,7,0,1,1,15,0,4,4.383335658254317,0,1,1,1,0,13,0.38461538461538464,8,0.8461538461538461,1
75,25,7,0,1,3,14,0,3,4.374172593382406,0,1,1,1,0,12,0.3333333333333333,8,0.75,1
57,12,8,2,3,10,13,1,0,4.4471037501564,0,1,1,1,0,11,0.0,8,1.0,1
80,36,7,0,1,1,15,0,4,4.571420366660827,1,1,1,1,0,13,0.3076923076923077,8,1.0,1
30,9,13,0,1,0,6,0,1,3.7232314287976203,1,0,0,0,0,5,0.0,7,1.0,0
39,11,0,0,1,3,9,0,0,4.438747090435226,1,0,0,0,0,8,0.0,7,1.0,0
37,9,0,0,1,3,9,0,0,4.301084704157686,1,0,0,0,0,8,0.0,6,0.875,0
77,26,8,0,1,3,14,0,3,4.50971265040403,0,1,1,1,0,12,0.3333333333333333,9,0.8333333333333334,1
29,13,8,0,1,0,5,0,1,3.926272374139508,1,0,0,0,0,4,0.0,9,1.0,0
41,10,24,0,1,0,7,0,0,3.9275717489329454,0,0,0,0,0,6,0.0,9,1.0,0
30,10,13,0,1,0,6,0,0,3.602910079649727,0,0,0,0,0,5,0.0,7,1.0,0
58,13,8,2,3,11,13,1,0,4.4904155298816315,0,1,1,1,0,11,0.0,8,1.0,1
37,10,0,0,1,2,9,0,0,4.344588500764086,1,0,0,0,0,8,0.0,6,1.0,0
57,10,19,0,1,3,12,0,0,4.398703944658521,1,0,0,0,0,11,0.0,7,1.0,0
91,38,8,2,3,1,16,0,4,4.45891082508203,1,1,1,1,0,14,0.2857142857142857,9,0.9285714285714286,1
47,33,7,2,3,0,9,0,4,4.232483203009177,0,0,0,0,0,8,0.5,6,1.0,1
83,31,7,0,1,3,14,0,4,4.698271152134893,1,1,1,1,0,12,0.3333333333333333,9,1.0,1
35,12,16,0,1,0,6,0,0,3.9188679318992428,0,0,0,0,0,5,0.0,8,0.8,0
45,10,27,0,1,0,7,0,1,4.049767474338984,1,0,0,0,0,6,0.0,9,1.0,0
29,13,8,0,1,0,5,0,0,3.9783335811852645,1,0,0,0,0,4,0.0,9,1.0,0
37,10,0,0,1,3,9,0,0,4.465945933079575,0,0,0,0,0,8,0.0,6,1.0,0
40,10,5,0,1,3,9,0,0,4.496439344671016,1,0,0,0,0,8,0.0,6,1.0,0
32,25,0,0,1,0,6,0,3,4.030639062229566,0,0,0,0,0,5,0.4,7,1.0,1
59,14,7,2,3,12,13,1,1,4.534363480287485,0,1,1,1,0,11,0.09090909090909091,8,1.0,1
58,14,8,2,3,12,13,1,0,4.40147892289331,0,1,1,1,0,11,0.0,9,1.0,1
60,44,8,2,3,0,9,0,3,4.187582004007327,1,0,0,0,0,8,0.375,9,1.0,1
55,12,8,2,3,10,13,1,0,4.596332370581367,0,1,1,1,0,11,0.0,8,1.0,1
36,11,18,0,1,0,7,0,0,3.9511943630832222,0,0,0,0,0,6,0.0,7,1.0,0
83,36,5,0,1,1,15,0,3,4.523828397412163,1,1,1,1,0,13,0.23076923076923078,8,0.9230769230769231,1
49,37,5,2,3,0,9,0,3,4.280340905640633,0,0,0,0,0,8,0.375,8,1.0,1
57,13,8,2,3,11,13,1,0,4.386285968921012,0,1,1,1,0,11,0.0,9,1.0,1
41,10,24,0,1,0,7,0,0,3.925136005759534,0,0,0,0,0,6,0.0,9,1.0,0
32,10,14,0,1,0,6,0,0,3.890319531114783,1,0,0,0,0,5,0.0,7,1.0,0
36,10,19,0,1,0,6,0,0,3.9302252658009036,0,0,0,0,0,5,0.0,9,1.0,0
36,14,15,0,1,0,7,0,0,4.138830127032207,0,0,0,0,0,6,0.0,10,1.0,0
94,39,8,0,1,1,15,0,3,4.236259242112954,0,1,1,1,0,13,0.23076923076923078,9,0.7692307692307693,1
80,30,7,0,1,1,15,0,4,4.503226181802063,1,1,1,1,0,13,0.38461538461538464,9,0.9230769230769231,1
91,37,7,2,3,1,16,0,3,4.475874589175591,0,1,1,1,0,14,0.21428571428571427,7,0.9285714285714286,1
53,9,16,0,1,3,11,0,1,4.41878690767161,1,0,0,0,0,10,0.0,7,0.9,0
93,39,8,2,3,1,16,0,3,4.462419405369487,1,1,1,1,0,14,0.21428571428571427,9,1.0,1
56,14,7,2,3,12,13,1,1,4.352135539906906,0,1,1,1,0,11,0.09090909090909091,6,1.0,1
40,25,7,0,1,2,7,0,3,4.227567157116929,1,0,0,0,0,6,0.5,8,1.0,1
52,12,5,2,3,10,13,1,0,4.336174630069641,0,1,1,1,0,11,0.0,6,1.0,1
94,40,8,2,3,1,16,0,4,4.427830912711187,1,1,1,1,0,14,0.2857142857142857,7,0.9285714285714286,1
34,12,15,0,1,0,6,0,0,3.9542473996920804,0,0,0,0,0,5,0.0,9,1.0,0
24,7,10,0,1,0,6,0,0,3.7201755214643453,0,0,0,0,0,5,0.0,4,1.0,0
49,11,10,0,1,3,11,0,0,4.491861884754925,1,0,0,0,0,10,0.0,7,0.9,0
86,38,5,2,3,1,16,0,4,4.40176125768048,0,1,1,1,0,14,0.2857142857142857,9,0.9285714285714286,1
50,10,16,0,1,2,10,0,1,4.2843728207539815,1,0,0,0,0,9,0.0,7,0.8888888888888888,0
40,10,22,0,1,0,7,0,1,3.822573883611434,1,0,0,0,0,6,0.0,8,1.0,0
54,13,5,2,3,11,13,1,0,4.419109131927809,0,1,1,1,0,11,0.0,8,1.0,1
88,36,7,0,1,1,15,0,3,4.501578202694286,1,1,1,1,0,13,0.3076923076923077,8,0.9230769230769231,1
82,34,8,0,1,1,15,0,3,4.330675283060514,0,1,1,1,0,13,0.23076923076923078,7,0.8461538461538461,1
51,10,16,0,1,3,10,0,1,4.375582881433896,1,0,0,0,0,9,0.0,7,1.0,0
63,14,21,0,1,3,12,0,0,4.457460781248258,1,0,0,0,0,11,0.0,10,0.9090909090909091,0
61,11,22,0,1,3,12,0,1,4.523385346874945,1,0,0,0,0,11,0.0,7,1.0,0
58,14,7,2,3,12,13,1,1,4.508621780036168,0,1,1,1,0,11,0.09090909090909091,8,1.0,1
80,22,7,0,1,3,14,0,3,4.440654585375958,1,1,1,1,0,12,0.25,8,1.0,1
35,14,13,0,1,0,6,0,0,3.921721231045239,1,0,0,0,0,5,0.0,10,1.0,0
57,14,5,2,3,12,13,1,0,4.358074714661133,0,1,1,1,0,11,0.0,9,1.0,1
39,7,8,0,1,3,9,0,0,4.201692923824033,0,0,0,0,0,8,0.0,7,1.0,0
40,11,5,0,1,3,9,0,0,4.427567157116929,0,0,0,0,0,8,0.0,7,1.0,0
80,33,8,0,1,1,15,0,4,4.392264360878299,1,1,1,1,0,13,0.3076923076923077,7,1.0,1
81,37,5,2,3,1,16,0,3,4.31393751383053,0,1,1,1,0,14,0.21428571428571427,9,0.9285714285714286,1
38,9,5,0,1,2,9,0,0,4.188331131693838,1,0,0,0,0,8,0.0,6,1.0,0
87,35,7,2,3,1,16,0,3,4.317246301763734,0,1,1,1,0,14,0.21428571428571427,9,0.9285714285714286,1
62,11,23,0,1,3,12,0,0,4.544775697721485,1,0,0,0,0,11,0.0,9,1.0,0
51,37,7,2,3,0,9,0,3,4.313911371086315,0,0,0,0,0,8,0.375,8,1.0,1
48,32,8,0,1,0,8,0,3,4.230054949894962,1,0,0,0,0,7,0.42857142857142855,7,1.0,1
33,12,14,0,1,0,6,0,0,4.150158513166729,0,0,0,0,0,5,0.0,8,1.0,0
41,13,0,0,1,3,9,0,0,4.436224260451807,1,0,0,0,0,8,0.0,9,1.0,0
38,10,0,0,1,3,9,0,0,4.5239860659612985,1,0,0,0,0,8,0.0,6,1.0,0
67,22,7,0,1,3,14,0,3,4.308122859717369,0,1,1,1,0,12,0.3333333333333333,6,0.8333333333333334,1
59,12,7,2,3,10,13,1,1,4.3832550934087635,0,1,1,1,0,11,0.09090909090909091,9,1.0,1
25,13,5,0,1,0,5,0,0,3.9434651896016457,0,0,0,0,0,4,0.0,9,1.0,0
59,15,7,2,3,13,13,1,1,4.385460304269689,0,1,1,1,0,11,0.09090909090909091,8,1.0,1
87,37,8,2,3,1,16,0,3,4.3455888419899145,0,1,1,1,0,14,0.21428571428571427,8,0.9285714285714286,1
86,36,7,2,3,1,16,0,4,4.465084429335046,0,1,1,1,0,14,0.2857142857142857,8,0.9285714285714286,1
41,10,23,0,1,0,7,0,0,4.092325102644249,1,0,0,0,0,6,0.0,9,1.0,0
90,38,8,0,1,1,15,0,3,4.472954346472812,0,1,1,1,0,13,0.23076923076923078,8,0.8461538461538461,1
41,26,7,0,1,2,7,0,2,4.143541333622538,1,0,0,0,0,6,0.5,8,0.8333333333333334,1
41,7,8,0,1,1,10,0,0,4.247557492317426,1,0,0,0,0,9,0.0,7,1.0,0
79,32,8,0,1,1,15,0,4,4.585966047155138,0,1,1,1,0,13,0.3076923076923077,8,0.9230769230769231,1
40,9,23,0,1,0,7,0,0,3.875716309088254,1,0,0,0,0,6,0.0,9,1.0,0
59,15,7,2,3,13,13,1,1,4.483875049435246,0,1,1,1,0,11,0.09090909090909091,8,1.0,1
53,11,8,2,3,9,13,1,0,4.429600283437102,0,1,1,1,0,11,0.0,7,1.0,1
22,10,5,0,1,0,5,0,0,3.6635327548042533,0,0,0,0,0,4,0.0,6,1.0,0
51,37,7,0,1,0,8,0,4,4.191074851351209,0,0,0,0,0,7,0.5714285714285714,9,1.0,1
51,37,7,2,3,0,9,0,3,4.191527549121879,0,0,0,0,0,8,0.5,7,0.875,1
52,12,7,2,3,10,13,1,1,4.281076880026371,0,1,1,1,0,11,0.09090909090909091,6,1.0,1
41,13,0,0,1,3,9,0,0,4.485004748256685,1,0,0,0,0,8,0.0,9,1.0,0
90,35,7,2,3,1,16,0,4,4.385083965440415,0,1,1,1,0,14,0.2857142857142857,8,0.9285714285714286,1
36,11,0,0,1,3,8,0,0,4.461320140211008,1,0,0,0,0,7,0.0,7,1.0,0
57,12,8,2,3,10,13,1,0,4.408924377972585,0,1,1,1,0,11,0.0,8,1.0,1
42,9,10,0,1,2,9,0,0,4.284476351041122,0,0,0,0,0,8,0.0,9,1.0,0
41,10,5,0,1,2,10,0,0,4.271470906740502,0,0,0,0,0,9,0.0,6,1.0,0
37,10,0,0,1,3,9,0,0,4.445543568156237,0,0,0,0,0,8,0.0,6,1.0,0
40,11,21,0,1,0,7,0,1,4.0250705203641814,1,0,0,0,0,6,0.0,7,1.0,0
52,37,8,0,1,0,8,0,3,4.042000661265563,0,0,0,0,0,7,0.5714285714285714,7,0.8571428571428571,1
69,14,27,0,1,3,12,0,0,4.534937103369982,1,0,0,0,0,11,0.0,10,1.0,0
86,38,7,2,3,1,16,0,3,4.412045249670357,0,1,1,1,0,14,0.2857142857142857,8,0.8571428571428571,1
47,32,7,0,1,0,8,0,4,4.360142777477264,1,0,0,0,0,7,0.5714285714285714,7,1.0,1
86,35,8,0,1,1,15,0,3,4.454103137654062,1,1,1,1,0,13,0.23076923076923078,8,1.0,1
39,7,24,0,1,0,7,0,0,3.9552918860179607,1,0,0,0,0,6,0.0,9,1.0,0
58,12,8,2,3,10,13,1,0,4.519159109782291,0,1,1,1,0,11,0.0,9,1.0,1
34,11,15,0,1,0,7,0,0,3.9002708419385663,1,0,0,0,0,6,0.0,7,1.0,0
85,36,8,0,1,1,15,0,5,4.477482661181758,0,1,1,1,0,13,0.38461538461538464,9,0.9230769230769231,1
58,13,8,2,3,11,13,1,0,4.3792447711462295,0,1,1,1,0,11,0.0,8,1.0,1
55,15,8,2,3,13,13,1,1,4.4076531252983475,0,1,1,1,0,11,0.09090909090909091,7,1.0,1
48,33,7,0,1,0,8,0,2,4.373734053066624,1,0,0,0,0,7,0.42857142857142855,7,0.8571428571428571,1
57,13,7,2,3,11,13,1,1,4.55619465924731,0,1,1,1,0,11,0.09090909090909091,8,1.0,1
25,10,8,0,1,0,5,0,0,3.7532696895151076,0,0,0,0,0,4,0.0,7,1.0,0
79,31,5,0,1,1,15,0,4,4.358022943463015,0,1,1,1,0,13,0.3076923076923077,8,0.9230769230769231,1
89,36,7,0,1,1,15,0,4,4.3776473423573306,0,1,1,1,0,13,0.38461538461538464,9,0.8461538461538461,1
94,43,8,2,3,1,16,0,2,4.384352651841623,1,1,1,1,0,14,0.14285714285714285,9,0.9285714285714286,1
37,22,8,0,1,2,7,0,2,4.283381405994075,0,0,0,0,0,6,0.3333333333333333,7,1.0,1
31,11,13,0,1,0,6,0,0,3.7442035683118124,0,0,0,0,0,5,0.0,7,1.0,0
30,10,13,0,1,0,6,0,0,3.8947396630551756,0,0,0,0,0,5,0.0,7,1.0,0
48,11,13,0,1,2,10,0,0,4.4311275426950285,1,0,0,0,0,9,0.0,7,1.0,0
56,15,8,2,3,13,13,1,1,4.469997169103207,0,1,1,1,0,11,0.09090909090909091,7,1.0,1
87,40,7,2,3,1,16,0,4,4.469578772942153,1,1,1,1,0,14,0.35714285714285715,8,0.9285714285714286,1
81,37,7,0,1,1,15,0,4,4.495324780574341,0,1,1,1,0,13,0.3076923076923077,9,0.9230769230769231,1
48,10,10,0,1,3,10,0,0,4.605388542207536,1,0,0,0,0,9,0.0,9,1.0,0
85,35,7,0,1,1,15,0,4,4.605352276267145,0,1,1,1,0,13,0.3076923076923077,8,0.9230769230769231,1
50,35,8,2,3,0,9,0,3,4.233269689515107,0,0,0,0,0,8,0.375,7,1.0,1
58,14,7,2,3,12,13,1,1,4.624518654958901,0,1,1,1,0,11,0.09090909090909091,8,1.0,1
58,14,8,2,3,12,13,1,0,4.468181378134552,0,1,1,1,0,11,0.0,8,1.0,1
93,40,5,2,3,1,16,0,4,4.363303471208454,1,1,1,1,0,14,0.2857142857142857,9,1.0,1
41,25,8,0,1,2,7,0,2,4.247557492317426,1,0,0,0,0,6,0.3333333333333333,7,1.0,1
74,24,5,0,1,3,14,0,3,4.4642305576857195,1,1,1,1,0,12,0.25,8,0.9166666666666666,1
26,10,8,0,1,0,5,0,0,3.8441065448145375,1,0,0,0,0,4,0.0,7,1.0,0
30,10,13,0,1,0,6,0,0,3.9647351787255047,0,0,0,0,0,5,0.0,7,1.0,0
78,28,7,0,1,1,15,0,4,4.5103963491586825,0,1,1,1,0,13,0.38461538461538464,8,0.8461538461538461,1
58,14,8,2,3,12,13,1,1,4.414211842932543,0,1,1,1,0,11,0.09090909090909091,9,1.0,1
56,13,7,2,3,11,13,1,1,4.446939530254383,0,1,1,1,0,11,0.09090909090909091,9,1.0,1
52,11,13,0,1,3,11,0,0,4.426119285323968,1,0,0,0,0,10,0.0,7,1.0,0
35,9,18,0,1,0,7,0,0,4.047160074632759,1,0,0,0,0,6,0.0,7,1.0,0
40,7,5,0,1,3,10,0,0,4.465311532225102,1,0,0,0,0,9,0.0,5,1.0,0
80,27,8,0,1,3,14,0,2,4.336182987871124,1,1,1,1,0,12,0.16666666666666666,8,0.8333333333333334,1
86,34,8,2,3,1,16,0,3,4.3193513945709245,1,1,1,1,0,14,0.21428571428571427,8,0.8571428571428571,1
53,11,7,2,3,9,13,1,1,4.4816595389675635,0,1,1,1,0,11,0.09090909090909091,9,1.0,1
24,11,5,0,1,0,5,0,0,3.8239348962840563,1,0,0,0,0,4,0.0,7,1.0,0
49,34,8,0,1,0,8,0,3,4.237486508291453,0,0,0,0,0,7,0.42857142857142855,9,1.0,1
77,27,7,0,1,3,14,0,4,4.5630459837373625,0,1,1,1,0,12,0.3333333333333333,8,0.9166666666666666,1
78,30,8,0,1,1,15,0,4,4.495841783232119,0,1,1,1,0,13,0.3076923076923077,8,0.9230769230769231,1
55,13,8,2,3,11,13,1,0,4.433030068089789,0,1,1,1,0,11,0.0,7,1.0,1
83,36,7,2,3,1,16,0,4,4.534434374756796,1,1,1,1,0,14,0.2857142857142857,8,1.0,1
43,10,6,0,1,2,10,0,0,4.3327868475241,1,0,0,0,0,9,0.0,6,1.0,0
39,9,22,0,1,0,7,0,0,4.016583155904196,1,0,0,0,0,6,0.0,8,1.0,0
50,35,8,0,1,0,8,0,2,4.290881379939833,0,0,0,0,0,7,0.42857142857142855,9,0.8571428571428571,1
50,9,13,0,1,3,11,0,0,4.493660689688186,1,0,0,0,0,10,0.0,7,1.0,0
58,12,18,0,1,3,11,0,0,4.551525175975549,1,0,0,0,0,10,0.0,9,1.0,0
47,33,7,0,1,0,8,0,3,4.349712458420389,0,0,0,0,0,7,0.42857142857142855,7,1.0,1
43,10,8,0,1,3,9,0,1,4.268719696310996,1,0,0,0,0,8,0.0,7,1.0,0
38,10,21,0,1,0,7,0,1,4.113206053476118,0,0,0,0,0,6,0.0,7,1.0,0
39,14,18,0,1,0,6,0,0,4.131054782742918,0,0,0,0,0,5,0.0,10,1.0,0
84,32,7,0,1,1,15,0,3,4.5779249871883465,1,1,1,1,0,13,0.3076923076923077,8,0.9230769230769231,1
52,37,8,2,3,0,9,0,4,4.289207449193897,0,0,0,0,0,8,0.5,9,1.0,1
87,38,7,2,3,1,16,0,3,4.489418988921475,0,1,1,1,0,14,0.35714285714285715,8,0.7142857142857143,1
38,11,0,0,1,3,9,0,0,4.45148902643068,0,0,0,0,0,8,0.0,7,1.0,0
22,9,5,0,1,0,5,0,0,3.7544418457133446,1,0,0,0,0,4,0.0,5,1.0,0
25,7,10,0,1,0,6,0,0,3.5434651896016467,1,0,0,0,0,5,0.0,5,0.8,0
47,11,11,0,1,3,10,0,0,4.485127947284225,1,0,0,0,0,9,0.0,7,1.0,0
31,10,13,0,1,0,6,0,0,3.7324446013247066,1,0,0,0,0,5,0.0,7,1.0,0
53,13,8,2,3,11,13,1,1,4.4688159697116125,0,1,1,1,0,11,0.09090909090909091,7,1.0,1
84,31,8,0,1,1,15,0,4,4.419626816562175,0,1,1,1,0,13,0.3076923076923077,8,0.8461538461538461,1
43,10,8,0,1,3,9,0,0,4.350342370830227,1,0,0,0,0,8,0.0,7,1.0,0
53,9,17,0,1,2,11,0,0,4.431145813936774,1,0,0,0,0,10,0.0,8,0.9,0
29,14,8,0,1,0,5,0,0,4.1162646156680225,0,0,0,0,0,4,0.0,10,1.0,0
45,29,8,0,1,2,7,0,3,4.191201429374546,1,0,0,0,0,6,0.5,7,1.0,1
82,34,7,0,1,1,15,0,4,4.537326145256008,1,1,1,1,0,13,0.3076923076923077,7,0.8461538461538461,1
82,28,8,0,1,3,14,0,2,4.229950014433721,1,1,1,1,0,12,0.16666666666666666,8,0.9166666666666666,1
56,14,8,2,3,12,13,1,0,4.431110771508579,0,1,1,1,0,11,0.0,7,1.0,1
54,13,8,2,3,11,13,1,0,4.443053603040051,0,1,1,1,0,11,0.0,7,1.0,1
27,11,8,0,1,0,5,0,0,3.7821222241453065,1,0,0,0,0,4,0.0,7,1.0,0
43,10,8,0,1,3,9,0,1,4.37082108062642,1,0,0,0,0,8,0.0,7,1.0,0
62,11,26,0,1,3,11,0,0,4.341079077026474,1,0,0,0,0,10,0.0,9,1.0,0
79,36,8,2,3,1,16,0,3,4.4444518010221525,0,1,1,1,0,14,0.21428571428571427,8,0.9285714285714286,1
34,11,15,0,1,0,6,0,0,4.116299605701696,1,0,0,0,0,5,0.0,9,1.0,0
30,9,14,0,1,0,6,0,0,3.948394345536403,0,0,0,0,0,5,0.0,7,1.0,0
38,10,0,0,1,3,9,0,0,4.378991986900062,1,0,0,0,0,8,0.0,6,1.0,0
54,10,16,0,1,3,11,0,1,4.3521355399069055,1,0,0,0,0,10,0.0,7,1.0,0
57,12,8,2,3,10,13,1,1,4.321711078297497,0,1,1,1,0,11,0.09090909090909091,8,1.0,1
59,14,8,2,3,12,13,1,0,4.464922146602687,0,1,1,1,0,11,0.0,8,1.0,1
36,11,17,0,1,0,6,0,0,3.8264658909811926,1,0,0,0,0,5,0.0,8,1.0,0
52,10,15,0,1,3,11,0,0,4.486604805087943,0,0,0,0,0,10,0.0,9,1.0,0
26,13,5,0,1,0,5,0,0,3.950063756436209,1,0,0,0,0,4,0.0,9,1.0,0
38,24,7,0,1,2,7,0,3,4.290966250901473,0,0,0,0,0,6,0.5,6,1.0,1
26,11,8,0,1,0,5,0,0,3.8731406795131327,0,0,0,0,0,4,0.0,7,1.0,0
45,10,11,0,1,3,10,0,0,4.446974207248477,0,0,0,0,0,9,0.0,6,1.0,0
46,11,10,0,1,3,9,0,0,4.468576629687865,1,0,0,0,0,8,0.0,9,1.0,0
41,11,5,0,1,3,9,0,0,4.436224260451806,1,0,0,0,0,8,0.0,7,1.0,0
26,10,8,0,1,0,5,0,0,3.844106544814537,1,0,0,0,0,4,0.0,7,1.0,0
54,10,16,0,1,3,12,0,0,4.375193178755731,1,0,0,0,0,11,0.0,6,1.0,0
77,24,7,0,1,3,14,0,3,4.441417191185065,1,1,1,1,0,12,0.25,8,1.0,1
45,30,7,0,1,2,7,0,3,4.446974207248478,1,0,0,0,0,6,0.5,7,1.0,1
77,24,7,0,1,3,14,0,2,4.584257771481025,0,1,1,1,0,12,0.25,9,0.8333333333333334,1
36,11,0,0,1,3,8,0,0,4.384795487373133,1,0,0,0,0,7,0.0,7,1.0,0
55,9,21,0,1,3,11,0,1,4.260893297062107,1,0,0,0,0,10,0.0,7,1.0,0
37,12,18,0,1,0,7,0,0,3.969607339117404,0,0,0,0,0,6,0.0,8,1.0,0
84,35,7,0,1,1,15,0,5,4.127684931840248,0,1,1,1,0,13,0.38461538461538464,7,0.7692307692307693,1
26,12,6,0,1,0,5,0,0,4.103909910282363,1,0,0,0,0,4,0.0,8,1.0,0
34,10,17,0,1,0,6,0,0,3.7633584292311077,0,0,0,0,0,5,0.0,8,1.0,0
47,35,5,0,1,0,8,0,2,4.250669436461802,0,0,0,0,0,7,0.2857142857142857,8,1.0,1
93,37,7,2,3,1,16,0,2,4.439551888915924,1,1,1,1,0,14,0.21428571428571427,9,0.9285714285714286,1
40,28,5,0,1,2,7,0,2,4.225070520364182,0,0,0,0,0,6,0.3333333333333333,9,1.0,1
87,34,7,0,1,1,15,0,5,4.388359101088734,0,1,1,1,0,13,0.38461538461538464,9,0.9230769230769231,1
80,33,8,0,1,1,15,0,4,4.3903568659375685,0,1,1,1,0,13,0.3076923076923077,8,0.8461538461538461,1
56,15,8,2,3,13,13,1,0,4.409902493217346,0,1,1,1,0,11,0.0,7,1.0,1
77,24,8,0,1,3,14,0,3,4.305112944164745,0,1,1,1,0,12,0.3333333333333333,8,0.8333333333333334,1
47,33,7,0,1,0,8,0,4,4.06227043705173,0,0,0,0,0,7,0.5714285714285714,8,1.0,1
41,11,5,0,1,3,9,0,0,4.375487065435391,1,0,0,0,0,8,0.0,7,1.0,0
24,11,5,0,1,0,5,0,0,3.8239348962840563,1,0,0,0,0,4,0.0,7,1.0,0
73,22,8,0,1,3,14,0,3,4.45532792902865,0,1,1,1,0,12,0.25,7,0.9166666666666666,1
49,34,8,0,1,0,8,0,3,4.418195752623561,0,0,0,0,0,7,0.42857142857142855,8,1.0,1
50,10,13,0,1,3,11,0,0,4.361076880026372,0,0,0,0,0,10,0.0,7,1.0,0
39,13,18,0,1,0,6,0,0,4.128494129663178,1,0,0,0,0,5,0.0,9,1.0,0
84,31,7,0,1,1,15,0,4,4.365940678140137,0,1,1,1,0,13,0.38461538461538464,9,0.8461538461538461,1
40,12,0,0,1,3,9,0,0,4.443942707918269,1,0,0,0,0,8,0.0,8,1.0,0
52,9,17,0,1,1,11,0,0,4.353533948577482,1,0,0,0,0,10,0.0,8,1.0,0
58,15,7,2,3,13,13,1,1,4.387251574998133,0,1,1,1,0,11,0.09090909090909091,9,1.0,1
95,42,8,2,3,1,16,0,4,4.519456725927523,0,1,1,1,0,14,0.2857142857142857,8,0.9285714285714286,1
60,15,7,2,3,13,13,1,1,4.536788055763941,0,1,1,1,0,11,0.09090909090909091,9,1.0,1
94,41,8,2,3,1,16,0,4,4.507287913408004,0,1,1,1,0,14,0.35714285714285715,9,0.8571428571428571,1
43,11,24,0,1,0,7,0,0,3.998728057370606,1,0,0,0,0,6,0.0,7,1.0,0
89,38,7,2,3,1,16,0,3,4.427517416238219,1,1,1,1,0,14,0.2857142857142857,7,0.9285714285714286,1
56,11,17,0,1,3,11,0,1,4.495141646068961,1,0,0,0,0,10,0.0,8,1.0,0
58,14,5,2,3,12,13,1,0,4.351537289283848,0,1,1,1,0,11,0.0,8,1.0,1
42,11,24,0,1,0,7,0,1,3.8331759119367597,0,0,0,0,0,6,0.0,7,1.0,0
36,12,17,0,1,0,6,0,0,4.030493056757482,0,0,0,0,0,5,0.0,8,1.0,0
89,40,5,2,3,1,16,0,2,4.44479806695212,0,1,1,1,0,14,0.14285714285714285,9,0.8571428571428571,1
54,10,17,0,1,3,11,0,1,4.5119353636678445,0,0,0,0,0,10,0.0,8,1.0,0
49,10,13,0,1,2,11,0,0,4.433601620014652,0,0,0,0,0,10,0.0,7,1.0,0
30,14,8,0,1,0,5,0,0,4.1898980954642875,1,0,0,0,0,4,0.0,10,1.0,0
89,37,8,2,3,1,16,0,3,4.286174284655795,0,1,1,1,0,14,0.21428571428571427,8,0.9285714285714286,1
47,13,27,0,1,0,7,0,1,4.161313459010318,0,0,0,0,0,6,0.0,9,1.0,0
30,10,13,0,1,0,6,0,0,3.6314018453921717,0,0,0,0,0,5,0.0,7,1.0,0
56,10,18,0,1,3,11,0,1,4.541393261529371,1,0,0,0,0,10,0.0,9,1.0,0
46,9,10,0,1,3,11,0,0,4.226790554874334,0,0,0,0,0,10,0.0,6,0.8,0
58,13,17,0,1,3,11,0,0,4.499463968929793,1,0,0,0,0,10,0.0,9,1.0,0
45,9,8,0,1,3,10,0,0,4.381316019639962,1,0,0,0,0,9,0.0,7,0.8888888888888888,0
83,34,7,0,1,1,15,0,4,4.467126737801772,0,1,1,1,0,13,0.38461538461538464,8,0.7692307692307693,1
35,10,18,0,1,0,6,0,0,3.7287244452691404,0,0,0,0,0,5,0.0,9,1.0,0
40,7,6,0,1,3,10,0,0,4.427567157116928,0,0,0,0,0,9,0.0,5,1.0,0
49,35,7,0,1,0,8,0,3,4.305751364780155,0,0,0,0,0,7,0.5714285714285714,8,0.8571428571428571,1
45,11,8,0,1,2,10,0,0,4.368979207152323,0,0,0,0,0,9,0.0,7,1.0,0
62,14,8,2,3,12,13,1,0,4.596404087557007,0,1,1,1,0,11,0.0,9,1.0,1
79,36,5,2,3,1,16,0,2,4.391414748566226,0,1,1,1,0,14,0.14285714285714285,7,0.8571428571428571,1
51,14,13,0,1,2,10,0,0,4.3679287730895195,1,0,0,0,0,9,0.0,10,1.0,0
74,23,8,0,1,3,14,0,2,4.405221528859512,0,1,1,1,0,12,0.16666666666666666,8,0.9166666666666666,1
36,10,19,0,1,0,7,0,0,3.7052290027422963,0,0,0,0,0,6,0.0,7,1.0,0
43,29,7,0,1,0,8,0,3,3.8871761624373526,0,0,0,0,0,7,0.5714285714285714,6,0.8571428571428571,1
90,39,8,2,3,1,16,0,4,4.455218876709521,0,1,1,1,0,14,0.2857142857142857,8,0.9285714285714286,1
47,9,13,0,1,3,10,0,0,4.229808798348054,1,0,0,0,0,9,0.0,7,1.0,0
56,13,7,2,3,11,13,1,1,4.394073734471543,0,1,1,1,0,11,0.09090909090909091,8,1.0,1
72,25,7,0,1,3,14,0,3,4.557067124826235,1,1,1,1,0,12,0.3333333333333333,6,0.8333333333333334,1
56,13,7,2,3,11,13,1,1,4.558050641365495,0,1,1,1,0,11,0.09090909090909091,9,1.0,1
86,29,8,0,1,3,14,0,1,4.39680660203136,1,1,1,1,0,12,0.16666666666666666,8,0.8333333333333334,1
81,32,7,0,1,1,15,0,4,4.31390278012599,0,1,1,1,0,13,0.38461538461538464,8,0.6923076923076923,1
52,38,7,2,3,0,9,0,3,4.250745910732358,0,0,0,0,0,8,0.5,8,0.875,1
48,12,8,0,1,3,10,0,0,4.3498747399889846,1,0,0,0,0,9,0.0,8,1.0,0
30,11,11,0,1,0,6,0,0,3.9232314287976204,1,0,0,0,0,5,0.0,7,1.0,0
29,11,11,0,1,0,6,0,0,3.8404025467025056,0,0,0,0,0,5,0.0,7,1.0,0
35,11,16,0,1,0,6,0,1,3.88614658824991,1,0,0,0,0,5,0.0,7,1.0,0
83,27,8,0,1,3,14,0,3,4.5929369672504565,0,1,1,1,0,12,0.25,9,0.9166666666666666,1
31,7,16,0,1,0,7,0,0,3.8127744398948047,1,0,0,0,0,6,0.0,5,1.0,0
29,13,8,0,1,0,5,0,0,3.9262723741395074,1,0,0,0,0,4,0.0,9,1.0,0
54,10,16,0,1,3,11,0,0,4.5051848455826535,1,0,0,0,0,10,0.0,9,1.0,0
48,10,10,0,1,3,10,0,0,4.438721875540868,1,0,0,0,0,9,0.0,9,1.0,0
55,13,7,2,3,11,13,1,1,4.529320691632433,0,1,1,1,0,11,0.09090909090909091,6,1.0,1
47,11,8,0,1,3,10,0,0,4.429187724239743,1,0,0,0,0,9,0.0,7,1.0,0
36,10,18,0,1,0,7,0,0,3.549405656230163,1,0,0,0,0,6,0.0,7,0.8333333333333334,0
41,25,8,0,1,2,7,0,2,4.308294687333842,1,0,0,0,0,6,0.3333333333333333,8,1.0,1
28,11,9,0,1,0,5,0,0,4.012188403968661,1,0,0,0,0,4,0.0,8,1.0,0
90,34,8,0,1,1,15,0,4,4.497109994416822,1,1,1,1,0,13,0.3076923076923077,8,0.9230769230769231,1
75,31,7,0,1,1,15,0,3,4.40156985365638,0,1,1,1,0,13,0.23076923076923078,7,0.9230769230769231,1
29,11,10,0,1,0,6,0,0,4.0472990984266435,1,0,0,0,0,5,0.0,7,1.0,0
50,36,7,0,1,0,8,0,4,4.3210768800263715,0,0,0,0,0,7,0.5714285714285714,9,1.0,1
37,13,16,0,1,0,6,0,0,3.935955649986687,1,0,0,0,0,5,0.0,9,1.0,0
31,10,13,0,1,0,6,0,0,3.8488846166291197,1,0,0,0,0,5,0.0,7,1.0,0
52,13,13,0,1,2,11,0,1,4.371220189703328,0,0,0,0,0,10,0.0,9,1.0,0
55,13,7,2,3,11,13,1,1,4.492374351631802,0,1,1,1,0,11,0.09090909090909091,9,1.0,1
44,11,5,0,1,3,10,0,0,4.40796201621706,1,0,0,0,0,9,0.0,7,1.0,0
59,12,7,2,3,10,13,1,1,4.459544839822742,0,1,1,1,0,11,0.09090909090909091,9,1.0,1
46,31,8,0,1,0,8,0,2,4.102168956377575,0,0,0,0,0,7,0.2857142857142857,8,1.0,1
36,24,5,0,1,2,7,0,2,4.287301737252941,0,0,0,0,0,6,0.3333333333333333,8,1.0,1
21,9,5,0,1,0,5,0,0,3.7849418274376423,0,0,0,0,0,4,0.0,6,1.0,0
40,10,22,0,1,0,7,0,0,3.8561983328100946,1,0,0,0,0,6,0.0,7,1.0,0
33,7,18,0,1,0,7,0,0,3.651237499630057,1,0,0,0,0,6,0.0,7,0.8333333333333334,0
85,39,8,2,3,1,16,0,4,4.502278100822041,0,1,1,1,0,14,0.2857142857142857,8,0.9285714285714286,1
58,13,8,2,3,11,13,1,0,4.428439190827719,0,1,1,1,0,11,0.0,8,1.0,1
30,14,8,0,1,0,5,0,0,3.9395722619867226,1,0,0,0,0,4,0.0,10,1.0,0
38,14,0,0,1,2,8,0,0,4.45148902643068,1,0,0,0,0,7,0.0,10,1.0,0
25,9,8,0,1,0,5,0,1,3.703465189601646,1,0,0,0,0,4,0.0,7,1.0,0
82,33,7,2,3,1,16,0,4,4.228126569889411,1,1,1,1,0,14,0.35714285714285715,8,0.8571428571428571,1
51,10,13,0,1,3,11,0,0,4.468815969711612,1,0,0,0,0,10,0.0,7,1.0,0
42,28,7,0,1,2,7,0,3,4.33209539866017,0,0,0,0,0,6,0.5,9,1.0,1
35,10,0,0,1,3,8,0,0,4.307714802597437,1,0,0,0,0,7,0.0,6,1.0,0
82,35,7,0,1,1,15,0,4,4.418453957701921,1,1,1,1,0,13,0.38461538461538464,8,0.9230769230769231,1
38,24,7,0,1,2,7,0,2,3.9708400131019848,0,0,0,0,0,6,0.5,7,0.8333333333333334,1
45,10,8,0,1,2,10,0,0,4.394429141101804,1,0,0,0,0,9,0.0,7,1.0,0
38,22,8,0,1,2,7,0,2,4.093340592892869,1,0,0,0,0,6,0.3333333333333333,7,1.0,1
46,34,5,2,3,0,9,0,3,4.2924925977289545,0,0,0,0,0,8,0.375,7,1.0,1
48,11,9,0,1,3,10,0,0,4.547995052579129,1,0,0,0,0,9,0.0,8,1.0,0
31,7,16,0,1,0,6,0,0,3.627763553007399,1,0,0,0,0,5,0.0,7,1.0,0
39,7,5,0,1,3,10,0,0,4.50938523151634,0,0,0,0,0,9,0.0,4,1.0,0
41,13,0,0,1,3,9,0,0,4.533785236061563,1,0,0,0,0,8,0.0,9,1.0,0
22,10,5,0,1,0,5,0,0,3.503997527334847,0,0,0,0,0,4,0.0,6,1.0,0
30,13,10,0,1,0,6,0,0,4.015061012203069,0,0,0,0,0,5,0.0,9,1.0,0
28,10,10,0,1,0,6,0,0,3.9232517969803373,1,0,0,0,0,5,0.0,6,1.0,0
76,26,8,0,1,3,14,0,3,4.467993616431408,1,1,1,1,0,12,0.25,9,1.0,1
56,11,20,0,1,3,11,0,0,4.465936788508253,1,0,0,0,0,10,0.0,8,1.0,0
41,14,0,0,1,2,9,0,0,4.521828528850024,1,0,0,0,0,8,0.0,10,1.0,0
38,14,0,0,1,3,8,0,0,4.398857447483312,0,0,0,0,0,7,0.0,10,1.0,0
29,10,11,0,1,0,6,0,0,3.797467632984005,1,0,0,0,0,5,0.0,6,1.0,0
31,10,13,0,1,0,6,0,1,3.9377519554085865,1,0,0,0,0,5,0.0,7,1.0,0
88,38,8,2,3,1,16,0,2,4.428733289828118,0,1,1,1,0,14,0.14285714285714285,8,0.8571428571428571,1
84,34,5,0,1,1,15,0,3,4.2146434591576165,1,1,1,1,0,13,0.23076923076923078,8,0.9230769230769231,1
42,27,8,0,1,2,7,0,2,4.222807530427242,0,0,0,0,0,6,0.3333333333333333,9,1.0,1
41,28,5,0,1,0,8,0,3,4.1898860782540055,1,0,0,0,0,7,0.42857142857142855,6,1.0,1
43,29,7,0,1,2,7,0,2,3.795126022436571,0,0,0,0,0,6,0.5,8,0.8333333333333334,1
55,9,22,0,1,2,11,0,0,4.236019377893913,1,0,0,0,0,10,0.0,8,1.0,0
28,10,10,0,1,0,6,0,0,3.8248629576173574,1,0,0,0,0,5,0.0,6,1.0,0
36,14,14,0,1,0,6,0,0,3.8847954873731334,1,0,0,0,0,5,0.0,10,1.0,0
45,10,10,0,1,3,10,0,0,4.4193050406298875,1,0,0,0,0,9,0.0,6,1.0,0
56,15,7,2,3,13,13,1,1,4.454168410357404,0,1,1,1,0,11,0.09090909090909091,7,1.0,1
87,34,7,0,1,1,15,0,3,4.3712796479806935,0,1,1,1,0,13,0.3076923076923077,9,0.8461538461538461,1
61,7,27,0,1,3,12,0,0,4.533058961068108,0,0,0,0,0,11,0.0,9,1.0,0
56,42,7,2,3,0,9,0,4,4.135055984705022,0,0,0,0,0,8,0.5,9,1.0,1
53,14,5,2,3,12,13,1,0,4.520875225242075,0,1,1,1,0,11,0.0,8,1.0,1
27,13,6,0,1,0,5,0,0,4.004344446367528,1,0,0,0,0,4,0.0,9,1.0,0
56,14,7,2,3,12,13,1,1,4.497955965479633,0,1,1,1,0,11,0.09090909090909091,8,1.0,1
47,12,10,0,1,3,10,0,0,4.365773894636634,1,0,0,0,0,9,0.0,8,0.8888888888888888,0
43,11,8,0,1,2,9,0,0,4.297675800911846,1,0,0,0,0,8,0.0,7,1.0,0
26,11,8,0,1,0,5,0,0,3.8441065448145375,0,0,0,0,0,4,0.0,7,1.0,0
35,10,17,0,1,0,6,0,0,3.978864088188097,1,0,0,0,0,5,0.0,8,1.0,0
45,11,8,0,1,1,10,0,0,4.313640873915144,1,0,0,0,0,9,0.0,7,1.0,0
32,11,13,0,1,0,6,0,0,3.9917292966721747,1,0,0,0,0,5,0.0,7,1.0,0
49,11,10,0,1,3,11,0,0,4.449007487405744,1,0,0,0,0,10,0.0,7,0.9,0
77,24,7,0,1,3,14,0,4,4.347915325418042,1,1,1,1,0,12,0.3333333333333333,8,1.0,1
43,9,8,0,1,2,10,0,0,4.297675800911846,0,0,0,0,0,9,0.0,7,1.0,0
85,32,8,0,1,1,15,0,4,4.4909695946608394,0,1,1,1,0,13,0.3076923076923077,9,0.9230769230769231,1
30,11,11,0,1,0,6,0,0,3.7898980954642876,1,0,0,0,0,5,0.0,7,1.0,0
56,14,8,2,3,12,13,1,0,4.630275354881978,0,1,1,1,0,11,0.0,8,1.0,1
24,9,8,0,1,0,5,0,1,3.6887218755408675,0,0,0,0,0,4,0.0,7,1.0,0
61,11,25,0,1,3,11,0,1,4.419048822668383,1,0,0,0,0,10,0.0,8,0.9,0
53,13,7,2,3,11,13,1,1,4.295193362412134,0,1,1,1,0,11,0.09090909090909091,6,1.0,1
31,10,14,0,1,0,6,0,0,3.889049535914169,0,0,0,0,0,5,0.0,7,1.0,0
87,34,8,2,3,1,16,0,4,4.406803765729563,1,1,1,1,0,14,0.2857142857142857,8,1.0,1
85,30,7,0,1,3,14,0,3,4.253194444136627,0,1,1,1,0,12,0.25,8,0.8333333333333334,1
43,14,22,0,1,0,7,0,1,4.0566402665723045,0,0,0,0,0,6,0.0,10,1.0,0
42,10,5,0,1,3,10,0,0,4.433634982148036,0,0,0,0,0,9,0.0,6,1.0,0
58,43,7,2,3,0,9,0,4,4.432618331971415,1,0,0,0,0,8,0.5,8,1.0,1
52,37,7,2,3,0,9,0,3,4.444974092849856,1,0,0,0,0,8,0.375,8,1.0,1
85,35,8,2,3,1,16,0,3,4.361392636803448,0,1,1,1,0,14,0.21428571428571427,8,0.9285714285714286,1
42,28,7,0,1,2,7,0,3,4.311744137415567,0,0,0,0,0,6,0.5,8,1.0,1
85,39,8,0,1,1,15,0,4,4.548257395891725,0,1,1,1,0,13,0.3076923076923077,8,0.9230769230769231,1
50,14,8,0,1,3,10,0,0,4.5034651896016475,1,0,0,0,0,9,0.0,10,1.0,0
39,25,7,0,1,2,7,0,3,4.31682689807206,0,0,0,0,0,6,0.5,7,1.0,1
25,10,8,0,1,0,5,0,0,3.513269689515108,0,0,0,0,0,4,0.0,7,1.0,0
85,28,8,0,1,3,14,0,3,4.365313455590104,1,1,1,1,0,12,0.3333333333333333,9,0.9166666666666666,1
57,12,17,0,1,3,11,0,0,4.510362330212914,1,0,0,0,0,10,0.0,8,1.0,0
47,10,13,0,1,3,10,0,0,4.280667511657909,0,0,0,0,0,9,0.0,7,1.0,0
33,10,16,0,1,0,6,0,0,3.395716181280675,0,0,0,0,0,5,0.0,7,0.8,0
29,12,9,0,1,0,5,0,0,4.0472990984266435,1,0,0,0,0,4,0.0,8,1.0,0
91,35,8,0,1,1,15,0,4,4.301317212172333,0,1,1,1,0,13,0.3076923076923077,8,0.9230769230769231,1
46,34,5,2,3,0,9,0,2,4.170543891762937,0,0,0,0,0,8,0.25,7,1.0,1
88,39,8,2,3,1,16,0,4,4.396667807679024,0,1,1,1,0,14,0.2857142857142857,9,0.9285714285714286,1
58,13,17,0,1,3,11,0,0,4.476274693620371,1,0,0,0,0,10,0.0,9,1.0,0
58,13,8,2,3,11,13,1,0,4.508621780036167,0,1,1,1,0,11,0.0,8,1.0,1
43,11,8,0,1,3,9,0,0,4.4837223125397525,0,0,0,0,0,8,0.0,7,1.0,0
28,12,8,0,1,0,5,0,0,3.869331261111518,1,0,0,0,0,4,0.0,8,1.0,0
36,10,18,0,1,0,6,0,0,3.8082708345352594,1,0,0,0,0,5,0.0,9,1.0,0
49,33,8,0,1,0,8,0,3,4.173824967908518,1,0,0,0,0,7,0.42857142857142855,9,1.0,1
23,10,5,0,1,0,5,0,0,3.588354347173234,1,0,0,0,0,4,0.0,6,1.0,0
35,7,0,0,1,3,9,0,0,4.500711588373536,1,0,0,0,0,8,0.0,5,1.0,0
25,10,8,0,1,0,5,0,0,3.7834651896016465,0,0,0,0,0,4,0.0,7,1.0,0
47,32,8,0,1,0,8,0,3,4.181624489699321,0,0,0,0,0,7,0.42857142857142855,7,1.0,1
49,14,27,0,1,0,7,0,0,4.041371396568252,1,0,0,0,0,6,0.0,10,1.0,0
81,34,7,2,3,1,16,0,3,4.2901426922324974,0,1,1,1,0,14,0.2857142857142857,7,0.8571428571428571,1
52,12,7,2,3,10,13,1,1,4.225979129983103,0,1,1,1,0,11,0.09090909090909091,6,0.9090909090909091,1
73,25,8,0,1,3,14,0,2,4.37255261996406,0,1,1,1,0,12,0.16666666666666666,7,0.9166666666666666,1
45,10,10,0,1,3,9,0,0,4.535863096137365,1,0,0,0,0,8,0.0,9,1.0,0
75,28,7,0,1,3,14,0,2,4.52146223090987,1,1,1,1,0,12,0.25,7,0.9166666666666666,1
77,28,5,0,1,3,14,0,2,4.392515031657326,0,1,1,1,0,12,0.16666666666666666,8,0.9166666666666666,1
32,7,18,0,1,0,6,0,0,3.7806390622295662,0,0,0,0,0,5,0.0,9,1.0,0
88,33,8,0,1,1,15,0,4,4.417332708533396,0,1,1,1,0,13,0.3076923076923077,8,0.8461538461538461,1
80,26,8,0,1,3,14,0,2,4.4550412448813725,0,1,1,1,0,12,0.25,8,0.8333333333333334,1
74,30,8,0,1,3,14,0,3,4.306137316825258,0,1,1,1,0,12,0.25,9,0.9166666666666666,1
48,10,10,0,1,3,11,0,0,4.53778203183594,1,0,0,0,0,10,0.0,6,1.0,0
79,32,5,2,3,1,16,0,3,4.325264307919462,1,1,1,1,0,14,0.21428571428571427,8,0.9285714285714286,1
52,37,8,2,3,0,9,0,4,4.329589477465241,0,0,0,0,0,8,0.5,8,1.0,1
59,11,21,0,1,3,12,0,0,4.454866253471542,0,0,0,0,0,11,0.0,7,1.0,0
43,10,5,0,1,3,10,0,0,4.443365626644181,1,0,0,0,0,9,0.0,6,1.0,0
22,10,5,0,1,0,5,0,0,3.8453509366224354,0,0,0,0,0,4,0.0,6,1.0,0
36,11,18,0,1,0,6,0,0,3.898412848364052,0,0,0,0,0,5,0.0,9,1.0,0
49,35,7,0,1,0,8,0,4,4.3386011703809055,0,0,0,0,0,7,0.5714285714285714,8,1.0,1
60,13,7,2,3,11,13,1,1,4.396413754900555,0,1,1,1,0,11,0.09090909090909091,9,1.0,1
87,35,8,0,1,1,15,0,3,4.328829344084978,1,1,1,1,0,13,0.3076923076923077,9,0.9230769230769231,1
50,9,14,0,1,3,11,0,0,4.279079570624174,0,0,0,0,0,10,0.0,7,1.0,0
57,15,5,2,3,13,13,1,0,4.4471037501564,0,1,1,1,0,11,0.0,8,1.0,1
44,9,8,0,1,3,10,0,0,4.427975300790611,0,0,0,0,0,9,0.0,7,1.0,0
38,10,0,0,1,3,9,0,0,4.576617644908667,1,0,0,0,0,8,0.0,6,1.0,0
52,37,8,2,3,0,9,0,3,4.359120372720814,0,0,0,0,0,8,0.375,8,1.0,1
28,7,13,0,1,0,6,0,1,3.824862957617357,1,0,0,0,0,5,0.0,7,1.0,0
79,31,8,0,1,1,15,0,3,4.217052125641284,0,1,1,1,0,13,0.3076923076923077,7,0.8461538461538461,1
35,9,18,0,1,0,6,0,0,3.8185886460613307,1,0,0,0,0,5,0.0,9,1.0,0
56,14,17,0,1,3,10,0,1,4.440759832540091,1,0,0,0,0,9,0.0,10,1.0,0
32,20,5,0,1,2,7,0,2,4.077819531114783,0,0,0,0,0,6,0.3333333333333333,5,1.0,1
83,34,7,0,1,1,15,0,4,4.395725011064814,0,1,1,1,0,13,0.3076923076923077,9,0.9230769230769231,1
37,13,16,0,1,0,6,0,1,3.881901595932633,1,0,0,0,0,5,0.0,9,1.0,0
57,13,20,0,1,2,11,0,0,4.473522585123266,1,0,0,0,0,10,0.0,9,1.0,0
71,25,5,0,1,3,14,0,2,4.306788587868,0,1,1,1,0,12,0.16666666666666666,8,0.8333333333333334,1
35,10,0,0,1,3,8,0,0,4.3001530166977115,1,0,0,0,0,7,0.0,6,1.0,0
40,13,0,0,1,3,9,0,0,4.477567157116929,0,0,0,0,0,8,0.0,9,1.0,0
39,25,7,0,1,2,7,0,3,4.477459270033352,0,0,0,0,0,6,0.5,8,1.0,1
63,11,27,0,1,3,11,0,0,4.437697090806409,1,0,0,0,0,10,0.0,9,1.0,0
27,11,8,0,1,0,5,0,0,3.8282375018429553,1,0,0,0,0,4,0.0,7,1.0,0
31,13,10,0,1,0,6,0,0,4.0022680844408445,1,0,0,0,0,5,0.0,9,1.0,0
52,10,15,0,1,3,11,0,0,4.493614958484103,0,0,0,0,0,10,0.0,9,1.0,0
73,24,8,0,1,3,14,0,2,4.345336782343347,0,1,1,1,0,12,0.25,8,0.75,1
55,15,7,2,3,13,13,1,1,4.263285494083192,0,1,1,1,0,11,0.09090909090909091,6,1.0,1
46,9,9,0,1,3,10,0,0,4.482816239080333,1,0,0,0,0,9,0.0,8,0.8888888888888888,0
89,40,7,2,3,1,16,0,5,4.458844330303066,0,1,1,1,0,14,0.35714285714285715,9,0.9285714285714286,1
55,13,7,2,3,11,13,1,1,4.341430955405387,0,1,1,1,0,11,0.09090909090909091,6,1.0,1
48,34,7,0,1,0,8,0,4,4.233007230104884,0,0,0,0,0,7,0.5714285714285714,7,1.0,1
51,14,5,2,3,12,13,1,0,4.336563099562337,0,1,1,1,0,11,0.0,6,1.0,1
41,11,5,0,1,3,9,0,0,4.436224260451807,1,0,0,0,0,8,0.0,7,1.0,0
38,7,23,0,1,0,7,0,1,3.9354458560507632,1,0,0,0,0,6,0.0,9,1.0,0
47,32,8,0,1,0,8,0,4,4.291097830714783,0,0,0,0,0,7,0.5714285714285714,7,1.0,1
54,11,18,0,1,3,10,0,0,4.456017770914994,1,0,0,0,0,9,0.0,9,1.0,0
54,10,16,0,1,3,11,0,1,4.386844854368521,1,0,0,0,0,10,0.0,7,1.0,0
56,40,8,2,3,0,9,0,3,4.3915654128586,1,0,0,0,0,8,0.375,8,1.0,1
77,31,8,0,1,1,15,0,3,4.35543877764231,0,1,1,1,0,13,0.23076923076923078,7,0.9230769230769231,1
87,33,7,0,1,1,15,0,4,4.3829788858956835,1,1,1,1,0,13,0.38461538461538464,9,0.9230769230769231,1
33,10,16,0,1,0,6,0,0,3.6542637259970228,0,0,0,0,0,5,0.0,7,1.0,0
86,39,7,2,3,1,16,0,4,4.513394208979611,0,1,1,1,0,14,0.2857142857142857,8,0.9285714285714286,1
56,12,5,2,3,10,13,1,0,4.5300918449890695,0,1,1,1,0,11,0.0,8,1.0,1
74,29,8,0,1,3,14,0,2,4.534527696416557,1,1,1,1,0,12,0.16666666666666666,7,1.0,1
85,34,7,0,1,1,15,0,3,4.264224786607415,0,1,1,1,0,13,0.23076923076923078,8,0.9230769230769231,1
75,23,7,0,1,3,14,0,3,4.582972162357445,0,1,1,1,0,12,0.3333333333333333,9,0.8333333333333334,1
36,11,17,0,1,0,6,0,0,3.974937501201926,1,0,0,0,0,5,0.0,8,1.0,0
35,10,0,0,1,3,8,0,0,4.25057194545458,1,0,0,0,0,7,0.0,6,1.0,0
34,10,16,0,1,0,6,0,0,3.6312929881819005,1,0,0,0,0,5,0.0,7,1.0,0
91,37,8,2,3,1,16,0,4,4.451050038849685,1,1,1,1,0,14,0.2857142857142857,8,1.0,1
46,10,8,0,1,3,10,0,1,4.51205489055743,1,0,0,0,0,9,0.0,7,1.0,0
47,9,13,0,1,3,10,0,0,4.237224022722453,1,0,0,0,0,9,0.0,7,1.0,0
41,29,5,0,1,2,7,0,2,4.0251327245427015,0,0,0,0,0,6,0.3333333333333333,7,1.0,1
37,9,21,0,1,0,7,0,0,3.976760379833361,0,0,0,0,0,6,0.0,7,0.8333333333333334,0
42,30,5,0,1,2,7,0,2,4.005678590456677,0,0,0,0,0,6,0.3333333333333333,8,1.0,1
80,25,8,0,1,3,14,0,3,4.421298495576894,1,1,1,1,0,12,0.25,8,1.0,1
33,7,18,0,1,0,6,0,1,3.9683403313485464,1,0,0,0,0,5,0.0,9,1.0,0
41,13,0,0,1,3,9,0,0,4.436224260451807,1,0,0,0,0,8,0.0,9,1.0,0
37,10,0,0,1,3,9,0,0,4.357837824971466,0,0,0,0,0,8,0.0,6,1.0,0
28,10,10,0,1,0,6,0,0,3.824862957617356,1,0,0,0,0,5,0.0,6,1.0,0
38,10,0,0,1,3,9,0,0,4.378991986900062,1,0,0,0,0,8,0.0,6,1.0,0
41,13,0,0,1,3,9,0,0,4.436224260451807,1,0,0,0,0,8,0.0,9,1.0,0
34,10,16,0,1,0,6,0,0,3.8299661500102378,1,0,0,0,0,5,0.0,7,1.0,0
30,9,14,0,1,0,6,0,0,3.619250912838829,0,0,0,0,0,5,0.0,7,1.0,0
30,10,13,0,1,0,6,0,0,3.8150610122030697,0,0,0,0,0,5,0.0,7,1.0,0
81,31,8,0,1,1,15,0,4,4.440485058607003,1,1,1,1,0,13,0.3076923076923077,9,1.0,1
53,11,14,0,1,3,11,0,0,4.576608190248975,1,0,0,0,0,10,0.0,8,1.0,0
34,10,16,0,1,0,6,0,1,3.8192447389337585,1,0,0,0,0,5,0.0,7,1.0,0
73,23,8,0,1,3,14,0,2,4.305356846257484,0,1,1,1,0,12,0.25,7,0.8333333333333334,1
61,13,8,2,3,11,13,1,0,4.55825380381239,0,1,1,1,0,11,0.0,9,1.0,1
42,9,25,0,1,0,7,0,1,3.996384316038506,1,0,0,0,0,6,0.0,8,1.0,0
40,10,22,0,1,0,7,0,0,3.7725738836114346,1,0,0,0,0,6,0.0,8,1.0,0
44,11,8,0,1,3,9,0,0,4.390805482076982,1,0,0,0,0,8,0.0,7,1.0,0
51,10,14,0,1,3,11,0,1,4.371160087528354,0,0,0,0,0,10,0.0,7,1.0,0
77,30,8,0,1,1,15,0,4,4.431352024489551,0,1,1,1,0,13,0.3076923076923077,7,0.9230769230769231,1
92,37,7,2,3,1,16,0,4,4.50737316460796,1,1,1,1,0,14,0.2857142857142857,9,0.9285714285714286,1
28,10,10,0,1,0,6,0,0,3.994680368408909,1,0,0,0,0,5,0.0,6,1.0,0
39,9,22,0,1,0,7,0,0,3.570767208521816,1,0,0,0,0,6,0.0,7,0.8333333333333334,0
38,10,0,0,1,3,9,0,0,4.5041206053780485,1,0,0,0,0,8,0.0,6,1.0,0
47,12,8,0,1,2,10,0,0,4.493433469104719,1,0,0,0,0,9,0.0,8,1.0,0
53,10,16,0,1,3,11,0,1,4.388416332682237,0,0,0,0,0,10,0.0,7,1.0,0
85,32,8,0,1,1,15,0,3,4.498390341826452,0,1,1,1,0,13,0.23076923076923078,8,0.9230769230769231,1
46,10,8,0,1,3,10,0,0,4.370963042825406,1,0,0,0,0,9,0.0,7,1.0,0
46,13,8,0,1,3,9,0,0,4.433584445460976,1,0,0,0,0,8,0.0,9,1.0,0
52,37,8,2,3,0,9,0,3,4.004035883361003,0,0,0,0,0,8,0.5,8,0.875,1
30,9,13,0,1,0,6,0,1,3.8980685120588383,1,0,0,0,0,5,0.0,7,1.0,0
83,32,7,0,1,3,14,0,2,4.424312774538062,0,1,1,1,0,12,0.16666666666666666,9,0.9166666666666666,1
56,14,5,2,3,12,13,1,0,4.444315281178896,0,1,1,1,0,11,0.0,8,1.0,1
39,11,0,0,1,3,9,0,0,4.560667282798391,1,0,0,0,0,8,0.0,7,1.0,0
38,10,0,0,1,3,9,0,0,4.431623565847432,1,0,0,0,0,8,0.0,6,1.0,0
26,10,8,0,1,0,5,0,0,3.6902603909683838,1,0,0,0,0,4,0.0,7,1.0,0
31,13,10,0,1,0,6,0,0,4.0022680844408445,1,0,0,0,0,5,0.0,9,1.0,0
34,10,16,0,1,0,6,0,0,3.6901165175936654,1,0,0,0,0,5,0.0,7,0.8,0
80,30,7,0,1,1,15,0,5,4.487711071622611,0,1,1,1,0,13,0.38461538461538464,9,0.9230769230769231,1
44,14,5,0,1,3,9,0,0,4.40796201621706,1,0,0,0,0,8,0.0,10,1.0,0
53,38,7,2,3,0,9,0,3,4.083855777020421,1,0,0,0,0,8,0.5,7,0.875,1
44,9,8,0,1,3,10,0,0,4.425118550357138,0,0,0,0,0,9,0.0,7,1.0,0
39,11,0,0,1,3,9,0,0,4.50938523151634,1,0,0,0,0,8,0.0,7,1.0,0
25,13,5,0,1,0,5,0,0,3.9434651896016457,0,0,0,0,0,4,0.0,9,1.0,0
29,10,11,0,1,0,6,0,0,3.715932185515029,1,0,0,0,0,5,0.0,6,1.0,0
55,13,8,2,3,11,13,1,0,4.303695106348783,0,1,1,1,0,11,0.0,7,1.0,1
86,34,7,2,3,1,16,0,4,4.527028102166833,1,1,1,1,0,14,0.2857142857142857,8,1.0,1
80,26,7,0,1,3,14,0,3,4.405818564405886,0,1,1,1,0,12,0.3333333333333333,8,0.8333333333333334,1
30,9,13,0,1,0,6,0,0,3.672905595320056,1,0,0,0,0,5,0.0,7,1.0,0
33,11,14,0,1,0,6,0,0,3.942438726128142,1,0,0,0,0,5,0.0,7,1.0,0
46,31,7,0,1,0,8,0,4,4.32173124920605,1,0,0,0,0,7,0.5714285714285714,6,1.0,1
58,13,7,2,3,11,13,1,1,4.412016252639432,0,1,1,1,0,11,0.09090909090909091,9,1.0,1
80,33,5,0,1,1,15,0,4,4.411207759123766,0,1,1,1,0,13,0.3076923076923077,8,0.9230769230769231,1
76,26,7,0,1,3,14,0,3,4.526973724223304,0,1,1,1,0,12,0.3333333333333333,8,0.8333333333333334,1
18,10,0,0,1,0,4,0,0,3.6835423624332306,1,0,0,0,0,3,0.0,6,1.0,0
53,10,15,0,1,3,11,0,0,4.491886963915521,1,0,0,0,0,10,0.0,9,1.0,0
55,13,7,2,3,11,13,1,1,4.4546385025751984,0,1,1,1,0,11,0.09090909090909091,6,1.0,1
25,12,5,0,1,0,5,0,0,3.893660689688185,1,0,0,0,0,4,0.0,8,1.0,0
77,25,8,0,1,3,14,0,3,4.434880857909424,0,1,1,1,0,12,0.3333333333333333,9,0.8333333333333334,1
55,12,18,0,1,3,11,0,1,4.483937051046635,1,0,0,0,0,10,0.0,8,1.0,0
78,29,8,0,1,3,14,0,4,4.392232533483076,0,1,1,1,0,12,0.3333333333333333,8,0.9166666666666666,1
28,10,10,0,1,0,6,0,0,3.7534343861887853,1,0,0,0,0,5,0.0,6,0.8,0
43,10,5,0,1,3,10,0,0,4.489877254551158,1,0,0,0,0,9,0.0,6,1.0,0
45,10,8,0,1,3,10,0,0,4.2968655960892885,0,0,0,0,0,9,0.0,7,1.0,0
52,12,13,0,1,2,11,0,1,4.497952698660693,1,0,0,0,0,10,0.0,8,1.0,0
45,12,5,0,1,3,10,0,0,4.489199419023813,1,0,0,0,0,9,0.0,8,1.0,0
55,12,8,2,3,10,13,1,1,4.416113144462624,0,1,1,1,0,11,0.09090909090909091,7,1.0,1
42,26,8,0,1,2,7,0,3,4.3680424225727155,1,0,0,0,0,6,0.5,7,1.0,1
49,13,8,0,1,3,10,0,1,4.476456017363834,1,0,0,0,0,9,0.0,9,1.0,0
34,10,0,0,1,3,8,0,0,4.175123135113461,0,0,0,0,0,7,0.0,6,1.0,0
85,38,7,2,3,1,16,0,4,4.456263757055583,1,1,1,1,0,14,0.2857142857142857,7,1.0,1
45,9,10,0,1,2,10,0,0,4.413423651596767,0,0,0,0,0,9,0.0,9,1.0,0
40,10,5,0,1,3,9,0,0,4.315311532225102,1,0,0,0,0,8,0.0,6,1.0,0
47,32,7,0,1,0,8,0,2,4.27503639449854,1,0,0,0,0,7,0.42857142857142855,7,0.8571428571428571,1
73,24,8,0,1,3,14,0,3,4.592770535786592,0,1,1,1,0,12,0.25,8,0.9166666666666666,1
52,11,13,0,1,3,11,0,0,4.373140679513132,1,0,0,0,0,10,0.0,7,1.0,0
23,10,5,0,1,0,5,0,0,3.9361804341297555,1,0,0,0,0,4,0.0,6,1.0,0
73,23,7,0,1,3,14,0,3,4.600264465020951,0,1,1,1,0,12,0.3333333333333333,7,0.8333333333333334,1
60,14,7,2,3,12,13,1,1,4.321163272545379,0,1,1,1,0,11,0.09090909090909091,8,1.0,1
36,29,0,0,1,0,7,0,2,4.350209029099896,0,0,0,0,0,6,0.3333333333333333,7,1.0,1
40,10,5,0,1,3,9,0,0,4.277567157116929,1,0,0,0,0,8,0.0,6,1.0,0
50,11,14,0,1,3,10,0,0,4.456174630069641,1,0,0,0,0,9,0.0,7,1.0,0
43,13,5,0,1,3,9,0,0,4.344187428818823,1,0,0,0,0,8,0.0,9,1.0,0
58,13,18,0,1,3,12,0,0,4.463259391858934,0,0,0,0,0,11,0.0,9,1.0,0
56,14,8,2,3,12,13,1,0,4.5191642437708675,0,1,1,1,0,11,0.0,8,1.0,1
55,12,7,2,3,10,13,1,1,4.329072049140224,0,1,1,1,0,11,0.09090909090909091,9,1.0,1
43,31,5,0,1,0,8,0,3,4.175696440497044,0,0,0,0,0,7,0.42857142857142855,7,1.0,1
52,36,8,0,1,0,8,0,3,4.113029382679855,1,0,0,0,0,7,0.42857142857142855,9,1.0,1
43,10,25,0,1,0,7,0,0,3.952216429463629,1,0,0,0,0,6,0.0,8,1.0,0
80,38,5,2,3,1,16,0,3,4.436965481622181,0,1,1,1,0,14,0.21428571428571427,8,0.7857142857142857,1
31,11,13,0,1,0,6,0,0,3.9134007456613777,0,0,0,0,0,5,0.0,7,1.0,0
54,39,8,2,3,0,9,0,4,4.272681946287399,0,0,0,0,0,8,0.5,7,1.0,1
68,23,8,0,1,3,14,0,2,4.4828994219954,1,1,1,1,0,12,0.16666666666666666,7,1.0,1
34,10,16,0,1,0,6,0,0,3.617634357396307,1,0,0,0,0,5,0.0,7,0.8,0
82,32,8,0,1,1,15,0,5,4.412326145256007,0,1,1,1,0,13,0.38461538461538464,8,0.9230769230769231,1
81,32,7,0,1,1,15,0,4,4.393564020861585,0,1,1,1,0,13,0.38461538461538464,9,0.8461538461538461,1
69,22,5,0,1,3,14,0,2,4.354622168063765,0,1,1,1,0,12,0.16666666666666666,9,0.9166666666666666,1
97,41,8,2,3,1,16,0,3,4.386557093756184,1,1,1,1,0,14,0.21428571428571427,9,0.8571428571428571,1
87,37,8,2,3,1,16,0,3,4.461568730812546,1,1,1,1,0,14,0.21428571428571427,7,1.0,1
51,12,7,2,3,10,13,1,1,4.586862334388672,0,1,1,1,0,11,0.09090909090909091,6,1.0,1
45,10,8,0,1,3,10,0,1,4.455648863372104,0,0,0,0,0,9,0.0,7,1.0,0
34,11,16,0,1,0,6,0,0,3.7238002537032724,0,0,0,0,0,5,0.0,7,0.8,0
60,14,8,2,3,12,13,1,1,4.409429056661994,0,1,1,1,0,11,0.09090909090909091,8,0.9090909090909091,1
81,35,7,0,1,1,15,0,4,4.549750051591172,0,1,1,1,0,13,0.3076923076923077,8,0.8461538461538461,1
39,10,21,0,1,0,7,0,0,3.779528989293003,1,0,0,0,0,6,0.0,7,1.0,0
84,36,5,2,3,1,16,0,3,4.471668358868872,0,1,1,1,0,14,0.21428571428571427,9,0.9285714285714286,1
46,10,8,0,1,3,10,0,0,4.449995043334097,1,0,0,0,0,9,0.0,7,1.0,0
41,13,0,0,1,3,9,0,0,4.38744377264693,1,0,0,0,0,8,0.0,9,1.0,0
52,12,5,2,3,10,13,1,0,4.351272380112911,0,1,1,1,0,11,0.0,6,1.0,1
39,12,0,0,1,2,9,0,0,4.445533308550364,1,0,0,0,0,8,0.0,8,1.0,0
33,11,14,0,1,0,6,0,0,4.043801694853791,1,0,0,0,0,5,0.0,8,1.0,0
43,29,7,0,1,2,7,0,3,4.202330092304639,0,0,0,0,0,6,0.5,7,1.0,1
57,14,5,2,3,12,13,1,0,4.4308019873884055,0,1,1,1,0,11,0.0,9,1.0,1
43,9,26,0,1,0,7,0,0,3.943739034658971,1,0,0,0,0,6,0.0,9,1.0,0
34,14,13,0,1,0,6,0,0,4.035273502696889,0,0,0,0,0,5,0.0,10,1.0,0
88,35,7,0,1,1,15,0,3,4.34167878496739,0,1,1,1,0,13,0.38461538461538464,9,0.6923076923076923,1
35,10,0,0,1,1,9,0,0,4.229003731107052,0,0,0,0,0,8,0.0,6,1.0,0
78,32,5,0,1,1,15,0,3,4.486002147089188,0,1,1,1,0,13,0.23076923076923078,7,0.8461538461538461,1
53,38,8,0,1,0,8,0,3,4.187378181134056,0,0,0,0,0,7,0.42857142857142855,8,1.0,1
55,13,8,2,3,11,13,1,0,4.452754248422181,0,1,1,1,0,11,0.0,8,1.0,1
53,13,8,2,3,11,13,1,1,4.442443852693056,0,1,1,1,0,11,0.09090909090909091,7,1.0,1
54,13,8,2,3,11,13,1,1,4.2343083535732555,0,1,1,1,0,11,0.09090909090909091,7,1.0,1
62,10,24,0,1,3,12,0,1,4.325265367488634,1,0,0,0,0,11,0.0,7,0.9090909090909091,0
87,36,7,2,3,1,16,0,4,4.423012231529992,1,1,1,1,0,14,0.35714285714285715,7,0.9285714285714286,1
